ISO-10303-21;
HEADER;
/* Generated by software containing ST-Developer
 * from STEP Tools, Inc. (www.steptools.com) 
 */
/* OPTION: using custom renumber hook */

FILE_DESCRIPTION(
/* description */ ('STEP AP242 Edition 2',
'CAx-IF Rec.Pracs.---Representation and Presentation of Product Manufa
cturing Information (PMI)---4.0---2014-10-13',
'CAx-IF Rec.Pracs.---3D Tessellated Geometry---0.4---2014-09-14','2;1',
'CAx-IF Rec.Pracs.---User Defined Attributes---1.5---2016-08-15'),
/* implementation_level */ '2;1');

FILE_NAME(
/* name */ 'Part Studio 1 - LeftWristCameraMountFull',
/* time_stamp */ '2026-09-12T22:32:20Z',
/* author */ (''),
/* organization */ (''),
/* preprocessor_version */ 'ST-DEVELOPER v20',
/* originating_system */ 'ONSHAPE BY PTC INC, 1.220',
/* authorisation */ '  ');

FILE_SCHEMA (('AP242_MANAGED_MODEL_BASED_3D_ENGINEERING_MIM_LF { 1 0 10303 442 3 1 4 }'));
ENDSEC;

DATA;
#10=SHAPE_REPRESENTATION_RELATIONSHIP('','',#3041,#11);
#11=ADVANCED_BREP_SHAPE_REPRESENTATION('',(#3039),#9068);
#12=SPHERICAL_SURFACE('',#3142,0.001);
#13=SPHERICAL_SURFACE('',#3150,0.001);
#14=SPHERICAL_SURFACE('',#3154,0.001);
#15=SPHERICAL_SURFACE('',#3157,0.001);
#16=SPHERICAL_SURFACE('',#3168,0.001);
#17=SPHERICAL_SURFACE('',#3178,0.001);
#18=SPHERICAL_SURFACE('',#3185,0.001);
#19=SPHERICAL_SURFACE('',#3188,0.001);
#20=SPHERICAL_SURFACE('',#3208,0.001);
#21=SPHERICAL_SURFACE('',#3209,0.001);
#22=SPHERICAL_SURFACE('',#3212,0.001);
#23=SPHERICAL_SURFACE('',#3315,0.001);
#24=SPHERICAL_SURFACE('',#3320,0.001);
#25=SPHERICAL_SURFACE('',#3337,0.001);
#26=SPHERICAL_SURFACE('',#3347,0.001);
#27=SPHERICAL_SURFACE('',#3348,0.001);
#28=SPHERICAL_SURFACE('',#3356,0.001);
#29=TOROIDAL_SURFACE('',#3075,0.0325,0.001);
#30=TOROIDAL_SURFACE('',#3077,0.0325,0.001);
#31=TOROIDAL_SURFACE('',#3127,0.0325,0.001);
#32=TOROIDAL_SURFACE('',#3152,0.0325,0.001);
#33=TOROIDAL_SURFACE('',#3156,0.0265,0.001);
#34=TOROIDAL_SURFACE('',#3162,0.0265,0.001);
#35=TOROIDAL_SURFACE('',#3170,0.0265,0.001);
#36=TOROIDAL_SURFACE('',#3180,0.0265,0.001);
#37=TOROIDAL_SURFACE('',#3181,0.00275,0.001);
#38=TOROIDAL_SURFACE('',#3182,0.00275,0.001);
#39=TOROIDAL_SURFACE('',#3183,0.0325,0.001);
#40=TOROIDAL_SURFACE('',#3186,0.0325,0.001);
#41=TOROIDAL_SURFACE('',#3318,0.0085,0.001);
#42=TOROIDAL_SURFACE('',#3326,0.0085,0.001);
#43=TOROIDAL_SURFACE('',#3327,0.00225,0.001);
#44=TOROIDAL_SURFACE('',#3328,0.00225,0.001);
#45=TOROIDAL_SURFACE('',#3329,0.00225,0.001);
#46=TOROIDAL_SURFACE('',#3330,0.00225,0.001);
#47=TOROIDAL_SURFACE('',#3331,0.00225,0.001);
#48=TOROIDAL_SURFACE('',#3332,0.00225,0.001);
#49=TOROIDAL_SURFACE('',#3333,0.00225,0.001);
#50=TOROIDAL_SURFACE('',#3334,0.00225,0.001);
#51=TOROIDAL_SURFACE('',#3335,0.0026,0.001);
#52=TOROIDAL_SURFACE('',#3336,0.0026,0.001);
#53=TOROIDAL_SURFACE('',#3340,0.00200000000000003,0.001);
#54=TOROIDAL_SURFACE('',#3344,0.00200000000000003,0.001);
#55=TOROIDAL_SURFACE('',#3350,0.0085,0.001);
#56=TOROIDAL_SURFACE('',#3354,0.0085,0.001);
#57=CYLINDRICAL_SURFACE('',#3047,0.0223684594203188);
#58=CYLINDRICAL_SURFACE('',#3048,0.000501662823443587);
#59=CYLINDRICAL_SURFACE('',#3049,0.00175);
#60=CYLINDRICAL_SURFACE('',#3051,0.00175);
#61=CYLINDRICAL_SURFACE('',#3053,0.0335);
#62=CYLINDRICAL_SURFACE('',#3062,0.00175);
#63=CYLINDRICAL_SURFACE('',#3064,0.00175);
#64=CYLINDRICAL_SURFACE('',#3066,0.0255);
#65=CYLINDRICAL_SURFACE('',#3073,0.0335);
#66=CYLINDRICAL_SURFACE('',#3084,0.00175);
#67=CYLINDRICAL_SURFACE('',#3086,0.00175);
#68=CYLINDRICAL_SURFACE('',#3099,0.00175);
#69=CYLINDRICAL_SURFACE('',#3102,0.00175);
#70=CYLINDRICAL_SURFACE('',#3129,0.0128031071553893);
#71=CYLINDRICAL_SURFACE('',#3132,0.0660683310086736);
#72=CYLINDRICAL_SURFACE('',#3133,0.0378844050473673);
#73=CYLINDRICAL_SURFACE('',#3134,0.0120350695950021);
#74=CYLINDRICAL_SURFACE('',#3135,0.00736246877461669);
#75=CYLINDRICAL_SURFACE('',#3136,0.001);
#76=CYLINDRICAL_SURFACE('',#3139,0.001);
#77=CYLINDRICAL_SURFACE('',#3145,0.001);
#78=CYLINDRICAL_SURFACE('',#3147,0.001);
#79=CYLINDRICAL_SURFACE('',#3160,0.001);
#80=CYLINDRICAL_SURFACE('',#3164,0.001);
#81=CYLINDRICAL_SURFACE('',#3166,0.001);
#82=CYLINDRICAL_SURFACE('',#3171,0.001);
#83=CYLINDRICAL_SURFACE('',#3174,0.001);
#84=CYLINDRICAL_SURFACE('',#3176,0.001);
#85=CYLINDRICAL_SURFACE('',#3189,0.0029);
#86=CYLINDRICAL_SURFACE('',#3192,0.0029);
#87=CYLINDRICAL_SURFACE('',#3195,0.0029);
#88=CYLINDRICAL_SURFACE('',#3198,0.0029);
#89=CYLINDRICAL_SURFACE('',#3201,0.001);
#90=CYLINDRICAL_SURFACE('',#3205,0.001);
#91=CYLINDRICAL_SURFACE('',#3210,0.001);
#92=CYLINDRICAL_SURFACE('',#3215,0.001);
#93=CYLINDRICAL_SURFACE('',#3216,0.001);
#94=CYLINDRICAL_SURFACE('',#3218,0.001);
#95=CYLINDRICAL_SURFACE('',#3220,0.001);
#96=CYLINDRICAL_SURFACE('',#3222,0.001);
#97=CYLINDRICAL_SURFACE('',#3243,0.00100000000000003);
#98=CYLINDRICAL_SURFACE('',#3246,0.00100000000000002);
#99=CYLINDRICAL_SURFACE('',#3249,0.0095);
#100=CYLINDRICAL_SURFACE('',#3253,0.0095);
#101=CYLINDRICAL_SURFACE('',#3256,0.00125);
#102=CYLINDRICAL_SURFACE('',#3258,0.00125);
#103=CYLINDRICAL_SURFACE('',#3260,0.0016);
#104=CYLINDRICAL_SURFACE('',#3262,0.0016);
#105=CYLINDRICAL_SURFACE('',#3264,0.00125);
#106=CYLINDRICAL_SURFACE('',#3266,0.00125);
#107=CYLINDRICAL_SURFACE('',#3269,0.00125);
#108=CYLINDRICAL_SURFACE('',#3271,0.00125);
#109=CYLINDRICAL_SURFACE('',#3273,0.00125);
#110=CYLINDRICAL_SURFACE('',#3275,0.00125);
#111=CYLINDRICAL_SURFACE('',#3293,0.007);
#112=CYLINDRICAL_SURFACE('',#3296,0.007);
#113=CYLINDRICAL_SURFACE('',#3299,0.007);
#114=CYLINDRICAL_SURFACE('',#3302,0.007);
#115=CYLINDRICAL_SURFACE('',#3308,0.001);
#116=CYLINDRICAL_SURFACE('',#3309,0.001);
#117=CYLINDRICAL_SURFACE('',#3312,0.001);
#118=CYLINDRICAL_SURFACE('',#3316,0.001);
#119=CYLINDRICAL_SURFACE('',#3322,0.001);
#120=CYLINDRICAL_SURFACE('',#3324,0.001);
#121=CYLINDRICAL_SURFACE('',#3338,0.001);
#122=CYLINDRICAL_SURFACE('',#3342,0.001);
#123=CYLINDRICAL_SURFACE('',#3346,0.001);
#124=CYLINDRICAL_SURFACE('',#3349,0.001);
#125=CYLINDRICAL_SURFACE('',#3352,0.001);
#126=CYLINDRICAL_SURFACE('',#3355,0.001);
#127=ELLIPSE('',#3046,0.00116680820337897,0.001);
#128=ELLIPSE('',#3072,0.0257688131305041,0.001);
#129=ELLIPSE('',#3131,0.00104672516541178,0.001);
#130=PLANE('',#3045);
#131=PLANE('',#3071);
#132=PLANE('',#3080);
#133=PLANE('',#3088);
#134=PLANE('',#3090);
#135=PLANE('',#3092);
#136=PLANE('',#3095);
#137=PLANE('',#3105);
#138=PLANE('',#3106);
#139=PLANE('',#3107);
#140=PLANE('',#3108);
#141=PLANE('',#3109);
#142=PLANE('',#3110);
#143=PLANE('',#3111);
#144=PLANE('',#3112);
#145=PLANE('',#3113);
#146=PLANE('',#3114);
#147=PLANE('',#3115);
#148=PLANE('',#3116);
#149=PLANE('',#3117);
#150=PLANE('',#3119);
#151=PLANE('',#3122);
#152=PLANE('',#3130);
#153=PLANE('',#3191);
#154=PLANE('',#3194);
#155=PLANE('',#3197);
#156=PLANE('',#3200);
#157=PLANE('',#3204);
#158=PLANE('',#3224);
#159=PLANE('',#3225);
#160=PLANE('',#3226);
#161=PLANE('',#3245);
#162=PLANE('',#3248);
#163=PLANE('',#3252);
#164=PLANE('',#3268);
#165=PLANE('',#3277);
#166=PLANE('',#3292);
#167=PLANE('',#3295);
#168=PLANE('',#3298);
#169=PLANE('',#3301);
#170=PLANE('',#3304);
#171=PLANE('',#3307);
#172=LINE('',#4243,#310);
#173=LINE('',#4253,#311);
#174=LINE('',#4284,#312);
#175=LINE('',#4292,#313);
#176=LINE('',#4379,#314);
#177=LINE('',#4386,#315);
#178=LINE('',#4388,#316);
#179=LINE('',#4390,#317);
#180=LINE('',#4577,#318);
#181=LINE('',#4581,#319);
#182=LINE('',#4597,#320);
#183=LINE('',#4602,#321);
#184=LINE('',#4657,#322);
#185=LINE('',#4662,#323);
#186=LINE('',#4708,#324);
#187=LINE('',#4712,#325);
#188=LINE('',#4715,#326);
#189=LINE('',#4719,#327);
#190=LINE('',#4787,#328);
#191=LINE('',#4808,#329);
#192=LINE('',#4814,#330);
#193=LINE('',#4838,#331);
#194=LINE('',#4845,#332);
#195=LINE('',#4857,#333);
#196=LINE('',#4860,#334);
#197=LINE('',#4862,#335);
#198=LINE('',#4864,#336);
#199=LINE('',#4868,#337);
#200=LINE('',#4871,#338);
#201=LINE('',#4873,#339);
#202=LINE('',#4875,#340);
#203=LINE('',#4877,#341);
#204=LINE('',#4882,#342);
#205=LINE('',#4891,#343);
#206=LINE('',#4895,#344);
#207=LINE('',#4907,#345);
#208=LINE('',#4909,#346);
#209=LINE('',#4911,#347);
#210=LINE('',#4913,#348);
#211=LINE('',#4915,#349);
#212=LINE('',#4917,#350);
#213=LINE('',#4919,#351);
#214=LINE('',#4921,#352);
#215=LINE('',#4923,#353);
#216=LINE('',#4925,#354);
#217=LINE('',#4927,#355);
#218=LINE('',#4930,#356);
#219=LINE('',#4932,#357);
#220=LINE('',#4934,#358);
#221=LINE('',#4936,#359);
#222=LINE('',#4938,#360);
#223=LINE('',#4940,#361);
#224=LINE('',#4942,#362);
#225=LINE('',#4944,#363);
#226=LINE('',#4946,#364);
#227=LINE('',#4948,#365);
#228=LINE('',#4950,#366);
#229=LINE('',#4953,#367);
#230=LINE('',#4960,#368);
#231=LINE('',#4962,#369);
#232=LINE('',#4966,#370);
#233=LINE('',#4972,#371);
#234=LINE('',#4981,#372);
#235=LINE('',#4985,#373);
#236=LINE('',#5027,#374);
#237=LINE('',#5028,#375);
#238=LINE('',#5044,#376);
#239=LINE('',#5166,#377);
#240=LINE('',#5179,#378);
#241=LINE('',#5317,#379);
#242=LINE('',#5319,#380);
#243=LINE('',#5364,#381);
#244=LINE('',#5615,#382);
#245=LINE('',#5619,#383);
#246=LINE('',#5622,#384);
#247=LINE('',#5624,#385);
#248=LINE('',#5626,#386);
#249=LINE('',#5628,#387);
#250=LINE('',#5630,#388);
#251=LINE('',#5633,#389);
#252=LINE('',#5638,#390);
#253=LINE('',#5642,#391);
#254=LINE('',#5648,#392);
#255=LINE('',#5650,#393);
#256=LINE('',#5654,#394);
#257=LINE('',#5658,#395);
#258=LINE('',#5660,#396);
#259=LINE('',#5662,#397);
#260=LINE('',#5668,#398);
#261=LINE('',#5669,#399);
#262=LINE('',#5671,#400);
#263=LINE('',#5673,#401);
#264=LINE('',#5675,#402);
#265=LINE('',#5677,#403);
#266=LINE('',#5679,#404);
#267=LINE('',#5681,#405);
#268=LINE('',#5703,#406);
#269=LINE('',#5707,#407);
#270=LINE('',#5711,#408);
#271=LINE('',#5715,#409);
#272=LINE('',#5719,#410);
#273=LINE('',#5722,#411);
#274=LINE('',#5728,#412);
#275=LINE('',#5730,#413);
#276=LINE('',#5732,#414);
#277=LINE('',#5736,#415);
#278=LINE('',#5738,#416);
#279=LINE('',#5739,#417);
#280=LINE('',#5741,#418);
#281=LINE('',#5747,#419);
#282=LINE('',#5750,#420);
#283=LINE('',#5751,#421);
#284=LINE('',#5753,#422);
#285=LINE('',#5776,#423);
#286=LINE('',#5777,#424);
#287=LINE('',#5791,#425);
#288=LINE('',#5794,#426);
#289=LINE('',#5797,#427);
#290=LINE('',#5798,#428);
#291=LINE('',#5802,#429);
#292=LINE('',#5806,#430);
#293=LINE('',#5807,#431);
#294=LINE('',#5829,#432);
#295=LINE('',#5830,#433);
#296=LINE('',#5832,#434);
#297=LINE('',#5834,#435);
#298=LINE('',#5836,#436);
#299=LINE('',#5840,#437);
#300=LINE('',#5842,#438);
#301=LINE('',#5844,#439);
#302=LINE('',#5848,#440);
#303=LINE('',#5850,#441);
#304=LINE('',#5852,#442);
#305=LINE('',#5856,#443);
#306=LINE('',#5858,#444);
#307=LINE('',#5862,#445);
#308=LINE('',#5866,#446);
#309=LINE('',#5870,#447);
#310=VECTOR('',#3365,1.);
#311=VECTOR('',#3370,1.);
#312=VECTOR('',#3371,1.);
#313=VECTOR('',#3374,1.);
#314=VECTOR('',#3377,1.);
#315=VECTOR('',#3378,1.);
#316=VECTOR('',#3379,1.);
#317=VECTOR('',#3380,1.);
#318=VECTOR('',#3395,1.);
#319=VECTOR('',#3398,1.);
#320=VECTOR('',#3401,1.);
#321=VECTOR('',#3404,1.);
#322=VECTOR('',#3407,1.);
#323=VECTOR('',#3410,1.);
#324=VECTOR('',#3423,1.);
#325=VECTOR('',#3426,1.);
#326=VECTOR('',#3429,1.);
#327=VECTOR('',#3432,1.);
#328=VECTOR('',#3435,1.);
#329=VECTOR('',#3444,1.);
#330=VECTOR('',#3447,1.);
#331=VECTOR('',#3458,1.);
#332=VECTOR('',#3463,1.);
#333=VECTOR('',#3478,1.);
#334=VECTOR('',#3479,1.);
#335=VECTOR('',#3480,1.);
#336=VECTOR('',#3481,1.);
#337=VECTOR('',#3486,1.);
#338=VECTOR('',#3487,1.);
#339=VECTOR('',#3488,1.);
#340=VECTOR('',#3489,1.);
#341=VECTOR('',#3492,1.);
#342=VECTOR('',#3495,1.);
#343=VECTOR('',#3504,1.);
#344=VECTOR('',#3507,1.);
#345=VECTOR('',#3522,1.);
#346=VECTOR('',#3523,1.);
#347=VECTOR('',#3524,1.);
#348=VECTOR('',#3527,1.);
#349=VECTOR('',#3528,1.);
#350=VECTOR('',#3529,1.);
#351=VECTOR('',#3532,1.);
#352=VECTOR('',#3533,1.);
#353=VECTOR('',#3536,1.);
#354=VECTOR('',#3537,1.);
#355=VECTOR('',#3540,1.);
#356=VECTOR('',#3545,1.);
#357=VECTOR('',#3546,1.);
#358=VECTOR('',#3547,1.);
#359=VECTOR('',#3550,1.);
#360=VECTOR('',#3551,1.);
#361=VECTOR('',#3552,1.);
#362=VECTOR('',#3555,1.);
#363=VECTOR('',#3556,1.);
#364=VECTOR('',#3559,1.);
#365=VECTOR('',#3560,1.);
#366=VECTOR('',#3563,1.);
#367=VECTOR('',#3568,1.);
#368=VECTOR('',#3569,1.);
#369=VECTOR('',#3570,1.);
#370=VECTOR('',#3573,1.);
#371=VECTOR('',#3576,1.);
#372=VECTOR('',#3579,1.);
#373=VECTOR('',#3582,1.);
#374=VECTOR('',#3597,1.);
#375=VECTOR('',#3598,1.);
#376=VECTOR('',#3601,1.);
#377=VECTOR('',#3602,1.);
#378=VECTOR('',#3603,1.);
#379=VECTOR('',#3616,1.);
#380=VECTOR('',#3617,1.);
#381=VECTOR('',#3618,1.);
#382=VECTOR('',#3751,1.);
#383=VECTOR('',#3754,1.);
#384=VECTOR('',#3759,1.);
#385=VECTOR('',#3760,1.);
#386=VECTOR('',#3761,1.);
#387=VECTOR('',#3762,1.);
#388=VECTOR('',#3763,1.);
#389=VECTOR('',#3768,1.);
#390=VECTOR('',#3777,1.);
#391=VECTOR('',#3780,1.);
#392=VECTOR('',#3789,1.);
#393=VECTOR('',#3792,1.);
#394=VECTOR('',#3795,1.);
#395=VECTOR('',#3800,1.);
#396=VECTOR('',#3803,1.);
#397=VECTOR('',#3804,1.);
#398=VECTOR('',#3811,1.);
#399=VECTOR('',#3812,1.);
#400=VECTOR('',#3815,1.);
#401=VECTOR('',#3818,1.);
#402=VECTOR('',#3819,1.);
#403=VECTOR('',#3820,1.);
#404=VECTOR('',#3821,1.);
#405=VECTOR('',#3822,1.);
#406=VECTOR('',#3845,1.);
#407=VECTOR('',#3848,1.);
#408=VECTOR('',#3851,1.);
#409=VECTOR('',#3854,1.);
#410=VECTOR('',#3857,1.);
#411=VECTOR('',#3860,1.);
#412=VECTOR('',#3867,1.);
#413=VECTOR('',#3870,1.);
#414=VECTOR('',#3871,1.);
#415=VECTOR('',#3878,1.);
#416=VECTOR('',#3879,1.);
#417=VECTOR('',#3880,1.);
#418=VECTOR('',#3883,1.);
#419=VECTOR('',#3890,1.);
#420=VECTOR('',#3891,1.);
#421=VECTOR('',#3892,1.);
#422=VECTOR('',#3895,1.);
#423=VECTOR('',#3926,1.);
#424=VECTOR('',#3927,1.);
#425=VECTOR('',#3946,1.);
#426=VECTOR('',#3949,1.);
#427=VECTOR('',#3952,1.);
#428=VECTOR('',#3953,1.);
#429=VECTOR('',#3956,1.);
#430=VECTOR('',#3959,1.);
#431=VECTOR('',#3960,1.);
#432=VECTOR('',#3983,1.);
#433=VECTOR('',#3984,1.);
#434=VECTOR('',#3985,1.);
#435=VECTOR('',#3986,1.);
#436=VECTOR('',#3989,1.);
#437=VECTOR('',#3994,1.);
#438=VECTOR('',#3995,1.);
#439=VECTOR('',#3998,1.);
#440=VECTOR('',#4003,1.);
#441=VECTOR('',#4004,1.);
#442=VECTOR('',#4007,1.);
#443=VECTOR('',#4012,1.);
#444=VECTOR('',#4013,1.);
#445=VECTOR('',#4020,1.);
#446=VECTOR('',#4023,1.);
#447=VECTOR('',#4026,1.);
#448=B_SPLINE_SURFACE_WITH_KNOTS('',3,3,((#4180,#4181,#4182,#4183),(#4184,
#4185,#4186,#4187),(#4188,#4189,#4190,#4191),(#4192,#4193,#4194,#4195)),
 .UNSPECIFIED.,.F.,.F.,.F.,(4,4),(4,4),(0.239995492086781,1.),(0.0254576202540914,
0.990840508875266),.UNSPECIFIED.);
#449=B_SPLINE_SURFACE_WITH_KNOTS('',1,3,((#4228,#4229,#4230,#4231),(#4232,
#4233,#4234,#4235)),.RULED_SURF.,.F.,.F.,.F.,(2,2),(4,4),(0.540746038426793,
1.),(0.0135,0.0145060000000025),.PIECEWISE_BEZIER_KNOTS.);
#450=B_SPLINE_SURFACE_WITH_KNOTS('',1,3,((#4264,#4265,#4266,#4267),(#4268,
#4269,#4270,#4271)),.RULED_SURF.,.F.,.F.,.F.,(2,2),(4,4),(0.,0.426980087888117),
(-0.014506,-0.0135),.PIECEWISE_BEZIER_KNOTS.);
#451=B_SPLINE_SURFACE_WITH_KNOTS('',3,3,((#4314,#4315,#4316,#4317),(#4318,
#4319,#4320,#4321),(#4322,#4323,#4324,#4325),(#4326,#4327,#4328,#4329)),
 .UNSPECIFIED.,.F.,.F.,.F.,(4,4),(4,4),(0.0837426689794238,1.),(0.,0.950792363824187),
 .UNSPECIFIED.);
#452=B_SPLINE_SURFACE_WITH_KNOTS('',3,1,((#4355,#4356),(#4357,#4358),(#4359,
#4360),(#4361,#4362)),.RULED_SURF.,.F.,.F.,.F.,(4,4),(2,2),(0.0301242005859702,
1.),(0.,1.),.PIECEWISE_BEZIER_KNOTS.);
#453=B_SPLINE_SURFACE_WITH_KNOTS('',3,3,((#4391,#4392,#4393,#4394,#4395),
(#4396,#4397,#4398,#4399,#4400),(#4401,#4402,#4403,#4404,#4405),(#4406,
#4407,#4408,#4409,#4410)),.UNSPECIFIED.,.F.,.F.,.F.,(4,4),(4,1,4),(0.0546726659032243,
1.),(0.,0.47336240008039,0.946724800160779),.UNSPECIFIED.);
#454=B_SPLINE_SURFACE_WITH_KNOTS('',1,3,((#4757,#4758,#4759,#4760,#4761,
#4762),(#4763,#4764,#4765,#4766,#4767,#4768)),.RULED_SURF.,.F.,.F.,.F.,
(2,2),(4,2,4),(0.50629438901757,1.),(-0.0269346503352387,-3.46944695195361E-18,
0.0269346503352387),.UNSPECIFIED.);
#455=B_SPLINE_SURFACE_WITH_KNOTS('',1,3,((#5007,#5008,#5009,#5010,#5011,
#5012),(#5013,#5014,#5015,#5016,#5017,#5018)),.RULED_SURF.,.F.,.F.,.F.,
(2,2),(4,2,4),(0.,1.),(-0.024791220688707,3.46944695195361E-18,0.024791220688707),
 .UNSPECIFIED.);
#456=B_SPLINE_SURFACE_WITH_KNOTS('',3,1,((#5045,#5046,#5047),(#5048,#5049,
#5050),(#5051,#5052,#5053),(#5054,#5055,#5056),(#5057,#5058,#5059),(#5060,
#5061,#5062),(#5063,#5064,#5065),(#5066,#5067,#5068),(#5069,#5070,#5071),
(#5072,#5073,#5074)),.RULED_SURF.,.F.,.F.,.F.,(4,2,2,2,4),(2,1,2),(0.,0.25,
0.5,0.75,1.),(-0.01,0.,1.),.UNSPECIFIED.);
#457=B_SPLINE_SURFACE_WITH_KNOTS('',3,3,((#5095,#5096,#5097,#5098),(#5099,
#5100,#5101,#5102),(#5103,#5104,#5105,#5106),(#5107,#5108,#5109,#5110)),
 .UNSPECIFIED.,.F.,.F.,.F.,(4,4),(4,4),(0.325014368660843,1.),(0.,0.979096867811811),
 .UNSPECIFIED.);
#458=B_SPLINE_SURFACE_WITH_KNOTS('',1,3,((#5135,#5136,#5137,#5138,#5139,
#5140),(#5141,#5142,#5143,#5144,#5145,#5146)),.RULED_SURF.,.F.,.F.,.F.,
(2,2),(4,2,4),(0.,0.421117857918364),(-0.0272202289440448,0.,0.0271359861216792),
 .UNSPECIFIED.);
#459=B_SPLINE_SURFACE_WITH_KNOTS('',1,3,((#5167,#5168,#5169,#5170,#5171,
#5172),(#5173,#5174,#5175,#5176,#5177,#5178)),.RULED_SURF.,.F.,.F.,.F.,
(2,2),(4,2,4),(0.,1.),(-0.0249105379527622,1.7347234759768E-18,0.0249105379527622),
 .UNSPECIFIED.);
#460=B_SPLINE_SURFACE_WITH_KNOTS('',3,1,((#5184,#5185),(#5186,#5187),(#5188,
#5189),(#5190,#5191),(#5192,#5193),(#5194,#5195),(#5196,#5197),(#5198,#5199),
(#5200,#5201),(#5202,#5203)),.RULED_SURF.,.F.,.F.,.F.,(4,2,2,2,4),(2,2),
(0.,0.25,0.5,0.75,1.),(0.,1.),.UNSPECIFIED.);
#461=B_SPLINE_SURFACE_WITH_KNOTS('',1,3,((#5242,#5243,#5244,#5245,#5246,
#5247),(#5248,#5249,#5250,#5251,#5252,#5253),(#5254,#5255,#5256,#5257,#5258,
#5259)),.RULED_SURF.,.F.,.F.,.F.,(2,1,2),(4,2,4),(-0.612609347094337,0.,
1.),(-0.0211711470323868,-1.7347234759768E-18,0.0211711470323868),
 .UNSPECIFIED.);
#462=B_SPLINE_SURFACE_WITH_KNOTS('',1,3,((#5269,#5270,#5271,#5272),(#5273,
#5274,#5275,#5276)),.RULED_SURF.,.F.,.F.,.F.,(2,2),(4,4),(0.597701982704934,
1.),(-0.0235,-0.022494),.PIECEWISE_BEZIER_KNOTS.);
#463=B_SPLINE_SURFACE_WITH_KNOTS('',3,1,((#5297,#5298),(#5299,#5300),(#5301,
#5302),(#5303,#5304)),.RULED_SURF.,.F.,.F.,.F.,(4,4),(2,2),(0.0302077093987148,
1.),(0.,1.),.PIECEWISE_BEZIER_KNOTS.);
#464=B_SPLINE_SURFACE_WITH_KNOTS('',1,3,((#5341,#5342,#5343,#5344,#5345,
#5346),(#5347,#5348,#5349,#5350,#5351,#5352),(#5353,#5354,#5355,#5356,#5357,
#5358)),.RULED_SURF.,.F.,.F.,.F.,(2,1,2),(4,2,4),(0.,1.,1.53815551581118),
(-0.0225756523833705,-3.46944695195361E-18,0.0225756523833705),
 .UNSPECIFIED.);
#465=B_SPLINE_SURFACE_WITH_KNOTS('',1,3,((#5370,#5371,#5372,#5373),(#5374,
#5375,#5376,#5377)),.RULED_SURF.,.F.,.F.,.F.,(2,2),(4,4),(0.,0.424789778246863),
(-0.026,-0.024994),.PIECEWISE_BEZIER_KNOTS.);
#466=B_SPLINE_SURFACE_WITH_KNOTS('',1,3,((#5383,#5384,#5385,#5386),(#5387,
#5388,#5389,#5390)),.RULED_SURF.,.F.,.F.,.F.,(2,2),(4,4),(0.,0.0914951605860116),
(-0.0144610777633841,-0.00455537237867102),.PIECEWISE_BEZIER_KNOTS.);
#467=B_SPLINE_SURFACE_WITH_KNOTS('',3,3,((#5395,#5396,#5397,#5398),(#5399,
#5400,#5401,#5402),(#5403,#5404,#5405,#5406),(#5407,#5408,#5409,#5410)),
 .UNSPECIFIED.,.F.,.F.,.F.,(4,4),(4,4),(-1.57337449919494E-15,0.000852634027418024),
(0.231905913947986,0.415434414711485),.UNSPECIFIED.);
#468=B_SPLINE_SURFACE_WITH_KNOTS('',3,3,((#5946,#5947,#5948,#5949,#5950,
#5951,#5952,#5953,#5954,#5955,#5956,#5957,#5958,#5959,#5960,#5961,#5962,
#5963,#5964,#5965,#5966,#5967,#5968,#5969,#5970,#5971,#5972,#5973,#5974,
#5975,#5976,#5977,#5978,#5979,#5980,#5981,#5982),(#5983,#5984,#5985,#5986,
#5987,#5988,#5989,#5990,#5991,#5992,#5993,#5994,#5995,#5996,#5997,#5998,
#5999,#6000,#6001,#6002,#6003,#6004,#6005,#6006,#6007,#6008,#6009,#6010,
#6011,#6012,#6013,#6014,#6015,#6016,#6017,#6018,#6019),(#6020,#6021,#6022,
#6023,#6024,#6025,#6026,#6027,#6028,#6029,#6030,#6031,#6032,#6033,#6034,
#6035,#6036,#6037,#6038,#6039,#6040,#6041,#6042,#6043,#6044,#6045,#6046,
#6047,#6048,#6049,#6050,#6051,#6052,#6053,#6054,#6055,#6056),(#6057,#6058,
#6059,#6060,#6061,#6062,#6063,#6064,#6065,#6066,#6067,#6068,#6069,#6070,
#6071,#6072,#6073,#6074,#6075,#6076,#6077,#6078,#6079,#6080,#6081,#6082,
#6083,#6084,#6085,#6086,#6087,#6088,#6089,#6090,#6091,#6092,#6093),(#6094,
#6095,#6096,#6097,#6098,#6099,#6100,#6101,#6102,#6103,#6104,#6105,#6106,
#6107,#6108,#6109,#6110,#6111,#6112,#6113,#6114,#6115,#6116,#6117,#6118,
#6119,#6120,#6121,#6122,#6123,#6124,#6125,#6126,#6127,#6128,#6129,#6130),
(#6131,#6132,#6133,#6134,#6135,#6136,#6137,#6138,#6139,#6140,#6141,#6142,
#6143,#6144,#6145,#6146,#6147,#6148,#6149,#6150,#6151,#6152,#6153,#6154,
#6155,#6156,#6157,#6158,#6159,#6160,#6161,#6162,#6163,#6164,#6165,#6166,
#6167),(#6168,#6169,#6170,#6171,#6172,#6173,#6174,#6175,#6176,#6177,#6178,
#6179,#6180,#6181,#6182,#6183,#6184,#6185,#6186,#6187,#6188,#6189,#6190,
#6191,#6192,#6193,#6194,#6195,#6196,#6197,#6198,#6199,#6200,#6201,#6202,
#6203,#6204),(#6205,#6206,#6207,#6208,#6209,#6210,#6211,#6212,#6213,#6214,
#6215,#6216,#6217,#6218,#6219,#6220,#6221,#6222,#6223,#6224,#6225,#6226,
#6227,#6228,#6229,#6230,#6231,#6232,#6233,#6234,#6235,#6236,#6237,#6238,
#6239,#6240,#6241),(#6242,#6243,#6244,#6245,#6246,#6247,#6248,#6249,#6250,
#6251,#6252,#6253,#6254,#6255,#6256,#6257,#6258,#6259,#6260,#6261,#6262,
#6263,#6264,#6265,#6266,#6267,#6268,#6269,#6270,#6271,#6272,#6273,#6274,
#6275,#6276,#6277,#6278),(#6279,#6280,#6281,#6282,#6283,#6284,#6285,#6286,
#6287,#6288,#6289,#6290,#6291,#6292,#6293,#6294,#6295,#6296,#6297,#6298,
#6299,#6300,#6301,#6302,#6303,#6304,#6305,#6306,#6307,#6308,#6309,#6310,
#6311,#6312,#6313,#6314,#6315),(#6316,#6317,#6318,#6319,#6320,#6321,#6322,
#6323,#6324,#6325,#6326,#6327,#6328,#6329,#6330,#6331,#6332,#6333,#6334,
#6335,#6336,#6337,#6338,#6339,#6340,#6341,#6342,#6343,#6344,#6345,#6346,
#6347,#6348,#6349,#6350,#6351,#6352),(#6353,#6354,#6355,#6356,#6357,#6358,
#6359,#6360,#6361,#6362,#6363,#6364,#6365,#6366,#6367,#6368,#6369,#6370,
#6371,#6372,#6373,#6374,#6375,#6376,#6377,#6378,#6379,#6380,#6381,#6382,
#6383,#6384,#6385,#6386,#6387,#6388,#6389),(#6390,#6391,#6392,#6393,#6394,
#6395,#6396,#6397,#6398,#6399,#6400,#6401,#6402,#6403,#6404,#6405,#6406,
#6407,#6408,#6409,#6410,#6411,#6412,#6413,#6414,#6415,#6416,#6417,#6418,
#6419,#6420,#6421,#6422,#6423,#6424,#6425,#6426),(#6427,#6428,#6429,#6430,
#6431,#6432,#6433,#6434,#6435,#6436,#6437,#6438,#6439,#6440,#6441,#6442,
#6443,#6444,#6445,#6446,#6447,#6448,#6449,#6450,#6451,#6452,#6453,#6454,
#6455,#6456,#6457,#6458,#6459,#6460,#6461,#6462,#6463),(#6464,#6465,#6466,
#6467,#6468,#6469,#6470,#6471,#6472,#6473,#6474,#6475,#6476,#6477,#6478,
#6479,#6480,#6481,#6482,#6483,#6484,#6485,#6486,#6487,#6488,#6489,#6490,
#6491,#6492,#6493,#6494,#6495,#6496,#6497,#6498,#6499,#6500),(#6501,#6502,
#6503,#6504,#6505,#6506,#6507,#6508,#6509,#6510,#6511,#6512,#6513,#6514,
#6515,#6516,#6517,#6518,#6519,#6520,#6521,#6522,#6523,#6524,#6525,#6526,
#6527,#6528,#6529,#6530,#6531,#6532,#6533,#6534,#6535,#6536,#6537),(#6538,
#6539,#6540,#6541,#6542,#6543,#6544,#6545,#6546,#6547,#6548,#6549,#6550,
#6551,#6552,#6553,#6554,#6555,#6556,#6557,#6558,#6559,#6560,#6561,#6562,
#6563,#6564,#6565,#6566,#6567,#6568,#6569,#6570,#6571,#6572,#6573,#6574),
(#6575,#6576,#6577,#6578,#6579,#6580,#6581,#6582,#6583,#6584,#6585,#6586,
#6587,#6588,#6589,#6590,#6591,#6592,#6593,#6594,#6595,#6596,#6597,#6598,
#6599,#6600,#6601,#6602,#6603,#6604,#6605,#6606,#6607,#6608,#6609,#6610,
#6611),(#6612,#6613,#6614,#6615,#6616,#6617,#6618,#6619,#6620,#6621,#6622,
#6623,#6624,#6625,#6626,#6627,#6628,#6629,#6630,#6631,#6632,#6633,#6634,
#6635,#6636,#6637,#6638,#6639,#6640,#6641,#6642,#6643,#6644,#6645,#6646,
#6647,#6648),(#6649,#6650,#6651,#6652,#6653,#6654,#6655,#6656,#6657,#6658,
#6659,#6660,#6661,#6662,#6663,#6664,#6665,#6666,#6667,#6668,#6669,#6670,
#6671,#6672,#6673,#6674,#6675,#6676,#6677,#6678,#6679,#6680,#6681,#6682,
#6683,#6684,#6685),(#6686,#6687,#6688,#6689,#6690,#6691,#6692,#6693,#6694,
#6695,#6696,#6697,#6698,#6699,#6700,#6701,#6702,#6703,#6704,#6705,#6706,
#6707,#6708,#6709,#6710,#6711,#6712,#6713,#6714,#6715,#6716,#6717,#6718,
#6719,#6720,#6721,#6722),(#6723,#6724,#6725,#6726,#6727,#6728,#6729,#6730,
#6731,#6732,#6733,#6734,#6735,#6736,#6737,#6738,#6739,#6740,#6741,#6742,
#6743,#6744,#6745,#6746,#6747,#6748,#6749,#6750,#6751,#6752,#6753,#6754,
#6755,#6756,#6757,#6758,#6759),(#6760,#6761,#6762,#6763,#6764,#6765,#6766,
#6767,#6768,#6769,#6770,#6771,#6772,#6773,#6774,#6775,#6776,#6777,#6778,
#6779,#6780,#6781,#6782,#6783,#6784,#6785,#6786,#6787,#6788,#6789,#6790,
#6791,#6792,#6793,#6794,#6795,#6796),(#6797,#6798,#6799,#6800,#6801,#6802,
#6803,#6804,#6805,#6806,#6807,#6808,#6809,#6810,#6811,#6812,#6813,#6814,
#6815,#6816,#6817,#6818,#6819,#6820,#6821,#6822,#6823,#6824,#6825,#6826,
#6827,#6828,#6829,#6830,#6831,#6832,#6833),(#6834,#6835,#6836,#6837,#6838,
#6839,#6840,#6841,#6842,#6843,#6844,#6845,#6846,#6847,#6848,#6849,#6850,
#6851,#6852,#6853,#6854,#6855,#6856,#6857,#6858,#6859,#6860,#6861,#6862,
#6863,#6864,#6865,#6866,#6867,#6868,#6869,#6870),(#6871,#6872,#6873,#6874,
#6875,#6876,#6877,#6878,#6879,#6880,#6881,#6882,#6883,#6884,#6885,#6886,
#6887,#6888,#6889,#6890,#6891,#6892,#6893,#6894,#6895,#6896,#6897,#6898,
#6899,#6900,#6901,#6902,#6903,#6904,#6905,#6906,#6907),(#6908,#6909,#6910,
#6911,#6912,#6913,#6914,#6915,#6916,#6917,#6918,#6919,#6920,#6921,#6922,
#6923,#6924,#6925,#6926,#6927,#6928,#6929,#6930,#6931,#6932,#6933,#6934,
#6935,#6936,#6937,#6938,#6939,#6940,#6941,#6942,#6943,#6944),(#6945,#6946,
#6947,#6948,#6949,#6950,#6951,#6952,#6953,#6954,#6955,#6956,#6957,#6958,
#6959,#6960,#6961,#6962,#6963,#6964,#6965,#6966,#6967,#6968,#6969,#6970,
#6971,#6972,#6973,#6974,#6975,#6976,#6977,#6978,#6979,#6980,#6981),(#6982,
#6983,#6984,#6985,#6986,#6987,#6988,#6989,#6990,#6991,#6992,#6993,#6994,
#6995,#6996,#6997,#6998,#6999,#7000,#7001,#7002,#7003,#7004,#7005,#7006,
#7007,#7008,#7009,#7010,#7011,#7012,#7013,#7014,#7015,#7016,#7017,#7018),
(#7019,#7020,#7021,#7022,#7023,#7024,#7025,#7026,#7027,#7028,#7029,#7030,
#7031,#7032,#7033,#7034,#7035,#7036,#7037,#7038,#7039,#7040,#7041,#7042,
#7043,#7044,#7045,#7046,#7047,#7048,#7049,#7050,#7051,#7052,#7053,#7054,
#7055),(#7056,#7057,#7058,#7059,#7060,#7061,#7062,#7063,#7064,#7065,#7066,
#7067,#7068,#7069,#7070,#7071,#7072,#7073,#7074,#7075,#7076,#7077,#7078,
#7079,#7080,#7081,#7082,#7083,#7084,#7085,#7086,#7087,#7088,#7089,#7090,
#7091,#7092),(#7093,#7094,#7095,#7096,#7097,#7098,#7099,#7100,#7101,#7102,
#7103,#7104,#7105,#7106,#7107,#7108,#7109,#7110,#7111,#7112,#7113,#7114,
#7115,#7116,#7117,#7118,#7119,#7120,#7121,#7122,#7123,#7124,#7125,#7126,
#7127,#7128,#7129),(#7130,#7131,#7132,#7133,#7134,#7135,#7136,#7137,#7138,
#7139,#7140,#7141,#7142,#7143,#7144,#7145,#7146,#7147,#7148,#7149,#7150,
#7151,#7152,#7153,#7154,#7155,#7156,#7157,#7158,#7159,#7160,#7161,#7162,
#7163,#7164,#7165,#7166),(#7167,#7168,#7169,#7170,#7171,#7172,#7173,#7174,
#7175,#7176,#7177,#7178,#7179,#7180,#7181,#7182,#7183,#7184,#7185,#7186,
#7187,#7188,#7189,#7190,#7191,#7192,#7193,#7194,#7195,#7196,#7197,#7198,
#7199,#7200,#7201,#7202,#7203),(#7204,#7205,#7206,#7207,#7208,#7209,#7210,
#7211,#7212,#7213,#7214,#7215,#7216,#7217,#7218,#7219,#7220,#7221,#7222,
#7223,#7224,#7225,#7226,#7227,#7228,#7229,#7230,#7231,#7232,#7233,#7234,
#7235,#7236,#7237,#7238,#7239,#7240),(#7241,#7242,#7243,#7244,#7245,#7246,
#7247,#7248,#7249,#7250,#7251,#7252,#7253,#7254,#7255,#7256,#7257,#7258,
#7259,#7260,#7261,#7262,#7263,#7264,#7265,#7266,#7267,#7268,#7269,#7270,
#7271,#7272,#7273,#7274,#7275,#7276,#7277),(#7278,#7279,#7280,#7281,#7282,
#7283,#7284,#7285,#7286,#7287,#7288,#7289,#7290,#7291,#7292,#7293,#7294,
#7295,#7296,#7297,#7298,#7299,#7300,#7301,#7302,#7303,#7304,#7305,#7306,
#7307,#7308,#7309,#7310,#7311,#7312,#7313,#7314),(#7315,#7316,#7317,#7318,
#7319,#7320,#7321,#7322,#7323,#7324,#7325,#7326,#7327,#7328,#7329,#7330,
#7331,#7332,#7333,#7334,#7335,#7336,#7337,#7338,#7339,#7340,#7341,#7342,
#7343,#7344,#7345,#7346,#7347,#7348,#7349,#7350,#7351),(#7352,#7353,#7354,
#7355,#7356,#7357,#7358,#7359,#7360,#7361,#7362,#7363,#7364,#7365,#7366,
#7367,#7368,#7369,#7370,#7371,#7372,#7373,#7374,#7375,#7376,#7377,#7378,
#7379,#7380,#7381,#7382,#7383,#7384,#7385,#7386,#7387,#7388),(#7389,#7390,
#7391,#7392,#7393,#7394,#7395,#7396,#7397,#7398,#7399,#7400,#7401,#7402,
#7403,#7404,#7405,#7406,#7407,#7408,#7409,#7410,#7411,#7412,#7413,#7414,
#7415,#7416,#7417,#7418,#7419,#7420,#7421,#7422,#7423,#7424,#7425),(#7426,
#7427,#7428,#7429,#7430,#7431,#7432,#7433,#7434,#7435,#7436,#7437,#7438,
#7439,#7440,#7441,#7442,#7443,#7444,#7445,#7446,#7447,#7448,#7449,#7450,
#7451,#7452,#7453,#7454,#7455,#7456,#7457,#7458,#7459,#7460,#7461,#7462),
(#7463,#7464,#7465,#7466,#7467,#7468,#7469,#7470,#7471,#7472,#7473,#7474,
#7475,#7476,#7477,#7478,#7479,#7480,#7481,#7482,#7483,#7484,#7485,#7486,
#7487,#7488,#7489,#7490,#7491,#7492,#7493,#7494,#7495,#7496,#7497,#7498,
#7499),(#7500,#7501,#7502,#7503,#7504,#7505,#7506,#7507,#7508,#7509,#7510,
#7511,#7512,#7513,#7514,#7515,#7516,#7517,#7518,#7519,#7520,#7521,#7522,
#7523,#7524,#7525,#7526,#7527,#7528,#7529,#7530,#7531,#7532,#7533,#7534,
#7535,#7536)),.UNSPECIFIED.,.F.,.F.,.F.,(4,1,1,1,1,1,1,1,1,1,1,1,1,1,1,
1,1,1,1,1,1,1,1,1,1,1,1,1,1,1,1,1,1,1,1,1,1,1,1,1,4),(4,1,1,1,1,1,1,1,1,
1,1,1,1,1,1,1,1,1,1,1,1,1,1,1,1,1,1,1,1,1,1,1,1,1,4),(-0.454221491417617,
-0.448850791944671,-0.443480092471724,-0.438109392998777,-0.43273869352583,
-0.421997294579938,-0.411255895634044,-0.400514496688151,-0.389773097742258,
-0.368290299850472,-0.346807501958685,-0.325324704066899,-0.282359108283326,
-0.196427916716181,-0.110496725149035,0.061365657985256,0.233228041119547,
0.405090424253838,0.576952807388129,0.74881519052242,0.920677573656711,
1.092539956791,1.26440233992529,1.43626472305958,1.60812710619387,1.69405829776102,
1.77998948932817,1.86592068089531,1.95185187246245,1.97333467035425,1.99481746824603,
2.01630026613782,2.03778306402961,2.05926586192139,2.08074865981318,2.10223145770496,
2.12371425559675,2.16667985138032,2.20964544716389,2.25261104294747,2.29557663873104),
(-2.5E-5,0.0624784970874495,0.124981994174899,0.187485491262348,0.249988988349798,
0.26561486262166,0.281240736893522,0.296866611165385,0.304679548301316,
0.312492485437248,0.320305422573179,0.32811835970911,0.343744233980972,
0.359370108252834,0.374995982524697,0.406247731068421,0.421873605340284,
0.437499479612146,0.453125353884009,0.468751228155871,0.484377102427733,
0.492190039563665,0.500002976699596,0.507815913835527,0.515628850971458,
0.523441788107389,0.53125472524332,0.546880599515183,0.562506473787045,
0.59375822233077,0.625009970874495,0.687513467961944,0.750016965049393,
0.875023959224292,1.00003095339919),.UNSPECIFIED.);
#469=B_SPLINE_SURFACE_WITH_KNOTS('',3,3,((#7562,#7563,#7564,#7565,#7566,
#7567,#7568,#7569,#7570,#7571,#7572,#7573,#7574,#7575,#7576,#7577,#7578,
#7579,#7580,#7581,#7582,#7583,#7584,#7585,#7586,#7587,#7588,#7589,#7590,
#7591,#7592,#7593,#7594,#7595,#7596),(#7597,#7598,#7599,#7600,#7601,#7602,
#7603,#7604,#7605,#7606,#7607,#7608,#7609,#7610,#7611,#7612,#7613,#7614,
#7615,#7616,#7617,#7618,#7619,#7620,#7621,#7622,#7623,#7624,#7625,#7626,
#7627,#7628,#7629,#7630,#7631),(#7632,#7633,#7634,#7635,#7636,#7637,#7638,
#7639,#7640,#7641,#7642,#7643,#7644,#7645,#7646,#7647,#7648,#7649,#7650,
#7651,#7652,#7653,#7654,#7655,#7656,#7657,#7658,#7659,#7660,#7661,#7662,
#7663,#7664,#7665,#7666),(#7667,#7668,#7669,#7670,#7671,#7672,#7673,#7674,
#7675,#7676,#7677,#7678,#7679,#7680,#7681,#7682,#7683,#7684,#7685,#7686,
#7687,#7688,#7689,#7690,#7691,#7692,#7693,#7694,#7695,#7696,#7697,#7698,
#7699,#7700,#7701),(#7702,#7703,#7704,#7705,#7706,#7707,#7708,#7709,#7710,
#7711,#7712,#7713,#7714,#7715,#7716,#7717,#7718,#7719,#7720,#7721,#7722,
#7723,#7724,#7725,#7726,#7727,#7728,#7729,#7730,#7731,#7732,#7733,#7734,
#7735,#7736),(#7737,#7738,#7739,#7740,#7741,#7742,#7743,#7744,#7745,#7746,
#7747,#7748,#7749,#7750,#7751,#7752,#7753,#7754,#7755,#7756,#7757,#7758,
#7759,#7760,#7761,#7762,#7763,#7764,#7765,#7766,#7767,#7768,#7769,#7770,
#7771),(#7772,#7773,#7774,#7775,#7776,#7777,#7778,#7779,#7780,#7781,#7782,
#7783,#7784,#7785,#7786,#7787,#7788,#7789,#7790,#7791,#7792,#7793,#7794,
#7795,#7796,#7797,#7798,#7799,#7800,#7801,#7802,#7803,#7804,#7805,#7806),
(#7807,#7808,#7809,#7810,#7811,#7812,#7813,#7814,#7815,#7816,#7817,#7818,
#7819,#7820,#7821,#7822,#7823,#7824,#7825,#7826,#7827,#7828,#7829,#7830,
#7831,#7832,#7833,#7834,#7835,#7836,#7837,#7838,#7839,#7840,#7841),(#7842,
#7843,#7844,#7845,#7846,#7847,#7848,#7849,#7850,#7851,#7852,#7853,#7854,
#7855,#7856,#7857,#7858,#7859,#7860,#7861,#7862,#7863,#7864,#7865,#7866,
#7867,#7868,#7869,#7870,#7871,#7872,#7873,#7874,#7875,#7876),(#7877,#7878,
#7879,#7880,#7881,#7882,#7883,#7884,#7885,#7886,#7887,#7888,#7889,#7890,
#7891,#7892,#7893,#7894,#7895,#7896,#7897,#7898,#7899,#7900,#7901,#7902,
#7903,#7904,#7905,#7906,#7907,#7908,#7909,#7910,#7911),(#7912,#7913,#7914,
#7915,#7916,#7917,#7918,#7919,#7920,#7921,#7922,#7923,#7924,#7925,#7926,
#7927,#7928,#7929,#7930,#7931,#7932,#7933,#7934,#7935,#7936,#7937,#7938,
#7939,#7940,#7941,#7942,#7943,#7944,#7945,#7946),(#7947,#7948,#7949,#7950,
#7951,#7952,#7953,#7954,#7955,#7956,#7957,#7958,#7959,#7960,#7961,#7962,
#7963,#7964,#7965,#7966,#7967,#7968,#7969,#7970,#7971,#7972,#7973,#7974,
#7975,#7976,#7977,#7978,#7979,#7980,#7981),(#7982,#7983,#7984,#7985,#7986,
#7987,#7988,#7989,#7990,#7991,#7992,#7993,#7994,#7995,#7996,#7997,#7998,
#7999,#8000,#8001,#8002,#8003,#8004,#8005,#8006,#8007,#8008,#8009,#8010,
#8011,#8012,#8013,#8014,#8015,#8016),(#8017,#8018,#8019,#8020,#8021,#8022,
#8023,#8024,#8025,#8026,#8027,#8028,#8029,#8030,#8031,#8032,#8033,#8034,
#8035,#8036,#8037,#8038,#8039,#8040,#8041,#8042,#8043,#8044,#8045,#8046,
#8047,#8048,#8049,#8050,#8051),(#8052,#8053,#8054,#8055,#8056,#8057,#8058,
#8059,#8060,#8061,#8062,#8063,#8064,#8065,#8066,#8067,#8068,#8069,#8070,
#8071,#8072,#8073,#8074,#8075,#8076,#8077,#8078,#8079,#8080,#8081,#8082,
#8083,#8084,#8085,#8086),(#8087,#8088,#8089,#8090,#8091,#8092,#8093,#8094,
#8095,#8096,#8097,#8098,#8099,#8100,#8101,#8102,#8103,#8104,#8105,#8106,
#8107,#8108,#8109,#8110,#8111,#8112,#8113,#8114,#8115,#8116,#8117,#8118,
#8119,#8120,#8121),(#8122,#8123,#8124,#8125,#8126,#8127,#8128,#8129,#8130,
#8131,#8132,#8133,#8134,#8135,#8136,#8137,#8138,#8139,#8140,#8141,#8142,
#8143,#8144,#8145,#8146,#8147,#8148,#8149,#8150,#8151,#8152,#8153,#8154,
#8155,#8156),(#8157,#8158,#8159,#8160,#8161,#8162,#8163,#8164,#8165,#8166,
#8167,#8168,#8169,#8170,#8171,#8172,#8173,#8174,#8175,#8176,#8177,#8178,
#8179,#8180,#8181,#8182,#8183,#8184,#8185,#8186,#8187,#8188,#8189,#8190,
#8191),(#8192,#8193,#8194,#8195,#8196,#8197,#8198,#8199,#8200,#8201,#8202,
#8203,#8204,#8205,#8206,#8207,#8208,#8209,#8210,#8211,#8212,#8213,#8214,
#8215,#8216,#8217,#8218,#8219,#8220,#8221,#8222,#8223,#8224,#8225,#8226),
(#8227,#8228,#8229,#8230,#8231,#8232,#8233,#8234,#8235,#8236,#8237,#8238,
#8239,#8240,#8241,#8242,#8243,#8244,#8245,#8246,#8247,#8248,#8249,#8250,
#8251,#8252,#8253,#8254,#8255,#8256,#8257,#8258,#8259,#8260,#8261),(#8262,
#8263,#8264,#8265,#8266,#8267,#8268,#8269,#8270,#8271,#8272,#8273,#8274,
#8275,#8276,#8277,#8278,#8279,#8280,#8281,#8282,#8283,#8284,#8285,#8286,
#8287,#8288,#8289,#8290,#8291,#8292,#8293,#8294,#8295,#8296),(#8297,#8298,
#8299,#8300,#8301,#8302,#8303,#8304,#8305,#8306,#8307,#8308,#8309,#8310,
#8311,#8312,#8313,#8314,#8315,#8316,#8317,#8318,#8319,#8320,#8321,#8322,
#8323,#8324,#8325,#8326,#8327,#8328,#8329,#8330,#8331),(#8332,#8333,#8334,
#8335,#8336,#8337,#8338,#8339,#8340,#8341,#8342,#8343,#8344,#8345,#8346,
#8347,#8348,#8349,#8350,#8351,#8352,#8353,#8354,#8355,#8356,#8357,#8358,
#8359,#8360,#8361,#8362,#8363,#8364,#8365,#8366),(#8367,#8368,#8369,#8370,
#8371,#8372,#8373,#8374,#8375,#8376,#8377,#8378,#8379,#8380,#8381,#8382,
#8383,#8384,#8385,#8386,#8387,#8388,#8389,#8390,#8391,#8392,#8393,#8394,
#8395,#8396,#8397,#8398,#8399,#8400,#8401),(#8402,#8403,#8404,#8405,#8406,
#8407,#8408,#8409,#8410,#8411,#8412,#8413,#8414,#8415,#8416,#8417,#8418,
#8419,#8420,#8421,#8422,#8423,#8424,#8425,#8426,#8427,#8428,#8429,#8430,
#8431,#8432,#8433,#8434,#8435,#8436),(#8437,#8438,#8439,#8440,#8441,#8442,
#8443,#8444,#8445,#8446,#8447,#8448,#8449,#8450,#8451,#8452,#8453,#8454,
#8455,#8456,#8457,#8458,#8459,#8460,#8461,#8462,#8463,#8464,#8465,#8466,
#8467,#8468,#8469,#8470,#8471),(#8472,#8473,#8474,#8475,#8476,#8477,#8478,
#8479,#8480,#8481,#8482,#8483,#8484,#8485,#8486,#8487,#8488,#8489,#8490,
#8491,#8492,#8493,#8494,#8495,#8496,#8497,#8498,#8499,#8500,#8501,#8502,
#8503,#8504,#8505,#8506),(#8507,#8508,#8509,#8510,#8511,#8512,#8513,#8514,
#8515,#8516,#8517,#8518,#8519,#8520,#8521,#8522,#8523,#8524,#8525,#8526,
#8527,#8528,#8529,#8530,#8531,#8532,#8533,#8534,#8535,#8536,#8537,#8538,
#8539,#8540,#8541),(#8542,#8543,#8544,#8545,#8546,#8547,#8548,#8549,#8550,
#8551,#8552,#8553,#8554,#8555,#8556,#8557,#8558,#8559,#8560,#8561,#8562,
#8563,#8564,#8565,#8566,#8567,#8568,#8569,#8570,#8571,#8572,#8573,#8574,
#8575,#8576),(#8577,#8578,#8579,#8580,#8581,#8582,#8583,#8584,#8585,#8586,
#8587,#8588,#8589,#8590,#8591,#8592,#8593,#8594,#8595,#8596,#8597,#8598,
#8599,#8600,#8601,#8602,#8603,#8604,#8605,#8606,#8607,#8608,#8609,#8610,
#8611),(#8612,#8613,#8614,#8615,#8616,#8617,#8618,#8619,#8620,#8621,#8622,
#8623,#8624,#8625,#8626,#8627,#8628,#8629,#8630,#8631,#8632,#8633,#8634,
#8635,#8636,#8637,#8638,#8639,#8640,#8641,#8642,#8643,#8644,#8645,#8646),
(#8647,#8648,#8649,#8650,#8651,#8652,#8653,#8654,#8655,#8656,#8657,#8658,
#8659,#8660,#8661,#8662,#8663,#8664,#8665,#8666,#8667,#8668,#8669,#8670,
#8671,#8672,#8673,#8674,#8675,#8676,#8677,#8678,#8679,#8680,#8681),(#8682,
#8683,#8684,#8685,#8686,#8687,#8688,#8689,#8690,#8691,#8692,#8693,#8694,
#8695,#8696,#8697,#8698,#8699,#8700,#8701,#8702,#8703,#8704,#8705,#8706,
#8707,#8708,#8709,#8710,#8711,#8712,#8713,#8714,#8715,#8716),(#8717,#8718,
#8719,#8720,#8721,#8722,#8723,#8724,#8725,#8726,#8727,#8728,#8729,#8730,
#8731,#8732,#8733,#8734,#8735,#8736,#8737,#8738,#8739,#8740,#8741,#8742,
#8743,#8744,#8745,#8746,#8747,#8748,#8749,#8750,#8751),(#8752,#8753,#8754,
#8755,#8756,#8757,#8758,#8759,#8760,#8761,#8762,#8763,#8764,#8765,#8766,
#8767,#8768,#8769,#8770,#8771,#8772,#8773,#8774,#8775,#8776,#8777,#8778,
#8779,#8780,#8781,#8782,#8783,#8784,#8785,#8786),(#8787,#8788,#8789,#8790,
#8791,#8792,#8793,#8794,#8795,#8796,#8797,#8798,#8799,#8800,#8801,#8802,
#8803,#8804,#8805,#8806,#8807,#8808,#8809,#8810,#8811,#8812,#8813,#8814,
#8815,#8816,#8817,#8818,#8819,#8820,#8821),(#8822,#8823,#8824,#8825,#8826,
#8827,#8828,#8829,#8830,#8831,#8832,#8833,#8834,#8835,#8836,#8837,#8838,
#8839,#8840,#8841,#8842,#8843,#8844,#8845,#8846,#8847,#8848,#8849,#8850,
#8851,#8852,#8853,#8854,#8855,#8856),(#8857,#8858,#8859,#8860,#8861,#8862,
#8863,#8864,#8865,#8866,#8867,#8868,#8869,#8870,#8871,#8872,#8873,#8874,
#8875,#8876,#8877,#8878,#8879,#8880,#8881,#8882,#8883,#8884,#8885,#8886,
#8887,#8888,#8889,#8890,#8891),(#8892,#8893,#8894,#8895,#8896,#8897,#8898,
#8899,#8900,#8901,#8902,#8903,#8904,#8905,#8906,#8907,#8908,#8909,#8910,
#8911,#8912,#8913,#8914,#8915,#8916,#8917,#8918,#8919,#8920,#8921,#8922,
#8923,#8924,#8925,#8926),(#8927,#8928,#8929,#8930,#8931,#8932,#8933,#8934,
#8935,#8936,#8937,#8938,#8939,#8940,#8941,#8942,#8943,#8944,#8945,#8946,
#8947,#8948,#8949,#8950,#8951,#8952,#8953,#8954,#8955,#8956,#8957,#8958,
#8959,#8960,#8961),(#8962,#8963,#8964,#8965,#8966,#8967,#8968,#8969,#8970,
#8971,#8972,#8973,#8974,#8975,#8976,#8977,#8978,#8979,#8980,#8981,#8982,
#8983,#8984,#8985,#8986,#8987,#8988,#8989,#8990,#8991,#8992,#8993,#8994,
#8995,#8996),(#8997,#8998,#8999,#9000,#9001,#9002,#9003,#9004,#9005,#9006,
#9007,#9008,#9009,#9010,#9011,#9012,#9013,#9014,#9015,#9016,#9017,#9018,
#9019,#9020,#9021,#9022,#9023,#9024,#9025,#9026,#9027,#9028,#9029,#9030,
#9031),(#9032,#9033,#9034,#9035,#9036,#9037,#9038,#9039,#9040,#9041,#9042,
#9043,#9044,#9045,#9046,#9047,#9048,#9049,#9050,#9051,#9052,#9053,#9054,
#9055,#9056,#9057,#9058,#9059,#9060,#9061,#9062,#9063,#9064,#9065,#9066)),
 .UNSPECIFIED.,.F.,.F.,.F.,(4,1,1,1,1,1,1,1,1,1,1,1,1,1,1,1,1,1,1,1,1,1,
1,1,1,1,1,1,1,1,1,1,1,1,1,1,1,1,1,1,4),(4,1,1,1,1,1,1,1,1,1,1,1,1,1,1,1,
1,1,1,1,1,1,1,1,1,1,1,1,1,1,1,1,4),(-0.442665561977056,-0.432334191415989,
-0.422002820854923,-0.411671450293855,-0.401340079732789,-0.380677338610654,
-0.36001459748852,-0.318689115244252,-0.277363632999983,-0.194712668511447,
-0.112061704022909,-0.0294107395343726,0.0532402249541641,0.135891189442701,
0.218542153931238,0.301193118419774,0.383844082908311,0.466495047396848,
0.549146011885385,0.714447940862459,0.879749869839532,0.962400834328069,
1.04505179881661,1.12770276330514,1.21035372779368,1.29300469228222,1.37565565677075,
1.45830662125929,1.54095758574782,1.62360855023636,1.7062595147249,1.78891047921344,
1.83023596145771,1.87156144370197,1.91288692594624,1.95421240819051,1.99553789043478,
2.03686337267905,2.07818885492332,2.11951433716759,2.20216530165612),(-3.09913146225896E-5,
0.0624725081425471,0.124976007599717,0.187479507056886,0.249983006514056,
0.312486505971226,0.374990005428396,0.40624175515698,0.421867630021272,
0.437493504885565,0.453119379749858,0.460932317182004,0.46874525461415,
0.476558192046296,0.484371129478442,0.492184066910589,0.499997004342735,
0.515622879207027,0.53124875407132,0.562500503799905,0.593752253528489,
0.609378128392782,0.625004003257074,0.640629878121367,0.656255752985659,
0.671881627849951,0.687507502714244,0.718759252442829,0.750011002171414,
0.812514501628583,0.875018001085753,0.937521500542922,1.00002500000009),
 .UNSPECIFIED.);
#470=B_SPLINE_CURVE_WITH_KNOTS('',3,(#4147,#4148,#4149,#4150),
 .UNSPECIFIED.,.F.,.F.,(4,4),(0.,0.000226892903240423),.UNSPECIFIED.);
#471=B_SPLINE_CURVE_WITH_KNOTS('',3,(#4152,#4153,#4154,#4155),
 .UNSPECIFIED.,.F.,.F.,(4,4),(0.,0.000285512731178031),.UNSPECIFIED.);
#472=B_SPLINE_CURVE_WITH_KNOTS('',3,(#4171,#4172,#4173,#4174),
 .UNSPECIFIED.,.F.,.F.,(4,4),(0.,0.000228673559605683),.UNSPECIFIED.);
#473=B_SPLINE_CURVE_WITH_KNOTS('',3,(#4176,#4177,#4178,#4179),
 .UNSPECIFIED.,.F.,.F.,(4,4),(0.,0.000181719046589842),.UNSPECIFIED.);
#474=B_SPLINE_CURVE_WITH_KNOTS('',3,(#4196,#4197,#4198,#4199),
 .UNSPECIFIED.,.F.,.F.,(4,4),(0.00210996942605544,0.0493944112165963),
 .UNSPECIFIED.);
#475=B_SPLINE_CURVE_WITH_KNOTS('',3,(#4202,#4203,#4204,#4205),
 .UNSPECIFIED.,.F.,.F.,(4,4),(0.00157590847106997,0.00815057505078127),
 .UNSPECIFIED.);
#476=B_SPLINE_CURVE_WITH_KNOTS('',3,(#4207,#4208,#4209,#4210,#4211),
 .UNSPECIFIED.,.F.,.F.,(4,1,4),(0.,0.000753951254707242,0.00150790250941448),
 .UNSPECIFIED.);
#477=B_SPLINE_CURVE_WITH_KNOTS('',3,(#4213,#4214,#4215,#4216),
 .UNSPECIFIED.,.F.,.F.,(4,4),(0.0311812342180815,0.983003293885314),
 .UNSPECIFIED.);
#478=B_SPLINE_CURVE_WITH_KNOTS('',3,(#4218,#4219,#4220,#4221),
 .UNSPECIFIED.,.F.,.F.,(4,4),(0.0042439919653076,0.00856122211530409),
 .UNSPECIFIED.);
#479=B_SPLINE_CURVE_WITH_KNOTS('',3,(#4223,#4224,#4225,#4226,#4227),
 .UNSPECIFIED.,.F.,.F.,(4,1,4),(1.28416413081879E-16,0.00103352743616592,
0.00206705487233171),.UNSPECIFIED.);
#480=B_SPLINE_CURVE_WITH_KNOTS('',3,(#4236,#4237,#4238,#4239,#4240),
 .UNSPECIFIED.,.F.,.F.,(4,1,4),(0.,0.000837367520216656,0.00167473504043331),
 .UNSPECIFIED.);
#481=B_SPLINE_CURVE_WITH_KNOTS('',3,(#4245,#4246,#4247,#4248),
 .UNSPECIFIED.,.F.,.F.,(4,4),(0.,1.),.UNSPECIFIED.);
#482=B_SPLINE_CURVE_WITH_KNOTS('',3,(#4255,#4256,#4257,#4258),
 .UNSPECIFIED.,.F.,.F.,(4,4),(0.,0.999975220084931),.UNSPECIFIED.);
#483=B_SPLINE_CURVE_WITH_KNOTS('',3,(#4260,#4261,#4262,#4263),
 .UNSPECIFIED.,.F.,.F.,(4,4),(0.00182394591997654,0.0025058398299299),
 .UNSPECIFIED.);
#484=B_SPLINE_CURVE_WITH_KNOTS('',3,(#4272,#4273,#4274,#4275,#4276),
 .UNSPECIFIED.,.F.,.F.,(4,1,4),(0.,0.000805217229990547,0.00161043445998109),
 .UNSPECIFIED.);
#485=B_SPLINE_CURVE_WITH_KNOTS('',3,(#4279,#4280,#4281,#4282),
 .UNSPECIFIED.,.F.,.F.,(4,4),(0.,1.),.UNSPECIFIED.);
#486=B_SPLINE_CURVE_WITH_KNOTS('',3,(#4286,#4287,#4288,#4289),
 .UNSPECIFIED.,.F.,.F.,(4,4),(5.06972935854222E-16,0.000265929901223187),
 .UNSPECIFIED.);
#487=B_SPLINE_CURVE_WITH_KNOTS('',3,(#4294,#4295,#4296,#4297),
 .UNSPECIFIED.,.F.,.F.,(4,4),(0.,0.000737454481631472),.UNSPECIFIED.);
#488=B_SPLINE_CURVE_WITH_KNOTS('',3,(#4299,#4300,#4301,#4302),
 .UNSPECIFIED.,.F.,.F.,(4,4),(0.,0.00150025691403651),.UNSPECIFIED.);
#489=B_SPLINE_CURVE_WITH_KNOTS('',3,(#4305,#4306,#4307,#4308),
 .UNSPECIFIED.,.F.,.F.,(4,4),(0.,1.),.UNSPECIFIED.);
#490=B_SPLINE_CURVE_WITH_KNOTS('',3,(#4310,#4311,#4312,#4313),
 .UNSPECIFIED.,.F.,.F.,(4,4),(0.999860799913895,1.),.UNSPECIFIED.);
#491=B_SPLINE_CURVE_WITH_KNOTS('',3,(#4330,#4331,#4332,#4333),
 .UNSPECIFIED.,.F.,.F.,(4,4),(0.,0.0477150311498594),.UNSPECIFIED.);
#492=B_SPLINE_CURVE_WITH_KNOTS('',3,(#4336,#4337,#4338,#4339),
 .UNSPECIFIED.,.F.,.F.,(4,4),(0.00129720569825087,0.0223547446691047),
 .UNSPECIFIED.);
#493=B_SPLINE_CURVE_WITH_KNOTS('',3,(#4341,#4342,#4343,#4344,#4345),
 .UNSPECIFIED.,.F.,.F.,(4,1,4),(2.16840434497101E-19,0.000738919910910143,
0.00147783982182029),.UNSPECIFIED.);
#494=B_SPLINE_CURVE_WITH_KNOTS('',3,(#4346,#4347,#4348,#4349),
 .UNSPECIFIED.,.F.,.F.,(4,4),(0.,0.914028510061798),.UNSPECIFIED.);
#495=B_SPLINE_CURVE_WITH_KNOTS('',3,(#4351,#4352,#4353,#4354),
 .UNSPECIFIED.,.F.,.F.,(4,4),(0.,0.0253461944873281),.UNSPECIFIED.);
#496=B_SPLINE_CURVE_WITH_KNOTS('',3,(#4363,#4364,#4365,#4366),
 .UNSPECIFIED.,.F.,.F.,(4,4),(0.,1.),.UNSPECIFIED.);
#497=B_SPLINE_CURVE_WITH_KNOTS('',3,(#4369,#4370,#4371,#4372),
 .UNSPECIFIED.,.F.,.F.,(4,4),(0.000152100860393192,0.010000011124532),
 .UNSPECIFIED.);
#498=B_SPLINE_CURVE_WITH_KNOTS('',3,(#4374,#4375,#4376,#4377),
 .UNSPECIFIED.,.F.,.F.,(4,4),(0.000327037480744278,0.0529960867700893),
 .UNSPECIFIED.);
#499=B_SPLINE_CURVE_WITH_KNOTS('',3,(#4381,#4382,#4383,#4384),
 .UNSPECIFIED.,.F.,.F.,(4,4),(0.,0.00972123723027667),.UNSPECIFIED.);
#500=B_SPLINE_CURVE_WITH_KNOTS('',3,(#4411,#4412,#4413,#4414),
 .UNSPECIFIED.,.F.,.F.,(4,4),(0.00137653084744971,0.0228828663089889),
 .UNSPECIFIED.);
#501=B_SPLINE_CURVE_WITH_KNOTS('',3,(#4416,#4417,#4418,#4419),
 .UNSPECIFIED.,.F.,.F.,(4,4),(0.,0.0261614492309548),.UNSPECIFIED.);
#502=B_SPLINE_CURVE_WITH_KNOTS('',3,(#4421,#4422,#4423,#4424),
 .UNSPECIFIED.,.F.,.F.,(4,4),(0.,0.941078330179701),.UNSPECIFIED.);
#503=B_SPLINE_CURVE_WITH_KNOTS('',3,(#4426,#4427,#4428,#4429),
 .UNSPECIFIED.,.F.,.F.,(4,4),(0.,0.000843351076164553),.UNSPECIFIED.);
#504=B_SPLINE_CURVE_WITH_KNOTS('',3,(#4431,#4432,#4433,#4434,#4435),
 .UNSPECIFIED.,.F.,.F.,(4,1,4),(0.,0.000798303632221129,0.00159660726444226),
 .UNSPECIFIED.);
#505=B_SPLINE_CURVE_WITH_KNOTS('',3,(#4448,#4449,#4450,#4451,#4452),
 .UNSPECIFIED.,.F.,.F.,(4,1,4),(4.81070191524004E-15,0.000770488307619384,
0.00154097661523396),.UNSPECIFIED.);
#506=B_SPLINE_CURVE_WITH_KNOTS('',3,(#4454,#4455,#4456,#4457,#4458),
 .UNSPECIFIED.,.F.,.F.,(4,1,4),(5.39719282672548E-17,0.000969435515755882,
0.00193887103151171),.UNSPECIFIED.);
#507=B_SPLINE_CURVE_WITH_KNOTS('',3,(#4460,#4461,#4462,#4463),
 .UNSPECIFIED.,.F.,.F.,(4,4),(0.00160126829665572,0.050633280457767),
 .UNSPECIFIED.);
#508=B_SPLINE_CURVE_WITH_KNOTS('',3,(#4465,#4466,#4467,#4468,#4469,#4470,
#4471,#4472,#4473,#4474,#4475),.UNSPECIFIED.,.T.,.F.,(1,1,1,1,1,1,1,1,1,
1,1,1,1,1,1),(-0.00410420737769979,-0.00273613825179986,-0.00136806912589993,
0.,0.00136806912589993,0.00273613825179986,0.00410420737769979,0.00547227650359972,
0.00684034562949965,0.00820841475539958,0.00957648388129951,0.0109445530071994,
0.0123126221330994,0.0136806912589993,0.0150487603848992),.UNSPECIFIED.);
#509=B_SPLINE_CURVE_WITH_KNOTS('',3,(#4480,#4481,#4482,#4483,#4484,#4485,
#4486,#4487,#4488,#4489,#4490),.UNSPECIFIED.,.T.,.F.,(1,1,1,1,1,1,1,1,1,
1,1,1,1,1,1),(-0.00410420737769938,-0.00273613825179959,-0.0013680691258998,
0.,0.00136806912589979,0.00273613825179959,0.00410420737769938,0.00547227650359918,
0.00684034562949897,0.00820841475539877,0.00957648388129856,0.0109445530071984,
0.0123126221330982,0.0136806912589979,0.0150487603848977),.UNSPECIFIED.);
#510=B_SPLINE_CURVE_WITH_KNOTS('',3,(#4495,#4496,#4497,#4498,#4499,#4500,
#4501,#4502,#4503,#4504,#4505),.UNSPECIFIED.,.T.,.F.,(1,1,1,1,1,1,1,1,1,
1,1,1,1,1,1),(-0.00680243233568741,-0.00453495489045827,-0.00226747744522914,
0.,0.00226747744522914,0.00453495489045827,0.00680243233568741,0.00906990978091654,
0.0113373872261457,0.0136048646713748,0.0158723421166039,0.0181398195618331,
0.0204072970070622,0.0226747744522914,0.0249422518975205),.UNSPECIFIED.);
#511=B_SPLINE_CURVE_WITH_KNOTS('',3,(#4507,#4508,#4509,#4510,#4511,#4512,
#4513,#4514,#4515,#4516,#4517),.UNSPECIFIED.,.T.,.F.,(1,1,1,1,1,1,1,1,1,
1,1,1,1,1,1),(-0.00680243233568743,-0.00453495489045829,-0.00226747744522915,
0.,0.00226747744522914,0.00453495489045829,0.00680243233568743,0.00906990978091658,
0.0113373872261457,0.0136048646713749,0.015872342116604,0.0181398195618332,
0.0204072970070623,0.0226747744522914,0.0249422518975206),.UNSPECIFIED.);
#512=B_SPLINE_CURVE_WITH_KNOTS('',3,(#4519,#4520,#4521,#4522,#4523,#4524,
#4525,#4526,#4527,#4528,#4529),.UNSPECIFIED.,.T.,.F.,(1,1,1,1,1,1,1,1,1,
1,1,1,1,1,1),(-0.00680243233568749,-0.00453495489045833,-0.00226747744522916,
0.,0.00226747744522916,0.00453495489045833,0.00680243233568749,0.00906990978091666,
0.0113373872261458,0.013604864671375,0.0158723421166041,0.0181398195618333,
0.0204072970070625,0.0226747744522916,0.0249422518975208),.UNSPECIFIED.);
#513=B_SPLINE_CURVE_WITH_KNOTS('',3,(#4531,#4532,#4533,#4534),
 .UNSPECIFIED.,.F.,.F.,(4,4),(0.,0.00417447299720335),.UNSPECIFIED.);
#514=B_SPLINE_CURVE_WITH_KNOTS('',3,(#4537,#4538,#4539,#4540),
 .UNSPECIFIED.,.F.,.F.,(4,4),(0.,0.02623903945894),.UNSPECIFIED.);
#515=B_SPLINE_CURVE_WITH_KNOTS('',3,(#4541,#4542,#4543,#4544),
 .UNSPECIFIED.,.F.,.F.,(4,4),(0.,0.00142160530341151),.UNSPECIFIED.);
#516=B_SPLINE_CURVE_WITH_KNOTS('',3,(#4548,#4549,#4550,#4551),
 .UNSPECIFIED.,.F.,.F.,(4,4),(0.,0.00162415275347184),.UNSPECIFIED.);
#517=B_SPLINE_CURVE_WITH_KNOTS('',3,(#4553,#4554,#4555,#4556),
 .UNSPECIFIED.,.F.,.F.,(4,4),(0.00343769468496578,0.00820097778101324),
 .UNSPECIFIED.);
#518=B_SPLINE_CURVE_WITH_KNOTS('',3,(#4558,#4559,#4560,#4561),
 .UNSPECIFIED.,.F.,.F.,(4,4),(0.,0.0264745886480591),.UNSPECIFIED.);
#519=B_SPLINE_CURVE_WITH_KNOTS('',3,(#4563,#4564,#4565,#4566),
 .UNSPECIFIED.,.F.,.F.,(4,4),(-0.00177872173300694,0.0031018200138633),
 .UNSPECIFIED.);
#520=B_SPLINE_CURVE_WITH_KNOTS('',3,(#4567,#4568,#4569,#4570,#4571,#4572,
#4573),.UNSPECIFIED.,.F.,.F.,(4,1,1,1,4),(0.,0.00350038032978613,0.00700076065957226,
0.0105011409893584,0.0140015213191445),.UNSPECIFIED.);
#521=B_SPLINE_CURVE_WITH_KNOTS('',3,(#4585,#4586,#4587,#4588,#4589,#4590,
#4591),.UNSPECIFIED.,.F.,.F.,(4,1,1,1,4),(0.,0.0035003803235483,0.0070007606470966,
0.0105011409706449,0.0140015212941932),.UNSPECIFIED.);
#522=B_SPLINE_CURVE_WITH_KNOTS('',3,(#4593,#4594,#4595,#4596),
 .UNSPECIFIED.,.F.,.F.,(4,4),(0.,0.00972123720509049),.UNSPECIFIED.);
#523=B_SPLINE_CURVE_WITH_KNOTS('',3,(#4605,#4606,#4607,#4608,#4609,#4610,
#4611,#4612,#4613,#4614,#4615,#4616,#4617,#4618,#4619,#4620,#4621,#4622,
#4623,#4624,#4625,#4626,#4627,#4628,#4629),.UNSPECIFIED.,.T.,.F.,(1,1,1,
1,1,1,1,1,1,1,1,1,1,1,1,1,1,1,1,1,1,1,1,1,1,1,1,1,1),(-0.00169407726933619,
-0.00112938484622412,-0.000564692423112058,3.46944695195361E-18,0.000564692423112068,
0.00112938484622413,0.0016940772693362,0.00225876969244826,0.00338815453867239,
0.00451753938489652,0.00564692423112064,0.00677630907734477,0.0079056939235689,
0.00847038634668097,0.00903507876979303,0.00959977119290509,0.0101644636160172,
0.0112938484622413,0.0124232333084654,0.0135526181546895,0.0146820030009137,
0.0158113878471378,0.0163760802702499,0.0169407726933619,0.017505465116474,
0.0180701575395861,0.0186348499626981,0.0191995423858102,0.0197642348089222),
 .UNSPECIFIED.);
#524=B_SPLINE_CURVE_WITH_KNOTS('',3,(#4631,#4632,#4633,#4634,#4635,#4636,
#4637,#4638,#4639,#4640,#4641,#4642,#4643,#4644,#4645,#4646,#4647,#4648,
#4649,#4650,#4651,#4652,#4653,#4654,#4655),.UNSPECIFIED.,.T.,.F.,(1,1,1,
1,1,1,1,1,1,1,1,1,1,1,1,1,1,1,1,1,1,1,1,1,1,1,1,1,1),(-0.00224253290123041,
-0.00112126645061521,-0.000560633225307604,0.,0.000560633225307603,0.00112126645061521,
0.00224253290123041,0.00336379935184562,0.00448506580246083,0.00560633225307603,
0.00672759870369124,0.00728823192899884,0.00784886515430644,0.00840949837961405,
0.00897013160492165,0.00953076483022925,0.0100913980555369,0.0106520312808445,
0.0112126645061521,0.0123339309567673,0.0134551974073825,0.0145764638579977,
0.0156977303086129,0.0168189967592281,0.0173796299845357,0.0179402632098433,
0.0185008964351509,0.0190615296604585,0.0201827961110737),.UNSPECIFIED.);
#525=B_SPLINE_CURVE_WITH_KNOTS('',3,(#4665,#4666,#4667,#4668,#4669,#4670,
#4671,#4672,#4673,#4674,#4675),.UNSPECIFIED.,.T.,.F.,(1,1,1,1,1,1,1,1,1,
1,1,1,1,1,1),(-0.00680243233568751,-0.00453495489045834,-0.00226747744522917,
0.,0.00226747744522917,0.00453495489045834,0.00680243233568751,0.00906990978091668,
0.0113373872261458,0.013604864671375,0.0158723421166042,0.0181398195618334,
0.0204072970070625,0.0226747744522917,0.0249422518975209),.UNSPECIFIED.);
#526=B_SPLINE_CURVE_WITH_KNOTS('',3,(#4678,#4679,#4680,#4681,#4682,#4683,
#4684,#4685,#4686,#4687,#4688),.UNSPECIFIED.,.T.,.F.,(1,1,1,1,1,1,1,1,1,
1,1,1,1,1,1),(-0.00410420737769952,-0.00273613825179968,-0.00136806912589984,
0.,0.00136806912589984,0.00273613825179968,0.00410420737769952,0.00547227650359936,
0.0068403456294992,0.00820841475539905,0.00957648388129889,0.0109445530071987,
0.0123126221330986,0.0136806912589984,0.0150487603848982),.UNSPECIFIED.);
#527=B_SPLINE_CURVE_WITH_KNOTS('',3,(#4693,#4694,#4695,#4696,#4697,#4698,
#4699,#4700,#4701,#4702,#4703),.UNSPECIFIED.,.T.,.F.,(1,1,1,1,1,1,1,1,1,
1,1,1,1,1,1),(-0.00410420737769955,-0.0027361382517997,-0.00136806912589985,
0.,0.00136806912589985,0.0027361382517997,0.00410420737769955,0.0054722765035994,
0.00684034562949925,0.00820841475539909,0.00957648388129894,0.0109445530071988,
0.0123126221330986,0.0136806912589985,0.0150487603848983),.UNSPECIFIED.);
#528=B_SPLINE_CURVE_WITH_KNOTS('',3,(#4734,#4735,#4736,#4737),
 .UNSPECIFIED.,.F.,.F.,(4,4),(0.000597662636365269,0.000768180457818795),
 .UNSPECIFIED.);
#529=B_SPLINE_CURVE_WITH_KNOTS('',3,(#4739,#4740,#4741,#4742),
 .UNSPECIFIED.,.F.,.F.,(4,4),(0.00135233823798008,0.00149426604376406),
 .UNSPECIFIED.);
#530=B_SPLINE_CURVE_WITH_KNOTS('',3,(#4744,#4745,#4746,#4747,#4748,#4749,
#4750,#4751),.UNSPECIFIED.,.F.,.F.,(4,1,1,1,1,4),(3.46944695195361E-18,
0.0130965315881791,0.0261930631763581,0.0392895947645371,0.0458378605586267,
0.0523861263527162),.UNSPECIFIED.);
#531=B_SPLINE_CURVE_WITH_KNOTS('',3,(#4753,#4754,#4755,#4756),
 .UNSPECIFIED.,.F.,.F.,(4,4),(6.50685503257318E-16,0.00121651456535335),
 .UNSPECIFIED.);
#532=B_SPLINE_CURVE_WITH_KNOTS('',3,(#4769,#4770,#4771,#4772),
 .UNSPECIFIED.,.F.,.F.,(4,4),(7.75791922889773E-18,9.79320061175319E-5),
 .UNSPECIFIED.);
#533=B_SPLINE_CURVE_WITH_KNOTS('',3,(#4775,#4776,#4777,#4778,#4779),
 .UNSPECIFIED.,.F.,.F.,(4,1,4),(1.12957008997076E-16,0.0260536305740358,
0.0521072611480716),.UNSPECIFIED.);
#534=B_SPLINE_CURVE_WITH_KNOTS('',3,(#4781,#4782,#4783,#4784,#4785),
 .UNSPECIFIED.,.F.,.F.,(4,1,4),(0.,0.000887213289208697,0.00177442657841739),
 .UNSPECIFIED.);
#535=B_SPLINE_CURVE_WITH_KNOTS('',3,(#4788,#4789,#4790,#4791),
 .UNSPECIFIED.,.F.,.F.,(4,4),(0.000174020116024803,0.000478702321374783),
 .UNSPECIFIED.);
#536=B_SPLINE_CURVE_WITH_KNOTS('',3,(#4793,#4794,#4795,#4796),
 .UNSPECIFIED.,.F.,.F.,(4,4),(1.58990032769613E-17,0.000150453197591855),
 .UNSPECIFIED.);
#537=B_SPLINE_CURVE_WITH_KNOTS('',3,(#4798,#4799,#4800,#4801),
 .UNSPECIFIED.,.F.,.F.,(4,4),(6.93889390390723E-18,0.000355747795286938),
 .UNSPECIFIED.);
#538=B_SPLINE_CURVE_WITH_KNOTS('',3,(#4809,#4810,#4811,#4812),
 .UNSPECIFIED.,.F.,.F.,(4,4),(0.,0.000122924741588529),.UNSPECIFIED.);
#539=B_SPLINE_CURVE_WITH_KNOTS('',3,(#4817,#4818,#4819,#4820),
 .UNSPECIFIED.,.F.,.F.,(4,4),(0.,0.00137585704902323),.UNSPECIFIED.);
#540=B_SPLINE_CURVE_WITH_KNOTS('',3,(#4821,#4822,#4823,#4824,#4825),
 .UNSPECIFIED.,.F.,.F.,(4,1,4),(0.,0.00081238072908502,0.00162476145817004),
 .UNSPECIFIED.);
#541=B_SPLINE_CURVE_WITH_KNOTS('',3,(#4829,#4830,#4831,#4832),
 .UNSPECIFIED.,.F.,.F.,(4,4),(0.,0.000827990595607994),.UNSPECIFIED.);
#542=B_SPLINE_CURVE_WITH_KNOTS('',3,(#4955,#4956,#4957,#4958),
 .UNSPECIFIED.,.F.,.F.,(4,4),(0.,0.00259174267446092),.UNSPECIFIED.);
#543=B_SPLINE_CURVE_WITH_KNOTS('',3,(#4967,#4968,#4969,#4970),
 .UNSPECIFIED.,.F.,.F.,(4,4),(0.,0.000482445761745786),.UNSPECIFIED.);
#544=B_SPLINE_CURVE_WITH_KNOTS('',3,(#4975,#4976,#4977,#4978),
 .UNSPECIFIED.,.F.,.F.,(4,4),(0.,0.00259174267446075),.UNSPECIFIED.);
#545=B_SPLINE_CURVE_WITH_KNOTS('',3,(#4993,#4994,#4995,#4996),
 .UNSPECIFIED.,.F.,.F.,(4,4),(0.,0.00128503340417912),.UNSPECIFIED.);
#546=B_SPLINE_CURVE_WITH_KNOTS('',3,(#4998,#4999,#5000,#5001),
 .UNSPECIFIED.,.F.,.F.,(4,4),(7.0250946488231E-17,0.00514614412229746),
 .UNSPECIFIED.);
#547=B_SPLINE_CURVE_WITH_KNOTS('',3,(#5003,#5004,#5005,#5006),
 .UNSPECIFIED.,.F.,.F.,(4,4),(0.,1.),.UNSPECIFIED.);
#548=B_SPLINE_CURVE_WITH_KNOTS('',3,(#5019,#5020,#5021,#5022),
 .UNSPECIFIED.,.F.,.F.,(4,4),(0.,0.000198784540877226),.UNSPECIFIED.);
#549=B_SPLINE_CURVE_WITH_KNOTS('',3,(#5029,#5030,#5031,#5032),
 .UNSPECIFIED.,.F.,.F.,(4,4),(0.,0.00193582209215607),.UNSPECIFIED.);
#550=B_SPLINE_CURVE_WITH_KNOTS('',3,(#5034,#5035,#5036,#5037),
 .UNSPECIFIED.,.F.,.F.,(4,4),(1.48971979760564E-10,0.000183774078998053),
 .UNSPECIFIED.);
#551=B_SPLINE_CURVE_WITH_KNOTS('',3,(#5040,#5041,#5042,#5043),
 .UNSPECIFIED.,.F.,.F.,(4,4),(6.48146178820385E-16,0.000815460267375907),
 .UNSPECIFIED.);
#552=B_SPLINE_CURVE_WITH_KNOTS('',3,(#5075,#5076,#5077,#5078,#5079,#5080,
#5081),.UNSPECIFIED.,.F.,.F.,(4,1,1,1,4),(3.10316769155909E-17,0.000378811182017817,
0.000757622364035604,0.00113643354605339,0.00151524472807118),
 .UNSPECIFIED.);
#553=B_SPLINE_CURVE_WITH_KNOTS('',3,(#5083,#5084,#5085,#5086),
 .UNSPECIFIED.,.F.,.F.,(4,4),(0.,0.00815025271472287),.UNSPECIFIED.);
#554=B_SPLINE_CURVE_WITH_KNOTS('',3,(#5088,#5089,#5090,#5091,#5092,#5093,
#5094),.UNSPECIFIED.,.F.,.F.,(4,1,1,1,4),(3.10316769155909E-17,0.000402033060258733,
0.000804066120517436,0.00120609918077614,0.00160813224103484),
 .UNSPECIFIED.);
#555=B_SPLINE_CURVE_WITH_KNOTS('',3,(#5111,#5112,#5113,#5114),
 .UNSPECIFIED.,.F.,.F.,(4,4),(0.,0.973257323868081),.UNSPECIFIED.);
#556=B_SPLINE_CURVE_WITH_KNOTS('',3,(#5116,#5117,#5118,#5119),
 .UNSPECIFIED.,.F.,.F.,(4,4),(0.,0.00088689866898073),.UNSPECIFIED.);
#557=B_SPLINE_CURVE_WITH_KNOTS('',3,(#5121,#5122,#5123,#5124,#5125),
 .UNSPECIFIED.,.F.,.F.,(4,1,4),(0.,0.000804155502172081,0.00160831100434416),
 .UNSPECIFIED.);
#558=B_SPLINE_CURVE_WITH_KNOTS('',3,(#5127,#5128,#5129,#5130),
 .UNSPECIFIED.,.F.,.F.,(4,4),(0.00264157796682516,0.00815027157484266),
 .UNSPECIFIED.);
#559=B_SPLINE_CURVE_WITH_KNOTS('',3,(#5131,#5132,#5133,#5134),
 .UNSPECIFIED.,.F.,.F.,(4,4),(0.,0.000454035206310989),.UNSPECIFIED.);
#560=B_SPLINE_CURVE_WITH_KNOTS('',3,(#5147,#5148,#5149,#5150),
 .UNSPECIFIED.,.F.,.F.,(4,4),(2.59839060166663E-7,0.000546716560655585),
 .UNSPECIFIED.);
#561=B_SPLINE_CURVE_WITH_KNOTS('',3,(#5152,#5153,#5154,#5155),
 .UNSPECIFIED.,.F.,.F.,(4,4),(0.,0.000418640286729157),.UNSPECIFIED.);
#562=B_SPLINE_CURVE_WITH_KNOTS('',3,(#5157,#5158,#5159,#5160),
 .UNSPECIFIED.,.F.,.F.,(4,4),(0.,1.),.UNSPECIFIED.);
#563=B_SPLINE_CURVE_WITH_KNOTS('',3,(#5162,#5163,#5164,#5165),
 .UNSPECIFIED.,.F.,.F.,(4,4),(6.48065128145011E-6,1.),.UNSPECIFIED.);
#564=B_SPLINE_CURVE_WITH_KNOTS('',3,(#5180,#5181,#5182,#5183),
 .UNSPECIFIED.,.F.,.F.,(4,4),(0.,0.575566513033681),.UNSPECIFIED.);
#565=B_SPLINE_CURVE_WITH_KNOTS('',3,(#5204,#5205,#5206,#5207,#5208),
 .UNSPECIFIED.,.F.,.F.,(4,1,4),(1.09713545893022E-17,0.000516511646879551,
0.00103302329375909),.UNSPECIFIED.);
#566=B_SPLINE_CURVE_WITH_KNOTS('',3,(#5210,#5211,#5212,#5213,#5214),
 .UNSPECIFIED.,.F.,.F.,(4,1,4),(2.64225207889099E-17,0.000464409460249457,
0.000928818920498888),.UNSPECIFIED.);
#567=B_SPLINE_CURVE_WITH_KNOTS('',3,(#5216,#5217,#5218,#5219),
 .UNSPECIFIED.,.F.,.F.,(4,4),(0.,0.00815027751737133),.UNSPECIFIED.);
#568=B_SPLINE_CURVE_WITH_KNOTS('',3,(#5223,#5224,#5225,#5226),
 .UNSPECIFIED.,.F.,.F.,(4,4),(2.872400729071E-9,0.000447436909586557),
 .UNSPECIFIED.);
#569=B_SPLINE_CURVE_WITH_KNOTS('',3,(#5228,#5229,#5230,#5231),
 .UNSPECIFIED.,.F.,.F.,(4,4),(6.71844766894019E-6,0.000657597855450665),
 .UNSPECIFIED.);
#570=B_SPLINE_CURVE_WITH_KNOTS('',3,(#5233,#5234,#5235,#5236),
 .UNSPECIFIED.,.F.,.F.,(4,4),(0.,0.00100660511695145),.UNSPECIFIED.);
#571=B_SPLINE_CURVE_WITH_KNOTS('',3,(#5238,#5239,#5240,#5241),
 .UNSPECIFIED.,.F.,.F.,(4,4),(1.3657560613627E-5,0.00032570882522779),
 .UNSPECIFIED.);
#572=B_SPLINE_CURVE_WITH_KNOTS('',3,(#5260,#5261,#5262,#5263,#5264),
 .UNSPECIFIED.,.F.,.F.,(4,1,4),(0.,0.00104648293136095,0.0020929658627219),
 .UNSPECIFIED.);
#573=B_SPLINE_CURVE_WITH_KNOTS('',3,(#5265,#5266,#5267,#5268),
 .UNSPECIFIED.,.F.,.F.,(4,4),(0.600101374458185,1.),.UNSPECIFIED.);
#574=B_SPLINE_CURVE_WITH_KNOTS('',3,(#5277,#5278,#5279,#5280,#5281),
 .UNSPECIFIED.,.F.,.F.,(4,1,4),(0.,0.000780639477223861,0.00156127895444772),
 .UNSPECIFIED.);
#575=B_SPLINE_CURVE_WITH_KNOTS('',3,(#5283,#5284,#5285,#5286),
 .UNSPECIFIED.,.F.,.F.,(4,4),(0.,0.000322959419906424),.UNSPECIFIED.);
#576=B_SPLINE_CURVE_WITH_KNOTS('',3,(#5288,#5289,#5290,#5291),
 .UNSPECIFIED.,.F.,.F.,(4,4),(3.43558415536866E-14,0.000998963003688518),
 .UNSPECIFIED.);
#577=B_SPLINE_CURVE_WITH_KNOTS('',3,(#5293,#5294,#5295,#5296),
 .UNSPECIFIED.,.F.,.F.,(4,4),(1.2830444495951E-12,0.000186835367199474),
 .UNSPECIFIED.);
#578=B_SPLINE_CURVE_WITH_KNOTS('',3,(#5305,#5306,#5307,#5308),
 .UNSPECIFIED.,.F.,.F.,(4,4),(4.13796096064448E-17,0.0237634305646005),
 .UNSPECIFIED.);
#579=B_SPLINE_CURVE_WITH_KNOTS('',3,(#5311,#5312,#5313,#5314,#5315),
 .UNSPECIFIED.,.F.,.F.,(4,1,4),(3.17980065539225E-17,0.000478566595312692,
0.000957133190625353),.UNSPECIFIED.);
#580=B_SPLINE_CURVE_WITH_KNOTS('',3,(#5320,#5321,#5322,#5323),
 .UNSPECIFIED.,.F.,.F.,(4,4),(0.,0.0526693872548202),.UNSPECIFIED.);
#581=B_SPLINE_CURVE_WITH_KNOTS('',3,(#5324,#5325,#5326,#5327),
 .UNSPECIFIED.,.F.,.F.,(4,4),(0.232642742031217,0.232994027588876),
 .UNSPECIFIED.);
#582=B_SPLINE_CURVE_WITH_KNOTS('',3,(#5330,#5331,#5332,#5333,#5334,#5335),
 .UNSPECIFIED.,.F.,.F.,(4,1,1,4),(0.,0.00245137011362486,0.00490274022724973,
0.00980548045449946),.UNSPECIFIED.);
#583=B_SPLINE_CURVE_WITH_KNOTS('',3,(#5337,#5338,#5339,#5340),
 .UNSPECIFIED.,.F.,.F.,(4,4),(0.,0.00976975481277288),.UNSPECIFIED.);
#584=B_SPLINE_CURVE_WITH_KNOTS('',3,(#5359,#5360,#5361,#5362),
 .UNSPECIFIED.,.F.,.F.,(4,4),(0.,0.42225624080205),.UNSPECIFIED.);
#585=B_SPLINE_CURVE_WITH_KNOTS('',3,(#5365,#5366,#5367,#5368,#5369),
 .UNSPECIFIED.,.F.,.F.,(4,1,4),(0.,0.000963216668438852,0.0019264333368777),
 .UNSPECIFIED.);
#586=B_SPLINE_CURVE_WITH_KNOTS('',3,(#5378,#5379,#5380,#5381,#5382),
 .UNSPECIFIED.,.F.,.F.,(4,1,4),(0.,0.000803118781657679,0.00160623756331536),
 .UNSPECIFIED.);
#587=B_SPLINE_CURVE_WITH_KNOTS('',3,(#5391,#5392,#5393,#5394),
 .UNSPECIFIED.,.F.,.F.,(4,4),(0.232994027588876,0.414346301070595),
 .UNSPECIFIED.);
#588=B_SPLINE_CURVE_WITH_KNOTS('',3,(#5432,#5433,#5434,#5435,#5436,#5437,
#5438,#5439,#5440,#5441,#5442,#5443,#5444,#5445,#5446,#5447,#5448),
 .UNSPECIFIED.,.F.,.F.,(4,1,1,1,1,1,1,1,1,1,1,1,1,1,4),(0.,0.000177645118107617,
0.000355290236215234,0.000532935354322851,0.000710580472430467,0.0010658707086457,
0.00142116094486093,0.0021317414172914,0.00284232188972187,0.00355290236215234,
0.0042634828345828,0.00568464377944374,0.00710580472430467,0.00852696566916561,
0.0113692875588875),.UNSPECIFIED.);
#589=B_SPLINE_CURVE_WITH_KNOTS('',3,(#5459,#5460,#5461,#5462,#5463,#5464,
#5465,#5466,#5467,#5468,#5469,#5470,#5471,#5472,#5473,#5474),
 .UNSPECIFIED.,.F.,.F.,(4,1,1,1,1,1,1,1,1,1,1,1,1,4),(0.,0.000174074337052703,
0.000348148674105407,0.000696297348210814,0.00104444602231622,0.00139259469642163,
0.00208889204463244,0.00278518939284325,0.00348148674105407,0.00417778408926488,
0.00557037878568651,0.00696297348210814,0.00835556817852976,0.011140757571373),
 .UNSPECIFIED.);
#590=B_SPLINE_CURVE_WITH_KNOTS('',3,(#5475,#5476,#5477,#5478,#5479),
 .UNSPECIFIED.,.F.,.F.,(4,1,4),(0.,0.00093435026284691,0.00186870052569382),
 .UNSPECIFIED.);
#591=B_SPLINE_CURVE_WITH_KNOTS('',3,(#5485,#5486,#5487,#5488,#5489),
 .UNSPECIFIED.,.F.,.F.,(4,1,4),(0.,0.000934350262846895,0.00186870052569379),
 .UNSPECIFIED.);
#592=B_SPLINE_CURVE_WITH_KNOTS('',3,(#5496,#5497,#5498,#5499,#5500,#5501,
#5502,#5503,#5504,#5505,#5506,#5507,#5508,#5509,#5510,#5511),
 .UNSPECIFIED.,.F.,.F.,(4,1,1,1,1,1,1,1,1,1,1,1,1,4),(0.,0.000173358573745923,
0.000346717147491847,0.000693434294983694,0.00104015144247554,0.00138686858996739,
0.00208030288495108,0.00277373717993478,0.00346717147491847,0.00416060576990216,
0.00554747435986955,0.00693434294983694,0.00832121153980432,0.0110949487197391),
 .UNSPECIFIED.);
#593=B_SPLINE_CURVE_WITH_KNOTS('',3,(#5517,#5518,#5519,#5520,#5521,#5522,
#5523,#5524,#5525,#5526,#5527,#5528,#5529,#5530,#5531,#5532,#5533),
 .UNSPECIFIED.,.F.,.F.,(4,1,1,1,1,1,1,1,1,1,1,1,1,1,4),(0.,0.000176749989234917,
0.000353499978469835,0.000530249967704752,0.00070699995693967,0.0010604999354095,
0.00141399991387934,0.00212099987081901,0.00282799982775868,0.00353499978469835,
0.00424199974163802,0.00565599965551736,0.0070699995693967,0.00848399948327604,
0.0113119993110347),.UNSPECIFIED.);
#594=B_SPLINE_CURVE_WITH_KNOTS('',3,(#5548,#5549,#5550,#5551),
 .UNSPECIFIED.,.F.,.F.,(4,4),(0.00194113131994064,0.0021632159274967),
 .UNSPECIFIED.);
#595=B_SPLINE_CURVE_WITH_KNOTS('',3,(#5553,#5554,#5555,#5556,#5557,#5558,
#5559,#5560),.UNSPECIFIED.,.F.,.F.,(4,1,1,1,1,4),(0.,0.000405752177409399,
0.000811504354818799,0.0016230087096376,0.0024345130644564,0.0032460174192752),
 .UNSPECIFIED.);
#596=B_SPLINE_CURVE_WITH_KNOTS('',3,(#5564,#5565,#5566,#5567,#5568,#5569,
#5570,#5571),.UNSPECIFIED.,.F.,.F.,(4,1,1,1,1,4),(0.,0.000807045139552398,
0.0016140902791048,0.00242113541865719,0.00282465798843339,0.00322818055820959),
 .UNSPECIFIED.);
#597=ORIENTED_EDGE('',*,*,#1445,.F.);
#598=ORIENTED_EDGE('',*,*,#1446,.F.);
#599=ORIENTED_EDGE('',*,*,#1447,.F.);
#600=ORIENTED_EDGE('',*,*,#1448,.F.);
#601=ORIENTED_EDGE('',*,*,#1449,.F.);
#602=ORIENTED_EDGE('',*,*,#1450,.F.);
#603=ORIENTED_EDGE('',*,*,#1451,.T.);
#604=ORIENTED_EDGE('',*,*,#1452,.T.);
#605=ORIENTED_EDGE('',*,*,#1453,.F.);
#606=ORIENTED_EDGE('',*,*,#1454,.T.);
#607=ORIENTED_EDGE('',*,*,#1455,.F.);
#608=ORIENTED_EDGE('',*,*,#1456,.T.);
#609=ORIENTED_EDGE('',*,*,#1457,.F.);
#610=ORIENTED_EDGE('',*,*,#1458,.T.);
#611=ORIENTED_EDGE('',*,*,#1459,.T.);
#612=ORIENTED_EDGE('',*,*,#1460,.F.);
#613=ORIENTED_EDGE('',*,*,#1461,.F.);
#614=ORIENTED_EDGE('',*,*,#1462,.F.);
#615=ORIENTED_EDGE('',*,*,#1463,.F.);
#616=ORIENTED_EDGE('',*,*,#1464,.F.);
#617=ORIENTED_EDGE('',*,*,#1465,.T.);
#618=ORIENTED_EDGE('',*,*,#1466,.F.);
#619=ORIENTED_EDGE('',*,*,#1467,.F.);
#620=ORIENTED_EDGE('',*,*,#1468,.F.);
#621=ORIENTED_EDGE('',*,*,#1469,.F.);
#622=ORIENTED_EDGE('',*,*,#1470,.F.);
#623=ORIENTED_EDGE('',*,*,#1471,.T.);
#624=ORIENTED_EDGE('',*,*,#1472,.F.);
#625=ORIENTED_EDGE('',*,*,#1473,.T.);
#626=ORIENTED_EDGE('',*,*,#1474,.T.);
#627=ORIENTED_EDGE('',*,*,#1475,.F.);
#628=ORIENTED_EDGE('',*,*,#1472,.T.);
#629=ORIENTED_EDGE('',*,*,#1476,.T.);
#630=ORIENTED_EDGE('',*,*,#1477,.T.);
#631=ORIENTED_EDGE('',*,*,#1478,.F.);
#632=ORIENTED_EDGE('',*,*,#1479,.T.);
#633=ORIENTED_EDGE('',*,*,#1480,.T.);
#634=ORIENTED_EDGE('',*,*,#1481,.T.);
#635=ORIENTED_EDGE('',*,*,#1482,.F.);
#636=ORIENTED_EDGE('',*,*,#1483,.F.);
#637=ORIENTED_EDGE('',*,*,#1484,.F.);
#638=ORIENTED_EDGE('',*,*,#1485,.F.);
#639=ORIENTED_EDGE('',*,*,#1486,.F.);
#640=ORIENTED_EDGE('',*,*,#1451,.F.);
#641=ORIENTED_EDGE('',*,*,#1487,.T.);
#642=ORIENTED_EDGE('',*,*,#1488,.F.);
#643=ORIENTED_EDGE('',*,*,#1489,.T.);
#644=ORIENTED_EDGE('',*,*,#1490,.T.);
#645=ORIENTED_EDGE('',*,*,#1491,.F.);
#646=ORIENTED_EDGE('',*,*,#1473,.F.);
#647=ORIENTED_EDGE('',*,*,#1492,.T.);
#648=ORIENTED_EDGE('',*,*,#1493,.F.);
#649=ORIENTED_EDGE('',*,*,#1494,.T.);
#650=ORIENTED_EDGE('',*,*,#1495,.T.);
#651=ORIENTED_EDGE('',*,*,#1496,.T.);
#652=ORIENTED_EDGE('',*,*,#1497,.T.);
#653=ORIENTED_EDGE('',*,*,#1498,.T.);
#654=ORIENTED_EDGE('',*,*,#1499,.T.);
#655=ORIENTED_EDGE('',*,*,#1500,.F.);
#656=ORIENTED_EDGE('',*,*,#1501,.T.);
#657=ORIENTED_EDGE('',*,*,#1502,.T.);
#658=ORIENTED_EDGE('',*,*,#1455,.T.);
#659=ORIENTED_EDGE('',*,*,#1503,.T.);
#660=ORIENTED_EDGE('',*,*,#1504,.T.);
#661=ORIENTED_EDGE('',*,*,#1505,.T.);
#662=ORIENTED_EDGE('',*,*,#1506,.F.);
#663=ORIENTED_EDGE('',*,*,#1507,.T.);
#664=ORIENTED_EDGE('',*,*,#1508,.T.);
#665=ORIENTED_EDGE('',*,*,#1482,.T.);
#666=ORIENTED_EDGE('',*,*,#1509,.T.);
#667=ORIENTED_EDGE('',*,*,#1510,.T.);
#668=ORIENTED_EDGE('',*,*,#1511,.T.);
#669=ORIENTED_EDGE('',*,*,#1512,.T.);
#670=ORIENTED_EDGE('',*,*,#1513,.T.);
#671=ORIENTED_EDGE('',*,*,#1514,.T.);
#672=ORIENTED_EDGE('',*,*,#1515,.T.);
#673=ORIENTED_EDGE('',*,*,#1516,.F.);
#674=ORIENTED_EDGE('',*,*,#1517,.F.);
#675=ORIENTED_EDGE('',*,*,#1518,.T.);
#676=ORIENTED_EDGE('',*,*,#1519,.T.);
#677=ORIENTED_EDGE('',*,*,#1520,.F.);
#678=ORIENTED_EDGE('',*,*,#1521,.T.);
#679=ORIENTED_EDGE('',*,*,#1522,.T.);
#680=ORIENTED_EDGE('',*,*,#1523,.F.);
#681=ORIENTED_EDGE('',*,*,#1524,.T.);
#682=ORIENTED_EDGE('',*,*,#1525,.T.);
#683=ORIENTED_EDGE('',*,*,#1526,.T.);
#684=ORIENTED_EDGE('',*,*,#1527,.F.);
#685=ORIENTED_EDGE('',*,*,#1528,.F.);
#686=ORIENTED_EDGE('',*,*,#1529,.T.);
#687=ORIENTED_EDGE('',*,*,#1530,.F.);
#688=ORIENTED_EDGE('',*,*,#1531,.T.);
#689=ORIENTED_EDGE('',*,*,#1494,.F.);
#690=ORIENTED_EDGE('',*,*,#1496,.F.);
#691=ORIENTED_EDGE('',*,*,#1528,.T.);
#692=ORIENTED_EDGE('',*,*,#1532,.T.);
#693=ORIENTED_EDGE('',*,*,#1533,.T.);
#694=ORIENTED_EDGE('',*,*,#1534,.T.);
#695=ORIENTED_EDGE('',*,*,#1535,.T.);
#696=ORIENTED_EDGE('',*,*,#1536,.T.);
#697=ORIENTED_EDGE('',*,*,#1537,.T.);
#698=ORIENTED_EDGE('',*,*,#1538,.T.);
#699=ORIENTED_EDGE('',*,*,#1539,.T.);
#700=ORIENTED_EDGE('',*,*,#1530,.T.);
#701=ORIENTED_EDGE('',*,*,#1540,.F.);
#702=ORIENTED_EDGE('',*,*,#1541,.F.);
#703=ORIENTED_EDGE('',*,*,#1542,.F.);
#704=ORIENTED_EDGE('',*,*,#1543,.F.);
#705=ORIENTED_EDGE('',*,*,#1480,.F.);
#706=ORIENTED_EDGE('',*,*,#1544,.F.);
#707=ORIENTED_EDGE('',*,*,#1545,.T.);
#708=ORIENTED_EDGE('',*,*,#1546,.T.);
#709=ORIENTED_EDGE('',*,*,#1547,.F.);
#710=ORIENTED_EDGE('',*,*,#1462,.T.);
#711=ORIENTED_EDGE('',*,*,#1548,.F.);
#712=ORIENTED_EDGE('',*,*,#1549,.F.);
#713=ORIENTED_EDGE('',*,*,#1550,.F.);
#714=ORIENTED_EDGE('',*,*,#1551,.F.);
#715=ORIENTED_EDGE('',*,*,#1548,.T.);
#716=ORIENTED_EDGE('',*,*,#1461,.T.);
#717=ORIENTED_EDGE('',*,*,#1552,.T.);
#718=ORIENTED_EDGE('',*,*,#1553,.T.);
#719=ORIENTED_EDGE('',*,*,#1543,.T.);
#720=ORIENTED_EDGE('',*,*,#1554,.T.);
#721=ORIENTED_EDGE('',*,*,#1555,.F.);
#722=ORIENTED_EDGE('',*,*,#1556,.F.);
#723=ORIENTED_EDGE('',*,*,#1504,.F.);
#724=ORIENTED_EDGE('',*,*,#1557,.F.);
#725=ORIENTED_EDGE('',*,*,#1558,.F.);
#726=ORIENTED_EDGE('',*,*,#1546,.F.);
#727=ORIENTED_EDGE('',*,*,#1559,.T.);
#728=ORIENTED_EDGE('',*,*,#1560,.F.);
#729=ORIENTED_EDGE('',*,*,#1561,.F.);
#730=ORIENTED_EDGE('',*,*,#1562,.T.);
#731=ORIENTED_EDGE('',*,*,#1563,.T.);
#732=ORIENTED_EDGE('',*,*,#1564,.T.);
#733=ORIENTED_EDGE('',*,*,#1565,.T.);
#734=ORIENTED_EDGE('',*,*,#1566,.T.);
#735=ORIENTED_EDGE('',*,*,#1521,.F.);
#736=ORIENTED_EDGE('',*,*,#1567,.F.);
#737=ORIENTED_EDGE('',*,*,#1522,.F.);
#738=ORIENTED_EDGE('',*,*,#1568,.T.);
#739=ORIENTED_EDGE('',*,*,#1569,.T.);
#740=ORIENTED_EDGE('',*,*,#1570,.T.);
#741=ORIENTED_EDGE('',*,*,#1571,.T.);
#742=ORIENTED_EDGE('',*,*,#1572,.T.);
#743=ORIENTED_EDGE('',*,*,#1573,.T.);
#744=ORIENTED_EDGE('',*,*,#1574,.T.);
#745=ORIENTED_EDGE('',*,*,#1575,.T.);
#746=ORIENTED_EDGE('',*,*,#1576,.T.);
#747=ORIENTED_EDGE('',*,*,#1577,.T.);
#748=ORIENTED_EDGE('',*,*,#1578,.T.);
#749=ORIENTED_EDGE('',*,*,#1579,.T.);
#750=ORIENTED_EDGE('',*,*,#1580,.T.);
#751=ORIENTED_EDGE('',*,*,#1581,.T.);
#752=ORIENTED_EDGE('',*,*,#1582,.T.);
#753=ORIENTED_EDGE('',*,*,#1583,.T.);
#754=ORIENTED_EDGE('',*,*,#1584,.T.);
#755=ORIENTED_EDGE('',*,*,#1585,.T.);
#756=ORIENTED_EDGE('',*,*,#1586,.T.);
#757=ORIENTED_EDGE('',*,*,#1587,.T.);
#758=ORIENTED_EDGE('',*,*,#1588,.T.);
#759=ORIENTED_EDGE('',*,*,#1589,.T.);
#760=ORIENTED_EDGE('',*,*,#1590,.T.);
#761=ORIENTED_EDGE('',*,*,#1591,.F.);
#762=ORIENTED_EDGE('',*,*,#1592,.T.);
#763=ORIENTED_EDGE('',*,*,#1593,.F.);
#764=ORIENTED_EDGE('',*,*,#1594,.F.);
#765=ORIENTED_EDGE('',*,*,#1526,.F.);
#766=ORIENTED_EDGE('',*,*,#1595,.F.);
#767=ORIENTED_EDGE('',*,*,#1596,.T.);
#768=ORIENTED_EDGE('',*,*,#1597,.T.);
#769=ORIENTED_EDGE('',*,*,#1524,.F.);
#770=ORIENTED_EDGE('',*,*,#1568,.F.);
#771=ORIENTED_EDGE('',*,*,#1523,.T.);
#772=ORIENTED_EDGE('',*,*,#1594,.T.);
#773=ORIENTED_EDGE('',*,*,#1598,.T.);
#774=ORIENTED_EDGE('',*,*,#1599,.T.);
#775=ORIENTED_EDGE('',*,*,#1595,.T.);
#776=ORIENTED_EDGE('',*,*,#1591,.T.);
#777=ORIENTED_EDGE('',*,*,#1597,.F.);
#778=ORIENTED_EDGE('',*,*,#1600,.F.);
#779=ORIENTED_EDGE('',*,*,#1601,.F.);
#780=ORIENTED_EDGE('',*,*,#1592,.F.);
#781=ORIENTED_EDGE('',*,*,#1525,.F.);
#782=ORIENTED_EDGE('',*,*,#1601,.T.);
#783=ORIENTED_EDGE('',*,*,#1602,.F.);
#784=ORIENTED_EDGE('',*,*,#1598,.F.);
#785=ORIENTED_EDGE('',*,*,#1593,.T.);
#786=ORIENTED_EDGE('',*,*,#1600,.T.);
#787=ORIENTED_EDGE('',*,*,#1596,.F.);
#788=ORIENTED_EDGE('',*,*,#1599,.F.);
#789=ORIENTED_EDGE('',*,*,#1602,.T.);
#790=ORIENTED_EDGE('',*,*,#1520,.T.);
#791=ORIENTED_EDGE('',*,*,#1603,.F.);
#792=ORIENTED_EDGE('',*,*,#1604,.F.);
#793=ORIENTED_EDGE('',*,*,#1605,.T.);
#794=ORIENTED_EDGE('',*,*,#1606,.F.);
#795=ORIENTED_EDGE('',*,*,#1607,.T.);
#796=ORIENTED_EDGE('',*,*,#1608,.T.);
#797=ORIENTED_EDGE('',*,*,#1518,.F.);
#798=ORIENTED_EDGE('',*,*,#1567,.T.);
#799=ORIENTED_EDGE('',*,*,#1517,.T.);
#800=ORIENTED_EDGE('',*,*,#1605,.F.);
#801=ORIENTED_EDGE('',*,*,#1609,.F.);
#802=ORIENTED_EDGE('',*,*,#1610,.F.);
#803=ORIENTED_EDGE('',*,*,#1606,.T.);
#804=ORIENTED_EDGE('',*,*,#1589,.F.);
#805=ORIENTED_EDGE('',*,*,#1608,.F.);
#806=ORIENTED_EDGE('',*,*,#1611,.T.);
#807=ORIENTED_EDGE('',*,*,#1612,.T.);
#808=ORIENTED_EDGE('',*,*,#1603,.T.);
#809=ORIENTED_EDGE('',*,*,#1519,.F.);
#810=ORIENTED_EDGE('',*,*,#1612,.F.);
#811=ORIENTED_EDGE('',*,*,#1613,.F.);
#812=ORIENTED_EDGE('',*,*,#1609,.T.);
#813=ORIENTED_EDGE('',*,*,#1604,.T.);
#814=ORIENTED_EDGE('',*,*,#1611,.F.);
#815=ORIENTED_EDGE('',*,*,#1607,.F.);
#816=ORIENTED_EDGE('',*,*,#1610,.T.);
#817=ORIENTED_EDGE('',*,*,#1613,.T.);
#818=ORIENTED_EDGE('',*,*,#1614,.T.);
#819=ORIENTED_EDGE('',*,*,#1615,.T.);
#820=ORIENTED_EDGE('',*,*,#1616,.T.);
#821=ORIENTED_EDGE('',*,*,#1617,.T.);
#822=ORIENTED_EDGE('',*,*,#1618,.T.);
#823=ORIENTED_EDGE('',*,*,#1619,.T.);
#824=ORIENTED_EDGE('',*,*,#1560,.T.);
#825=ORIENTED_EDGE('',*,*,#1620,.T.);
#826=ORIENTED_EDGE('',*,*,#1621,.T.);
#827=ORIENTED_EDGE('',*,*,#1622,.T.);
#828=ORIENTED_EDGE('',*,*,#1481,.F.);
#829=ORIENTED_EDGE('',*,*,#1553,.F.);
#830=ORIENTED_EDGE('',*,*,#1623,.T.);
#831=ORIENTED_EDGE('',*,*,#1624,.F.);
#832=ORIENTED_EDGE('',*,*,#1625,.T.);
#833=ORIENTED_EDGE('',*,*,#1626,.T.);
#834=ORIENTED_EDGE('',*,*,#1619,.F.);
#835=ORIENTED_EDGE('',*,*,#1627,.T.);
#836=ORIENTED_EDGE('',*,*,#1624,.T.);
#837=ORIENTED_EDGE('',*,*,#1628,.T.);
#838=ORIENTED_EDGE('',*,*,#1629,.T.);
#839=ORIENTED_EDGE('',*,*,#1558,.T.);
#840=ORIENTED_EDGE('',*,*,#1630,.F.);
#841=ORIENTED_EDGE('',*,*,#1561,.T.);
#842=ORIENTED_EDGE('',*,*,#1631,.F.);
#843=ORIENTED_EDGE('',*,*,#1632,.F.);
#844=ORIENTED_EDGE('',*,*,#1633,.T.);
#845=ORIENTED_EDGE('',*,*,#1628,.F.);
#846=ORIENTED_EDGE('',*,*,#1623,.F.);
#847=ORIENTED_EDGE('',*,*,#1552,.F.);
#848=ORIENTED_EDGE('',*,*,#1634,.F.);
#849=ORIENTED_EDGE('',*,*,#1635,.T.);
#850=ORIENTED_EDGE('',*,*,#1636,.F.);
#851=ORIENTED_EDGE('',*,*,#1459,.F.);
#852=ORIENTED_EDGE('',*,*,#1637,.T.);
#853=ORIENTED_EDGE('',*,*,#1557,.T.);
#854=ORIENTED_EDGE('',*,*,#1503,.F.);
#855=ORIENTED_EDGE('',*,*,#1454,.F.);
#856=ORIENTED_EDGE('',*,*,#1638,.F.);
#857=ORIENTED_EDGE('',*,*,#1639,.F.);
#858=ORIENTED_EDGE('',*,*,#1640,.F.);
#859=ORIENTED_EDGE('',*,*,#1641,.T.);
#860=ORIENTED_EDGE('',*,*,#1458,.F.);
#861=ORIENTED_EDGE('',*,*,#1642,.T.);
#862=ORIENTED_EDGE('',*,*,#1643,.T.);
#863=ORIENTED_EDGE('',*,*,#1644,.T.);
#864=ORIENTED_EDGE('',*,*,#1641,.F.);
#865=ORIENTED_EDGE('',*,*,#1547,.T.);
#866=ORIENTED_EDGE('',*,*,#1630,.T.);
#867=ORIENTED_EDGE('',*,*,#1637,.F.);
#868=ORIENTED_EDGE('',*,*,#1645,.F.);
#869=ORIENTED_EDGE('',*,*,#1646,.T.);
#870=ORIENTED_EDGE('',*,*,#1647,.T.);
#871=ORIENTED_EDGE('',*,*,#1648,.F.);
#872=ORIENTED_EDGE('',*,*,#1493,.T.);
#873=ORIENTED_EDGE('',*,*,#1649,.T.);
#874=ORIENTED_EDGE('',*,*,#1506,.T.);
#875=ORIENTED_EDGE('',*,*,#1650,.F.);
#876=ORIENTED_EDGE('',*,*,#1651,.F.);
#877=ORIENTED_EDGE('',*,*,#1652,.T.);
#878=ORIENTED_EDGE('',*,*,#1653,.T.);
#879=ORIENTED_EDGE('',*,*,#1654,.T.);
#880=ORIENTED_EDGE('',*,*,#1631,.T.);
#881=ORIENTED_EDGE('',*,*,#1554,.F.);
#882=ORIENTED_EDGE('',*,*,#1542,.T.);
#883=ORIENTED_EDGE('',*,*,#1505,.F.);
#884=ORIENTED_EDGE('',*,*,#1556,.T.);
#885=ORIENTED_EDGE('',*,*,#1655,.F.);
#886=ORIENTED_EDGE('',*,*,#1465,.F.);
#887=ORIENTED_EDGE('',*,*,#1656,.F.);
#888=ORIENTED_EDGE('',*,*,#1645,.T.);
#889=ORIENTED_EDGE('',*,*,#1657,.F.);
#890=ORIENTED_EDGE('',*,*,#1466,.T.);
#891=ORIENTED_EDGE('',*,*,#1655,.T.);
#892=ORIENTED_EDGE('',*,*,#1555,.T.);
#893=ORIENTED_EDGE('',*,*,#1629,.F.);
#894=ORIENTED_EDGE('',*,*,#1633,.F.);
#895=ORIENTED_EDGE('',*,*,#1632,.T.);
#896=ORIENTED_EDGE('',*,*,#1654,.F.);
#897=ORIENTED_EDGE('',*,*,#1468,.T.);
#898=ORIENTED_EDGE('',*,*,#1658,.F.);
#899=ORIENTED_EDGE('',*,*,#1659,.F.);
#900=ORIENTED_EDGE('',*,*,#1660,.F.);
#901=ORIENTED_EDGE('',*,*,#1661,.F.);
#902=ORIENTED_EDGE('',*,*,#1653,.F.);
#903=ORIENTED_EDGE('',*,*,#1652,.F.);
#904=ORIENTED_EDGE('',*,*,#1662,.F.);
#905=ORIENTED_EDGE('',*,*,#1663,.F.);
#906=ORIENTED_EDGE('',*,*,#1661,.T.);
#907=ORIENTED_EDGE('',*,*,#1664,.F.);
#908=ORIENTED_EDGE('',*,*,#1469,.T.);
#909=ORIENTED_EDGE('',*,*,#1663,.T.);
#910=ORIENTED_EDGE('',*,*,#1508,.F.);
#911=ORIENTED_EDGE('',*,*,#1665,.T.);
#912=ORIENTED_EDGE('',*,*,#1476,.F.);
#913=ORIENTED_EDGE('',*,*,#1471,.F.);
#914=ORIENTED_EDGE('',*,*,#1666,.F.);
#915=ORIENTED_EDGE('',*,*,#1483,.T.);
#916=ORIENTED_EDGE('',*,*,#1667,.F.);
#917=ORIENTED_EDGE('',*,*,#1484,.T.);
#918=ORIENTED_EDGE('',*,*,#1666,.T.);
#919=ORIENTED_EDGE('',*,*,#1668,.F.);
#920=ORIENTED_EDGE('',*,*,#1463,.T.);
#921=ORIENTED_EDGE('',*,*,#1669,.F.);
#922=ORIENTED_EDGE('',*,*,#1670,.F.);
#923=ORIENTED_EDGE('',*,*,#1669,.T.);
#924=ORIENTED_EDGE('',*,*,#1640,.T.);
#925=ORIENTED_EDGE('',*,*,#1671,.F.);
#926=ORIENTED_EDGE('',*,*,#1672,.F.);
#927=ORIENTED_EDGE('',*,*,#1673,.T.);
#928=ORIENTED_EDGE('',*,*,#1674,.T.);
#929=ORIENTED_EDGE('',*,*,#1516,.T.);
#930=ORIENTED_EDGE('',*,*,#1614,.F.);
#931=ORIENTED_EDGE('',*,*,#1675,.T.);
#932=ORIENTED_EDGE('',*,*,#1676,.F.);
#933=ORIENTED_EDGE('',*,*,#1677,.T.);
#934=ORIENTED_EDGE('',*,*,#1678,.T.);
#935=ORIENTED_EDGE('',*,*,#1501,.F.);
#936=ORIENTED_EDGE('',*,*,#1674,.F.);
#937=ORIENTED_EDGE('',*,*,#1679,.F.);
#938=ORIENTED_EDGE('',*,*,#1680,.F.);
#939=ORIENTED_EDGE('',*,*,#1488,.T.);
#940=ORIENTED_EDGE('',*,*,#1681,.T.);
#941=ORIENTED_EDGE('',*,*,#1682,.F.);
#942=ORIENTED_EDGE('',*,*,#1679,.T.);
#943=ORIENTED_EDGE('',*,*,#1673,.F.);
#944=ORIENTED_EDGE('',*,*,#1677,.F.);
#945=ORIENTED_EDGE('',*,*,#1676,.T.);
#946=ORIENTED_EDGE('',*,*,#1683,.T.);
#947=ORIENTED_EDGE('',*,*,#1678,.F.);
#948=ORIENTED_EDGE('',*,*,#1683,.F.);
#949=ORIENTED_EDGE('',*,*,#1572,.F.);
#950=ORIENTED_EDGE('',*,*,#1684,.T.);
#951=ORIENTED_EDGE('',*,*,#1513,.F.);
#952=ORIENTED_EDGE('',*,*,#1685,.F.);
#953=ORIENTED_EDGE('',*,*,#1587,.F.);
#954=ORIENTED_EDGE('',*,*,#1686,.T.);
#955=ORIENTED_EDGE('',*,*,#1571,.F.);
#956=ORIENTED_EDGE('',*,*,#1687,.F.);
#957=ORIENTED_EDGE('',*,*,#1688,.F.);
#958=ORIENTED_EDGE('',*,*,#1689,.F.);
#959=ORIENTED_EDGE('',*,*,#1685,.T.);
#960=ORIENTED_EDGE('',*,*,#1689,.T.);
#961=ORIENTED_EDGE('',*,*,#1579,.F.);
#962=ORIENTED_EDGE('',*,*,#1690,.F.);
#963=ORIENTED_EDGE('',*,*,#1573,.F.);
#964=ORIENTED_EDGE('',*,*,#1691,.F.);
#965=ORIENTED_EDGE('',*,*,#1570,.F.);
#966=ORIENTED_EDGE('',*,*,#1692,.F.);
#967=ORIENTED_EDGE('',*,*,#1536,.F.);
#968=ORIENTED_EDGE('',*,*,#1687,.T.);
#969=ORIENTED_EDGE('',*,*,#1691,.T.);
#970=ORIENTED_EDGE('',*,*,#1693,.F.);
#971=ORIENTED_EDGE('',*,*,#1688,.T.);
#972=ORIENTED_EDGE('',*,*,#1512,.F.);
#973=ORIENTED_EDGE('',*,*,#1694,.F.);
#974=ORIENTED_EDGE('',*,*,#1580,.F.);
#975=ORIENTED_EDGE('',*,*,#1692,.T.);
#976=ORIENTED_EDGE('',*,*,#1690,.T.);
#977=ORIENTED_EDGE('',*,*,#1695,.F.);
#978=ORIENTED_EDGE('',*,*,#1535,.F.);
#979=ORIENTED_EDGE('',*,*,#1449,.T.);
#980=ORIENTED_EDGE('',*,*,#1696,.T.);
#981=ORIENTED_EDGE('',*,*,#1583,.F.);
#982=ORIENTED_EDGE('',*,*,#1693,.T.);
#983=ORIENTED_EDGE('',*,*,#1697,.F.);
#984=ORIENTED_EDGE('',*,*,#1698,.F.);
#985=ORIENTED_EDGE('',*,*,#1694,.T.);
#986=ORIENTED_EDGE('',*,*,#1698,.T.);
#987=ORIENTED_EDGE('',*,*,#1578,.F.);
#988=ORIENTED_EDGE('',*,*,#1699,.F.);
#989=ORIENTED_EDGE('',*,*,#1581,.F.);
#990=ORIENTED_EDGE('',*,*,#1695,.T.);
#991=ORIENTED_EDGE('',*,*,#1582,.F.);
#992=ORIENTED_EDGE('',*,*,#1700,.F.);
#993=ORIENTED_EDGE('',*,*,#1537,.F.);
#994=ORIENTED_EDGE('',*,*,#1701,.T.);
#995=ORIENTED_EDGE('',*,*,#1702,.T.);
#996=ORIENTED_EDGE('',*,*,#1450,.T.);
#997=ORIENTED_EDGE('',*,*,#1534,.F.);
#998=ORIENTED_EDGE('',*,*,#1703,.F.);
#999=ORIENTED_EDGE('',*,*,#1617,.F.);
#1000=ORIENTED_EDGE('',*,*,#1511,.F.);
#1001=ORIENTED_EDGE('',*,*,#1704,.T.);
#1002=ORIENTED_EDGE('',*,*,#1575,.F.);
#1003=ORIENTED_EDGE('',*,*,#1697,.T.);
#1004=ORIENTED_EDGE('',*,*,#1700,.T.);
#1005=ORIENTED_EDGE('',*,*,#1699,.T.);
#1006=ORIENTED_EDGE('',*,*,#1705,.F.);
#1007=ORIENTED_EDGE('',*,*,#1703,.T.);
#1008=ORIENTED_EDGE('',*,*,#1533,.F.);
#1009=ORIENTED_EDGE('',*,*,#1706,.F.);
#1010=ORIENTED_EDGE('',*,*,#1625,.F.);
#1011=ORIENTED_EDGE('',*,*,#1627,.F.);
#1012=ORIENTED_EDGE('',*,*,#1618,.F.);
#1013=ORIENTED_EDGE('',*,*,#1576,.F.);
#1014=ORIENTED_EDGE('',*,*,#1707,.T.);
#1015=ORIENTED_EDGE('',*,*,#1565,.F.);
#1016=ORIENTED_EDGE('',*,*,#1708,.F.);
#1017=ORIENTED_EDGE('',*,*,#1705,.T.);
#1018=ORIENTED_EDGE('',*,*,#1577,.F.);
#1019=ORIENTED_EDGE('',*,*,#1709,.F.);
#1020=ORIENTED_EDGE('',*,*,#1538,.F.);
#1021=ORIENTED_EDGE('',*,*,#1532,.F.);
#1022=ORIENTED_EDGE('',*,*,#1446,.T.);
#1023=ORIENTED_EDGE('',*,*,#1710,.T.);
#1024=ORIENTED_EDGE('',*,*,#1711,.T.);
#1025=ORIENTED_EDGE('',*,*,#1626,.F.);
#1026=ORIENTED_EDGE('',*,*,#1706,.T.);
#1027=ORIENTED_EDGE('',*,*,#1709,.T.);
#1028=ORIENTED_EDGE('',*,*,#1708,.T.);
#1029=ORIENTED_EDGE('',*,*,#1712,.F.);
#1030=ORIENTED_EDGE('',*,*,#1564,.F.);
#1031=ORIENTED_EDGE('',*,*,#1713,.T.);
#1032=ORIENTED_EDGE('',*,*,#1447,.T.);
#1033=ORIENTED_EDGE('',*,*,#1539,.F.);
#1034=ORIENTED_EDGE('',*,*,#1712,.T.);
#1035=ORIENTED_EDGE('',*,*,#1574,.F.);
#1036=ORIENTED_EDGE('',*,*,#1588,.F.);
#1037=ORIENTED_EDGE('',*,*,#1569,.F.);
#1038=ORIENTED_EDGE('',*,*,#1590,.F.);
#1039=ORIENTED_EDGE('',*,*,#1714,.F.);
#1040=ORIENTED_EDGE('',*,*,#1675,.F.);
#1041=ORIENTED_EDGE('',*,*,#1620,.F.);
#1042=ORIENTED_EDGE('',*,*,#1559,.F.);
#1043=ORIENTED_EDGE('',*,*,#1545,.F.);
#1044=ORIENTED_EDGE('',*,*,#1510,.F.);
#1045=ORIENTED_EDGE('',*,*,#1715,.T.);
#1046=ORIENTED_EDGE('',*,*,#1566,.F.);
#1047=ORIENTED_EDGE('',*,*,#1716,.F.);
#1048=ORIENTED_EDGE('',*,*,#1707,.F.);
#1049=ORIENTED_EDGE('',*,*,#1704,.F.);
#1050=ORIENTED_EDGE('',*,*,#1716,.T.);
#1051=ORIENTED_EDGE('',*,*,#1586,.F.);
#1052=ORIENTED_EDGE('',*,*,#1717,.T.);
#1053=ORIENTED_EDGE('',*,*,#1514,.F.);
#1054=ORIENTED_EDGE('',*,*,#1718,.F.);
#1055=ORIENTED_EDGE('',*,*,#1718,.T.);
#1056=ORIENTED_EDGE('',*,*,#1684,.F.);
#1057=ORIENTED_EDGE('',*,*,#1686,.F.);
#1058=ORIENTED_EDGE('',*,*,#1507,.F.);
#1059=ORIENTED_EDGE('',*,*,#1649,.F.);
#1060=ORIENTED_EDGE('',*,*,#1492,.F.);
#1061=ORIENTED_EDGE('',*,*,#1477,.F.);
#1062=ORIENTED_EDGE('',*,*,#1665,.F.);
#1063=ORIENTED_EDGE('',*,*,#1456,.F.);
#1064=ORIENTED_EDGE('',*,*,#1502,.F.);
#1065=ORIENTED_EDGE('',*,*,#1681,.F.);
#1066=ORIENTED_EDGE('',*,*,#1487,.F.);
#1067=ORIENTED_EDGE('',*,*,#1719,.F.);
#1068=ORIENTED_EDGE('',*,*,#1527,.T.);
#1069=ORIENTED_EDGE('',*,*,#1531,.F.);
#1070=ORIENTED_EDGE('',*,*,#1719,.T.);
#1071=ORIENTED_EDGE('',*,*,#1720,.F.);
#1072=ORIENTED_EDGE('',*,*,#1500,.T.);
#1073=ORIENTED_EDGE('',*,*,#1529,.F.);
#1074=ORIENTED_EDGE('',*,*,#1720,.T.);
#1075=ORIENTED_EDGE('',*,*,#1721,.F.);
#1076=ORIENTED_EDGE('',*,*,#1499,.F.);
#1077=ORIENTED_EDGE('',*,*,#1497,.F.);
#1078=ORIENTED_EDGE('',*,*,#1721,.T.);
#1079=ORIENTED_EDGE('',*,*,#1722,.F.);
#1080=ORIENTED_EDGE('',*,*,#1498,.F.);
#1081=ORIENTED_EDGE('',*,*,#1495,.F.);
#1082=ORIENTED_EDGE('',*,*,#1722,.T.);
#1083=ORIENTED_EDGE('',*,*,#1638,.T.);
#1084=ORIENTED_EDGE('',*,*,#1453,.T.);
#1085=ORIENTED_EDGE('',*,*,#1723,.F.);
#1086=ORIENTED_EDGE('',*,*,#1724,.F.);
#1087=ORIENTED_EDGE('',*,*,#1725,.F.);
#1088=ORIENTED_EDGE('',*,*,#1726,.F.);
#1089=ORIENTED_EDGE('',*,*,#1636,.T.);
#1090=ORIENTED_EDGE('',*,*,#1725,.T.);
#1091=ORIENTED_EDGE('',*,*,#1727,.F.);
#1092=ORIENTED_EDGE('',*,*,#1728,.T.);
#1093=ORIENTED_EDGE('',*,*,#1729,.F.);
#1094=ORIENTED_EDGE('',*,*,#1730,.T.);
#1095=ORIENTED_EDGE('',*,*,#1731,.T.);
#1096=ORIENTED_EDGE('',*,*,#1643,.F.);
#1097=ORIENTED_EDGE('',*,*,#1732,.T.);
#1098=ORIENTED_EDGE('',*,*,#1733,.F.);
#1099=ORIENTED_EDGE('',*,*,#1734,.T.);
#1100=ORIENTED_EDGE('',*,*,#1642,.F.);
#1101=ORIENTED_EDGE('',*,*,#1732,.F.);
#1102=ORIENTED_EDGE('',*,*,#1644,.F.);
#1103=ORIENTED_EDGE('',*,*,#1734,.F.);
#1104=ORIENTED_EDGE('',*,*,#1647,.F.);
#1105=ORIENTED_EDGE('',*,*,#1735,.F.);
#1106=ORIENTED_EDGE('',*,*,#1736,.F.);
#1107=ORIENTED_EDGE('',*,*,#1737,.F.);
#1108=ORIENTED_EDGE('',*,*,#1650,.T.);
#1109=ORIENTED_EDGE('',*,*,#1541,.T.);
#1110=ORIENTED_EDGE('',*,*,#1738,.F.);
#1111=ORIENTED_EDGE('',*,*,#1739,.F.);
#1112=ORIENTED_EDGE('',*,*,#1740,.F.);
#1113=ORIENTED_EDGE('',*,*,#1651,.T.);
#1114=ORIENTED_EDGE('',*,*,#1739,.T.);
#1115=ORIENTED_EDGE('',*,*,#1662,.T.);
#1116=ORIENTED_EDGE('',*,*,#1660,.T.);
#1117=ORIENTED_EDGE('',*,*,#1741,.F.);
#1118=ORIENTED_EDGE('',*,*,#1742,.F.);
#1119=ORIENTED_EDGE('',*,*,#1743,.F.);
#1120=ORIENTED_EDGE('',*,*,#1744,.F.);
#1121=ORIENTED_EDGE('',*,*,#1549,.T.);
#1122=ORIENTED_EDGE('',*,*,#1551,.T.);
#1123=ORIENTED_EDGE('',*,*,#1745,.F.);
#1124=ORIENTED_EDGE('',*,*,#1746,.F.);
#1125=ORIENTED_EDGE('',*,*,#1460,.T.);
#1126=ORIENTED_EDGE('',*,*,#1668,.T.);
#1127=ORIENTED_EDGE('',*,*,#1747,.F.);
#1128=ORIENTED_EDGE('',*,*,#1748,.T.);
#1129=ORIENTED_EDGE('',*,*,#1749,.F.);
#1130=ORIENTED_EDGE('',*,*,#1470,.T.);
#1131=ORIENTED_EDGE('',*,*,#1475,.T.);
#1132=ORIENTED_EDGE('',*,*,#1750,.F.);
#1133=ORIENTED_EDGE('',*,*,#1490,.F.);
#1134=ORIENTED_EDGE('',*,*,#1751,.F.);
#1135=ORIENTED_EDGE('',*,*,#1452,.F.);
#1136=ORIENTED_EDGE('',*,*,#1486,.T.);
#1137=ORIENTED_EDGE('',*,*,#1750,.T.);
#1138=ORIENTED_EDGE('',*,*,#1474,.F.);
#1139=ORIENTED_EDGE('',*,*,#1491,.T.);
#1140=ORIENTED_EDGE('',*,*,#1648,.T.);
#1141=ORIENTED_EDGE('',*,*,#1737,.T.);
#1142=ORIENTED_EDGE('',*,*,#1752,.T.);
#1143=ORIENTED_EDGE('',*,*,#1723,.T.);
#1144=ORIENTED_EDGE('',*,*,#1646,.F.);
#1145=ORIENTED_EDGE('',*,*,#1656,.T.);
#1146=ORIENTED_EDGE('',*,*,#1753,.T.);
#1147=ORIENTED_EDGE('',*,*,#1754,.F.);
#1148=ORIENTED_EDGE('',*,*,#1755,.T.);
#1149=ORIENTED_EDGE('',*,*,#1756,.F.);
#1150=ORIENTED_EDGE('',*,*,#1757,.T.);
#1151=ORIENTED_EDGE('',*,*,#1735,.T.);
#1152=ORIENTED_EDGE('',*,*,#1758,.F.);
#1153=ORIENTED_EDGE('',*,*,#1759,.F.);
#1154=ORIENTED_EDGE('',*,*,#1760,.F.);
#1155=ORIENTED_EDGE('',*,*,#1761,.F.);
#1156=ORIENTED_EDGE('',*,*,#1762,.F.);
#1157=ORIENTED_EDGE('',*,*,#1763,.F.);
#1158=ORIENTED_EDGE('',*,*,#1764,.F.);
#1159=ORIENTED_EDGE('',*,*,#1765,.F.);
#1160=ORIENTED_EDGE('',*,*,#1766,.F.);
#1161=ORIENTED_EDGE('',*,*,#1767,.F.);
#1162=ORIENTED_EDGE('',*,*,#1729,.T.);
#1163=ORIENTED_EDGE('',*,*,#1768,.T.);
#1164=ORIENTED_EDGE('',*,*,#1769,.T.);
#1165=ORIENTED_EDGE('',*,*,#1770,.F.);
#1166=ORIENTED_EDGE('',*,*,#1771,.T.);
#1167=ORIENTED_EDGE('',*,*,#1772,.F.);
#1168=ORIENTED_EDGE('',*,*,#1773,.T.);
#1169=ORIENTED_EDGE('',*,*,#1774,.T.);
#1170=ORIENTED_EDGE('',*,*,#1775,.T.);
#1171=ORIENTED_EDGE('',*,*,#1776,.T.);
#1172=ORIENTED_EDGE('',*,*,#1755,.F.);
#1173=ORIENTED_EDGE('',*,*,#1777,.F.);
#1174=ORIENTED_EDGE('',*,*,#1778,.T.);
#1175=ORIENTED_EDGE('',*,*,#1779,.F.);
#1176=ORIENTED_EDGE('',*,*,#1754,.T.);
#1177=ORIENTED_EDGE('',*,*,#1780,.T.);
#1178=ORIENTED_EDGE('',*,*,#1781,.F.);
#1179=ORIENTED_EDGE('',*,*,#1777,.T.);
#1180=ORIENTED_EDGE('',*,*,#1781,.T.);
#1181=ORIENTED_EDGE('',*,*,#1782,.T.);
#1182=ORIENTED_EDGE('',*,*,#1783,.F.);
#1183=ORIENTED_EDGE('',*,*,#1778,.F.);
#1184=ORIENTED_EDGE('',*,*,#1783,.T.);
#1185=ORIENTED_EDGE('',*,*,#1784,.T.);
#1186=ORIENTED_EDGE('',*,*,#1730,.F.);
#1187=ORIENTED_EDGE('',*,*,#1779,.T.);
#1188=ORIENTED_EDGE('',*,*,#1785,.F.);
#1189=ORIENTED_EDGE('',*,*,#1786,.T.);
#1190=ORIENTED_EDGE('',*,*,#1787,.T.);
#1191=ORIENTED_EDGE('',*,*,#1745,.T.);
#1192=ORIENTED_EDGE('',*,*,#1746,.T.);
#1193=ORIENTED_EDGE('',*,*,#1788,.F.);
#1194=ORIENTED_EDGE('',*,*,#1789,.T.);
#1195=ORIENTED_EDGE('',*,*,#1785,.T.);
#1196=ORIENTED_EDGE('',*,*,#1790,.T.);
#1197=ORIENTED_EDGE('',*,*,#1791,.F.);
#1198=ORIENTED_EDGE('',*,*,#1792,.T.);
#1199=ORIENTED_EDGE('',*,*,#1788,.T.);
#1200=ORIENTED_EDGE('',*,*,#1793,.T.);
#1201=ORIENTED_EDGE('',*,*,#1794,.F.);
#1202=ORIENTED_EDGE('',*,*,#1795,.T.);
#1203=ORIENTED_EDGE('',*,*,#1791,.T.);
#1204=ORIENTED_EDGE('',*,*,#1796,.T.);
#1205=ORIENTED_EDGE('',*,*,#1797,.T.);
#1206=ORIENTED_EDGE('',*,*,#1766,.T.);
#1207=ORIENTED_EDGE('',*,*,#1798,.T.);
#1208=ORIENTED_EDGE('',*,*,#1765,.T.);
#1209=ORIENTED_EDGE('',*,*,#1799,.T.);
#1210=ORIENTED_EDGE('',*,*,#1764,.T.);
#1211=ORIENTED_EDGE('',*,*,#1800,.T.);
#1212=ORIENTED_EDGE('',*,*,#1763,.T.);
#1213=ORIENTED_EDGE('',*,*,#1801,.T.);
#1214=ORIENTED_EDGE('',*,*,#1762,.T.);
#1215=ORIENTED_EDGE('',*,*,#1802,.T.);
#1216=ORIENTED_EDGE('',*,*,#1761,.T.);
#1217=ORIENTED_EDGE('',*,*,#1741,.T.);
#1218=ORIENTED_EDGE('',*,*,#1740,.T.);
#1219=ORIENTED_EDGE('',*,*,#1803,.T.);
#1220=ORIENTED_EDGE('',*,*,#1485,.T.);
#1221=ORIENTED_EDGE('',*,*,#1804,.T.);
#1222=ORIENTED_EDGE('',*,*,#1794,.T.);
#1223=ORIENTED_EDGE('',*,*,#1805,.T.);
#1224=ORIENTED_EDGE('',*,*,#1760,.T.);
#1225=ORIENTED_EDGE('',*,*,#1806,.T.);
#1226=ORIENTED_EDGE('',*,*,#1759,.T.);
#1227=ORIENTED_EDGE('',*,*,#1807,.T.);
#1228=ORIENTED_EDGE('',*,*,#1758,.T.);
#1229=ORIENTED_EDGE('',*,*,#1808,.T.);
#1230=ORIENTED_EDGE('',*,*,#1767,.T.);
#1231=ORIENTED_EDGE('',*,*,#1809,.T.);
#1232=ORIENTED_EDGE('',*,*,#1743,.T.);
#1233=ORIENTED_EDGE('',*,*,#1810,.T.);
#1234=ORIENTED_EDGE('',*,*,#1811,.T.);
#1235=ORIENTED_EDGE('',*,*,#1812,.T.);
#1236=ORIENTED_EDGE('',*,*,#1747,.T.);
#1237=ORIENTED_EDGE('',*,*,#1813,.T.);
#1238=ORIENTED_EDGE('',*,*,#1733,.T.);
#1239=ORIENTED_EDGE('',*,*,#1814,.T.);
#1240=ORIENTED_EDGE('',*,*,#1815,.T.);
#1241=ORIENTED_EDGE('',*,*,#1816,.T.);
#1242=ORIENTED_EDGE('',*,*,#1817,.T.);
#1243=ORIENTED_EDGE('',*,*,#1818,.T.);
#1244=ORIENTED_EDGE('',*,*,#1819,.T.);
#1245=ORIENTED_EDGE('',*,*,#1820,.T.);
#1246=ORIENTED_EDGE('',*,*,#1821,.T.);
#1247=ORIENTED_EDGE('',*,*,#1822,.T.);
#1248=ORIENTED_EDGE('',*,*,#1823,.T.);
#1249=ORIENTED_EDGE('',*,*,#1824,.T.);
#1250=ORIENTED_EDGE('',*,*,#1825,.T.);
#1251=ORIENTED_EDGE('',*,*,#1826,.T.);
#1252=ORIENTED_EDGE('',*,*,#1827,.T.);
#1253=ORIENTED_EDGE('',*,*,#1828,.T.);
#1254=ORIENTED_EDGE('',*,*,#1829,.T.);
#1255=ORIENTED_EDGE('',*,*,#1830,.F.);
#1256=ORIENTED_EDGE('',*,*,#1756,.T.);
#1257=ORIENTED_EDGE('',*,*,#1776,.F.);
#1258=ORIENTED_EDGE('',*,*,#1831,.F.);
#1259=ORIENTED_EDGE('',*,*,#1832,.T.);
#1260=ORIENTED_EDGE('',*,*,#1833,.T.);
#1261=ORIENTED_EDGE('',*,*,#1768,.F.);
#1262=ORIENTED_EDGE('',*,*,#1728,.F.);
#1263=ORIENTED_EDGE('',*,*,#1831,.T.);
#1264=ORIENTED_EDGE('',*,*,#1775,.F.);
#1265=ORIENTED_EDGE('',*,*,#1834,.F.);
#1266=ORIENTED_EDGE('',*,*,#1835,.T.);
#1267=ORIENTED_EDGE('',*,*,#1834,.T.);
#1268=ORIENTED_EDGE('',*,*,#1774,.F.);
#1269=ORIENTED_EDGE('',*,*,#1836,.F.);
#1270=ORIENTED_EDGE('',*,*,#1837,.T.);
#1271=ORIENTED_EDGE('',*,*,#1836,.T.);
#1272=ORIENTED_EDGE('',*,*,#1773,.F.);
#1273=ORIENTED_EDGE('',*,*,#1838,.F.);
#1274=ORIENTED_EDGE('',*,*,#1839,.T.);
#1275=ORIENTED_EDGE('',*,*,#1838,.T.);
#1276=ORIENTED_EDGE('',*,*,#1772,.T.);
#1277=ORIENTED_EDGE('',*,*,#1840,.F.);
#1278=ORIENTED_EDGE('',*,*,#1841,.F.);
#1279=ORIENTED_EDGE('',*,*,#1840,.T.);
#1280=ORIENTED_EDGE('',*,*,#1771,.F.);
#1281=ORIENTED_EDGE('',*,*,#1842,.F.);
#1282=ORIENTED_EDGE('',*,*,#1843,.T.);
#1283=ORIENTED_EDGE('',*,*,#1842,.T.);
#1284=ORIENTED_EDGE('',*,*,#1770,.T.);
#1285=ORIENTED_EDGE('',*,*,#1844,.F.);
#1286=ORIENTED_EDGE('',*,*,#1845,.F.);
#1287=ORIENTED_EDGE('',*,*,#1844,.T.);
#1288=ORIENTED_EDGE('',*,*,#1769,.F.);
#1289=ORIENTED_EDGE('',*,*,#1833,.F.);
#1290=ORIENTED_EDGE('',*,*,#1846,.T.);
#1291=ORIENTED_EDGE('',*,*,#1489,.F.);
#1292=ORIENTED_EDGE('',*,*,#1680,.T.);
#1293=ORIENTED_EDGE('',*,*,#1847,.T.);
#1294=ORIENTED_EDGE('',*,*,#1848,.T.);
#1295=ORIENTED_EDGE('',*,*,#1849,.T.);
#1296=ORIENTED_EDGE('',*,*,#1850,.T.);
#1297=ORIENTED_EDGE('',*,*,#1851,.T.);
#1298=ORIENTED_EDGE('',*,*,#1751,.T.);
#1299=ORIENTED_EDGE('',*,*,#1832,.F.);
#1300=ORIENTED_EDGE('',*,*,#1835,.F.);
#1301=ORIENTED_EDGE('',*,*,#1837,.F.);
#1302=ORIENTED_EDGE('',*,*,#1839,.F.);
#1303=ORIENTED_EDGE('',*,*,#1841,.T.);
#1304=ORIENTED_EDGE('',*,*,#1843,.F.);
#1305=ORIENTED_EDGE('',*,*,#1845,.T.);
#1306=ORIENTED_EDGE('',*,*,#1846,.F.);
#1307=ORIENTED_EDGE('',*,*,#1757,.F.);
#1308=ORIENTED_EDGE('',*,*,#1830,.T.);
#1309=ORIENTED_EDGE('',*,*,#1727,.T.);
#1310=ORIENTED_EDGE('',*,*,#1724,.T.);
#1311=ORIENTED_EDGE('',*,*,#1752,.F.);
#1312=ORIENTED_EDGE('',*,*,#1736,.T.);
#1313=ORIENTED_EDGE('',*,*,#1738,.T.);
#1314=ORIENTED_EDGE('',*,*,#1540,.T.);
#1315=ORIENTED_EDGE('',*,*,#1479,.F.);
#1316=ORIENTED_EDGE('',*,*,#1478,.T.);
#1317=ORIENTED_EDGE('',*,*,#1803,.F.);
#1318=ORIENTED_EDGE('',*,*,#1852,.T.);
#1319=ORIENTED_EDGE('',*,*,#1659,.T.);
#1320=ORIENTED_EDGE('',*,*,#1853,.T.);
#1321=ORIENTED_EDGE('',*,*,#1819,.F.);
#1322=ORIENTED_EDGE('',*,*,#1714,.T.);
#1323=ORIENTED_EDGE('',*,*,#1544,.T.);
#1324=ORIENTED_EDGE('',*,*,#1854,.T.);
#1325=ORIENTED_EDGE('',*,*,#1787,.F.);
#1326=ORIENTED_EDGE('',*,*,#1855,.T.);
#1327=ORIENTED_EDGE('',*,*,#1671,.T.);
#1328=ORIENTED_EDGE('',*,*,#1855,.F.);
#1329=ORIENTED_EDGE('',*,*,#1672,.T.);
#1330=ORIENTED_EDGE('',*,*,#1847,.F.);
#1331=ORIENTED_EDGE('',*,*,#1682,.T.);
#1332=ORIENTED_EDGE('',*,*,#1786,.F.);
#1333=ORIENTED_EDGE('',*,*,#1856,.F.);
#1334=ORIENTED_EDGE('',*,*,#1856,.T.);
#1335=ORIENTED_EDGE('',*,*,#1789,.F.);
#1336=ORIENTED_EDGE('',*,*,#1857,.F.);
#1337=ORIENTED_EDGE('',*,*,#1848,.F.);
#1338=ORIENTED_EDGE('',*,*,#1858,.F.);
#1339=ORIENTED_EDGE('',*,*,#1667,.T.);
#1340=ORIENTED_EDGE('',*,*,#1749,.T.);
#1341=ORIENTED_EDGE('',*,*,#1857,.T.);
#1342=ORIENTED_EDGE('',*,*,#1792,.F.);
#1343=ORIENTED_EDGE('',*,*,#1859,.F.);
#1344=ORIENTED_EDGE('',*,*,#1849,.F.);
#1345=ORIENTED_EDGE('',*,*,#1858,.T.);
#1346=ORIENTED_EDGE('',*,*,#1851,.F.);
#1347=ORIENTED_EDGE('',*,*,#1860,.F.);
#1348=ORIENTED_EDGE('',*,*,#1804,.F.);
#1349=ORIENTED_EDGE('',*,*,#1859,.T.);
#1350=ORIENTED_EDGE('',*,*,#1795,.F.);
#1351=ORIENTED_EDGE('',*,*,#1860,.T.);
#1352=ORIENTED_EDGE('',*,*,#1850,.F.);
#1353=ORIENTED_EDGE('',*,*,#1805,.F.);
#1354=ORIENTED_EDGE('',*,*,#1820,.F.);
#1355=ORIENTED_EDGE('',*,*,#1797,.F.);
#1356=ORIENTED_EDGE('',*,*,#1821,.F.);
#1357=ORIENTED_EDGE('',*,*,#1807,.F.);
#1358=ORIENTED_EDGE('',*,*,#1822,.F.);
#1359=ORIENTED_EDGE('',*,*,#1806,.F.);
#1360=ORIENTED_EDGE('',*,*,#1823,.F.);
#1361=ORIENTED_EDGE('',*,*,#1808,.F.);
#1362=ORIENTED_EDGE('',*,*,#1824,.F.);
#1363=ORIENTED_EDGE('',*,*,#1802,.F.);
#1364=ORIENTED_EDGE('',*,*,#1825,.F.);
#1365=ORIENTED_EDGE('',*,*,#1801,.F.);
#1366=ORIENTED_EDGE('',*,*,#1826,.F.);
#1367=ORIENTED_EDGE('',*,*,#1798,.F.);
#1368=ORIENTED_EDGE('',*,*,#1827,.F.);
#1369=ORIENTED_EDGE('',*,*,#1799,.F.);
#1370=ORIENTED_EDGE('',*,*,#1828,.F.);
#1371=ORIENTED_EDGE('',*,*,#1800,.F.);
#1372=ORIENTED_EDGE('',*,*,#1829,.F.);
#1373=ORIENTED_EDGE('',*,*,#1635,.F.);
#1374=ORIENTED_EDGE('',*,*,#1634,.T.);
#1375=ORIENTED_EDGE('',*,*,#1726,.T.);
#1376=ORIENTED_EDGE('',*,*,#1814,.F.);
#1377=ORIENTED_EDGE('',*,*,#1457,.T.);
#1378=ORIENTED_EDGE('',*,*,#1731,.F.);
#1379=ORIENTED_EDGE('',*,*,#1861,.F.);
#1380=ORIENTED_EDGE('',*,*,#1861,.T.);
#1381=ORIENTED_EDGE('',*,*,#1784,.F.);
#1382=ORIENTED_EDGE('',*,*,#1862,.F.);
#1383=ORIENTED_EDGE('',*,*,#1815,.F.);
#1384=ORIENTED_EDGE('',*,*,#1862,.T.);
#1385=ORIENTED_EDGE('',*,*,#1782,.F.);
#1386=ORIENTED_EDGE('',*,*,#1863,.F.);
#1387=ORIENTED_EDGE('',*,*,#1816,.F.);
#1388=ORIENTED_EDGE('',*,*,#1863,.T.);
#1389=ORIENTED_EDGE('',*,*,#1780,.F.);
#1390=ORIENTED_EDGE('',*,*,#1864,.F.);
#1391=ORIENTED_EDGE('',*,*,#1817,.F.);
#1392=ORIENTED_EDGE('',*,*,#1753,.F.);
#1393=ORIENTED_EDGE('',*,*,#1464,.T.);
#1394=ORIENTED_EDGE('',*,*,#1818,.F.);
#1395=ORIENTED_EDGE('',*,*,#1864,.T.);
#1396=ORIENTED_EDGE('',*,*,#1852,.F.);
#1397=ORIENTED_EDGE('',*,*,#1657,.T.);
#1398=ORIENTED_EDGE('',*,*,#1853,.F.);
#1399=ORIENTED_EDGE('',*,*,#1658,.T.);
#1400=ORIENTED_EDGE('',*,*,#1467,.T.);
#1401=ORIENTED_EDGE('',*,*,#1664,.T.);
#1402=ORIENTED_EDGE('',*,*,#1809,.F.);
#1403=ORIENTED_EDGE('',*,*,#1742,.T.);
#1404=ORIENTED_EDGE('',*,*,#1796,.F.);
#1405=ORIENTED_EDGE('',*,*,#1865,.F.);
#1406=ORIENTED_EDGE('',*,*,#1810,.F.);
#1407=ORIENTED_EDGE('',*,*,#1865,.T.);
#1408=ORIENTED_EDGE('',*,*,#1793,.F.);
#1409=ORIENTED_EDGE('',*,*,#1866,.F.);
#1410=ORIENTED_EDGE('',*,*,#1811,.F.);
#1411=ORIENTED_EDGE('',*,*,#1866,.T.);
#1412=ORIENTED_EDGE('',*,*,#1790,.F.);
#1413=ORIENTED_EDGE('',*,*,#1748,.F.);
#1414=ORIENTED_EDGE('',*,*,#1812,.F.);
#1415=ORIENTED_EDGE('',*,*,#1670,.T.);
#1416=ORIENTED_EDGE('',*,*,#1639,.T.);
#1417=ORIENTED_EDGE('',*,*,#1813,.F.);
#1418=ORIENTED_EDGE('',*,*,#1854,.F.);
#1419=ORIENTED_EDGE('',*,*,#1550,.T.);
#1420=ORIENTED_EDGE('',*,*,#1744,.T.);
#1421=ORIENTED_EDGE('',*,*,#1515,.F.);
#1422=ORIENTED_EDGE('',*,*,#1717,.F.);
#1423=ORIENTED_EDGE('',*,*,#1867,.F.);
#1424=ORIENTED_EDGE('',*,*,#1615,.F.);
#1425=ORIENTED_EDGE('',*,*,#1867,.T.);
#1426=ORIENTED_EDGE('',*,*,#1585,.F.);
#1427=ORIENTED_EDGE('',*,*,#1584,.F.);
#1428=ORIENTED_EDGE('',*,*,#1696,.F.);
#1429=ORIENTED_EDGE('',*,*,#1448,.T.);
#1430=ORIENTED_EDGE('',*,*,#1702,.F.);
#1431=ORIENTED_EDGE('',*,*,#1701,.F.);
#1432=ORIENTED_EDGE('',*,*,#1616,.F.);
#1433=ORIENTED_EDGE('',*,*,#1509,.F.);
#1434=ORIENTED_EDGE('',*,*,#1622,.F.);
#1435=ORIENTED_EDGE('',*,*,#1868,.F.);
#1436=ORIENTED_EDGE('',*,*,#1715,.F.);
#1437=ORIENTED_EDGE('',*,*,#1868,.T.);
#1438=ORIENTED_EDGE('',*,*,#1621,.F.);
#1439=ORIENTED_EDGE('',*,*,#1711,.F.);
#1440=ORIENTED_EDGE('',*,*,#1710,.F.);
#1441=ORIENTED_EDGE('',*,*,#1445,.T.);
#1442=ORIENTED_EDGE('',*,*,#1713,.F.);
#1443=ORIENTED_EDGE('',*,*,#1563,.F.);
#1444=ORIENTED_EDGE('',*,*,#1562,.F.);
#1445=EDGE_CURVE('',#1869,#1870,#2145,.F.);
#1446=EDGE_CURVE('',#1871,#1869,#470,.F.);
#1447=EDGE_CURVE('',#1870,#1871,#471,.T.);
#1448=EDGE_CURVE('',#1872,#1873,#2146,.F.);
#1449=EDGE_CURVE('',#1874,#1872,#472,.F.);
#1450=EDGE_CURVE('',#1873,#1874,#473,.T.);
#1451=EDGE_CURVE('',#1875,#1876,#474,.T.);
#1452=EDGE_CURVE('',#1876,#1877,#475,.T.);
#1453=EDGE_CURVE('',#1878,#1877,#476,.T.);
#1454=EDGE_CURVE('',#1878,#1879,#477,.T.);
#1455=EDGE_CURVE('',#1880,#1879,#478,.T.);
#1456=EDGE_CURVE('',#1880,#1875,#479,.T.);
#1457=EDGE_CURVE('',#1881,#1882,#480,.T.);
#1458=EDGE_CURVE('',#1881,#1883,#172,.F.);
#1459=EDGE_CURVE('',#1883,#1882,#481,.T.);
#1460=EDGE_CURVE('',#1884,#1885,#127,.F.);
#1461=EDGE_CURVE('',#1886,#1884,#173,.T.);
#1462=EDGE_CURVE('',#1887,#1886,#482,.F.);
#1463=EDGE_CURVE('',#1885,#1887,#483,.T.);
#1464=EDGE_CURVE('',#1888,#1889,#484,.T.);
#1465=EDGE_CURVE('',#1888,#1890,#485,.T.);
#1466=EDGE_CURVE('',#1889,#1890,#174,.T.);
#1467=EDGE_CURVE('',#1891,#1892,#486,.T.);
#1468=EDGE_CURVE('',#1893,#1891,#175,.T.);
#1469=EDGE_CURVE('',#1892,#1893,#487,.T.);
#1470=EDGE_CURVE('',#1894,#1895,#488,.T.);
#1471=EDGE_CURVE('',#1894,#1896,#489,.T.);
#1472=EDGE_CURVE('',#1895,#1896,#490,.T.);
#1473=EDGE_CURVE('',#1897,#1898,#491,.T.);
#1474=EDGE_CURVE('',#1898,#1899,#492,.T.);
#1475=EDGE_CURVE('',#1895,#1899,#493,.T.);
#1476=EDGE_CURVE('',#1896,#1900,#494,.T.);
#1477=EDGE_CURVE('',#1900,#1897,#495,.T.);
#1478=EDGE_CURVE('',#1901,#1902,#496,.T.);
#1479=EDGE_CURVE('',#1901,#1903,#497,.F.);
#1480=EDGE_CURVE('',#1903,#1904,#498,.T.);
#1481=EDGE_CURVE('',#1904,#1905,#176,.T.);
#1482=EDGE_CURVE('',#1906,#1905,#499,.T.);
#1483=EDGE_CURVE('',#1907,#1906,#177,.T.);
#1484=EDGE_CURVE('',#1908,#1907,#178,.F.);
#1485=EDGE_CURVE('',#1902,#1908,#179,.F.);
#1486=EDGE_CURVE('',#1876,#1909,#500,.T.);
#1487=EDGE_CURVE('',#1875,#1910,#501,.T.);
#1488=EDGE_CURVE('',#1911,#1910,#502,.T.);
#1489=EDGE_CURVE('',#1911,#1912,#503,.T.);
#1490=EDGE_CURVE('',#1912,#1909,#504,.T.);
#1491=EDGE_CURVE('',#1898,#1913,#505,.T.);
#1492=EDGE_CURVE('',#1897,#1914,#506,.F.);
#1493=EDGE_CURVE('',#1913,#1914,#507,.T.);
#1494=EDGE_CURVE('',#1915,#1915,#508,.T.);
#1495=EDGE_CURVE('',#1916,#1916,#2147,.T.);
#1496=EDGE_CURVE('',#1917,#1917,#509,.T.);
#1497=EDGE_CURVE('',#1918,#1918,#2148,.T.);
#1498=EDGE_CURVE('',#1919,#1919,#510,.T.);
#1499=EDGE_CURVE('',#1920,#1920,#511,.T.);
#1500=EDGE_CURVE('',#1921,#1921,#512,.T.);
#1501=EDGE_CURVE('',#1922,#1923,#513,.T.);
#1502=EDGE_CURVE('',#1923,#1880,#514,.T.);
#1503=EDGE_CURVE('',#1879,#1924,#515,.T.);
#1504=EDGE_CURVE('',#1924,#1925,#2149,.T.);
#1505=EDGE_CURVE('',#1925,#1926,#516,.T.);
#1506=EDGE_CURVE('',#1927,#1926,#517,.T.);
#1507=EDGE_CURVE('',#1927,#1928,#518,.T.);
#1508=EDGE_CURVE('',#1928,#1906,#519,.T.);
#1509=EDGE_CURVE('',#1905,#1929,#520,.T.);
#1510=EDGE_CURVE('',#1929,#1930,#2150,.T.);
#1511=EDGE_CURVE('',#1930,#1931,#180,.F.);
#1512=EDGE_CURVE('',#1931,#1932,#2151,.F.);
#1513=EDGE_CURVE('',#1932,#1933,#181,.T.);
#1514=EDGE_CURVE('',#1933,#1934,#2152,.T.);
#1515=EDGE_CURVE('',#1934,#1935,#521,.F.);
#1516=EDGE_CURVE('',#1922,#1935,#522,.T.);
#1517=EDGE_CURVE('',#1936,#1937,#182,.T.);
#1518=EDGE_CURVE('',#1936,#1938,#2153,.T.);
#1519=EDGE_CURVE('',#1938,#1939,#183,.T.);
#1520=EDGE_CURVE('',#1937,#1939,#2154,.T.);
#1521=EDGE_CURVE('',#1940,#1940,#523,.T.);
#1522=EDGE_CURVE('',#1941,#1941,#524,.T.);
#1523=EDGE_CURVE('',#1942,#1943,#184,.F.);
#1524=EDGE_CURVE('',#1942,#1944,#2155,.T.);
#1525=EDGE_CURVE('',#1944,#1945,#185,.F.);
#1526=EDGE_CURVE('',#1945,#1943,#2156,.T.);
#1527=EDGE_CURVE('',#1946,#1946,#525,.T.);
#1528=EDGE_CURVE('',#1947,#1947,#526,.T.);
#1529=EDGE_CURVE('',#1948,#1948,#2157,.T.);
#1530=EDGE_CURVE('',#1949,#1949,#527,.T.);
#1531=EDGE_CURVE('',#1950,#1950,#2158,.T.);
#1532=EDGE_CURVE('',#1871,#1951,#186,.T.);
#1533=EDGE_CURVE('',#1951,#1952,#2159,.F.);
#1534=EDGE_CURVE('',#1952,#1874,#187,.F.);
#1535=EDGE_CURVE('',#1874,#1953,#2160,.F.);
#1536=EDGE_CURVE('',#1953,#1954,#188,.F.);
#1537=EDGE_CURVE('',#1954,#1955,#2161,.T.);
#1538=EDGE_CURVE('',#1955,#1956,#189,.T.);
#1539=EDGE_CURVE('',#1956,#1871,#2162,.F.);
#1540=EDGE_CURVE('',#1957,#1903,#528,.T.);
#1541=EDGE_CURVE('',#1958,#1957,#529,.T.);
#1542=EDGE_CURVE('',#1959,#1958,#530,.T.);
#1543=EDGE_CURVE('',#1904,#1959,#531,.T.);
#1544=EDGE_CURVE('',#1960,#1961,#532,.T.);
#1545=EDGE_CURVE('',#1960,#1962,#533,.T.);
#1546=EDGE_CURVE('',#1962,#1963,#534,.T.);
#1547=EDGE_CURVE('',#1887,#1963,#190,.T.);
#1548=EDGE_CURVE('',#1964,#1886,#535,.T.);
#1549=EDGE_CURVE('',#1965,#1964,#536,.T.);
#1550=EDGE_CURVE('',#1961,#1965,#537,.T.);
#1551=EDGE_CURVE('',#1964,#1884,#128,.F.);
#1552=EDGE_CURVE('',#1966,#1967,#2163,.T.);
#1553=EDGE_CURVE('',#1967,#1904,#191,.F.);
#1554=EDGE_CURVE('',#1959,#1966,#538,.T.);
#1555=EDGE_CURVE('',#1968,#1969,#192,.T.);
#1556=EDGE_CURVE('',#1925,#1968,#539,.T.);
#1557=EDGE_CURVE('',#1970,#1924,#540,.T.);
#1558=EDGE_CURVE('',#1969,#1970,#2164,.F.);
#1559=EDGE_CURVE('',#1962,#1971,#541,.T.);
#1560=EDGE_CURVE('',#1972,#1971,#2165,.T.);
#1561=EDGE_CURVE('',#1963,#1972,#2166,.F.);
#1562=EDGE_CURVE('',#1973,#1974,#193,.F.);
#1563=EDGE_CURVE('',#1974,#1975,#2167,.T.);
#1564=EDGE_CURVE('',#1975,#1976,#2168,.T.);
#1565=EDGE_CURVE('',#1976,#1977,#194,.F.);
#1566=EDGE_CURVE('',#1977,#1973,#2169,.F.);
#1567=EDGE_CURVE('',#1978,#1978,#2170,.F.);
#1568=EDGE_CURVE('',#1979,#1979,#2171,.T.);
#1569=EDGE_CURVE('',#1980,#1980,#2172,.T.);
#1570=EDGE_CURVE('',#1981,#1982,#195,.F.);
#1571=EDGE_CURVE('',#1982,#1983,#196,.T.);
#1572=EDGE_CURVE('',#1983,#1984,#197,.F.);
#1573=EDGE_CURVE('',#1984,#1981,#198,.F.);
#1574=EDGE_CURVE('',#1985,#1985,#2173,.T.);
#1575=EDGE_CURVE('',#1986,#1987,#199,.T.);
#1576=EDGE_CURVE('',#1987,#1988,#200,.T.);
#1577=EDGE_CURVE('',#1988,#1989,#201,.T.);
#1578=EDGE_CURVE('',#1989,#1986,#202,.F.);
#1579=EDGE_CURVE('',#1990,#1991,#203,.T.);
#1580=EDGE_CURVE('',#1991,#1992,#2174,.T.);
#1581=EDGE_CURVE('',#1992,#1993,#204,.T.);
#1582=EDGE_CURVE('',#1993,#1990,#2175,.F.);
#1583=EDGE_CURVE('',#1994,#1995,#2176,.T.);
#1584=EDGE_CURVE('',#1995,#1996,#2177,.T.);
#1585=EDGE_CURVE('',#1996,#1997,#205,.T.);
#1586=EDGE_CURVE('',#1997,#1998,#2178,.F.);
#1587=EDGE_CURVE('',#1998,#1994,#206,.F.);
#1588=EDGE_CURVE('',#1999,#1999,#2179,.F.);
#1589=EDGE_CURVE('',#2000,#2000,#2180,.F.);
#1590=EDGE_CURVE('',#2001,#2001,#2181,.F.);
#1591=EDGE_CURVE('',#2002,#2002,#2182,.T.);
#1592=EDGE_CURVE('',#1945,#2003,#207,.T.);
#1593=EDGE_CURVE('',#2004,#2003,#208,.T.);
#1594=EDGE_CURVE('',#1943,#2004,#209,.T.);
#1595=EDGE_CURVE('',#2005,#1942,#210,.T.);
#1596=EDGE_CURVE('',#2005,#2006,#211,.T.);
#1597=EDGE_CURVE('',#2006,#1944,#212,.T.);
#1598=EDGE_CURVE('',#2004,#2007,#213,.T.);
#1599=EDGE_CURVE('',#2007,#2005,#214,.T.);
#1600=EDGE_CURVE('',#2008,#2006,#215,.T.);
#1601=EDGE_CURVE('',#2003,#2008,#216,.T.);
#1602=EDGE_CURVE('',#2007,#2008,#217,.T.);
#1603=EDGE_CURVE('',#2009,#1939,#218,.T.);
#1604=EDGE_CURVE('',#2010,#2009,#219,.T.);
#1605=EDGE_CURVE('',#2010,#1937,#220,.T.);
#1606=EDGE_CURVE('',#2011,#1936,#221,.T.);
#1607=EDGE_CURVE('',#2011,#2012,#222,.T.);
#1608=EDGE_CURVE('',#2012,#1938,#223,.T.);
#1609=EDGE_CURVE('',#2013,#2010,#224,.T.);
#1610=EDGE_CURVE('',#2011,#2013,#225,.T.);
#1611=EDGE_CURVE('',#2012,#2014,#226,.T.);
#1612=EDGE_CURVE('',#2014,#2009,#227,.T.);
#1613=EDGE_CURVE('',#2013,#2014,#228,.T.);
#1614=EDGE_CURVE('',#2015,#1935,#229,.T.);
#1615=EDGE_CURVE('',#1935,#2016,#542,.T.);
#1616=EDGE_CURVE('',#2016,#2017,#230,.F.);
#1617=EDGE_CURVE('',#2017,#2018,#231,.T.);
#1618=EDGE_CURVE('',#2018,#2019,#2183,.T.);
#1619=EDGE_CURVE('',#2019,#1972,#232,.T.);
#1620=EDGE_CURVE('',#1971,#2015,#543,.T.);
#1621=EDGE_CURVE('',#2020,#2021,#233,.T.);
#1622=EDGE_CURVE('',#2021,#1905,#544,.T.);
#1623=EDGE_CURVE('',#1967,#2022,#2184,.F.);
#1624=EDGE_CURVE('',#2023,#2022,#234,.T.);
#1625=EDGE_CURVE('',#2023,#2024,#2185,.F.);
#1626=EDGE_CURVE('',#2024,#2020,#235,.T.);
#1627=EDGE_CURVE('',#2019,#2023,#2186,.T.);
#1628=EDGE_CURVE('',#2022,#2025,#2187,.F.);
#1629=EDGE_CURVE('',#2025,#1969,#2188,.F.);
#1630=EDGE_CURVE('',#1963,#1970,#2189,.F.);
#1631=EDGE_CURVE('',#2026,#1966,#545,.T.);
#1632=EDGE_CURVE('',#2027,#2026,#546,.F.);
#1633=EDGE_CURVE('',#2027,#2025,#547,.T.);
#1634=EDGE_CURVE('',#2028,#2029,#548,.T.);
#1635=EDGE_CURVE('',#2028,#2030,#2190,.T.);
#1636=EDGE_CURVE('',#1882,#2030,#236,.T.);
#1637=EDGE_CURVE('',#1883,#1970,#237,.T.);
#1638=EDGE_CURVE('',#2029,#1878,#549,.T.);
#1639=EDGE_CURVE('',#2031,#2032,#550,.T.);
#1640=EDGE_CURVE('',#1887,#2031,#551,.T.);
#1641=EDGE_CURVE('',#1887,#2032,#238,.F.);
#1642=EDGE_CURVE('',#1881,#2033,#552,.T.);
#1643=EDGE_CURVE('',#2033,#2034,#553,.T.);
#1644=EDGE_CURVE('',#2034,#2032,#554,.T.);
#1645=EDGE_CURVE('',#2035,#1926,#555,.T.);
#1646=EDGE_CURVE('',#2035,#2036,#556,.T.);
#1647=EDGE_CURVE('',#2036,#2037,#557,.T.);
#1648=EDGE_CURVE('',#1913,#2037,#558,.T.);
#1649=EDGE_CURVE('',#1914,#1927,#559,.T.);
#1650=EDGE_CURVE('',#2038,#1958,#560,.T.);
#1651=EDGE_CURVE('',#2039,#2038,#561,.T.);
#1652=EDGE_CURVE('',#2039,#2040,#562,.F.);
#1653=EDGE_CURVE('',#2040,#1893,#563,.F.);
#1654=EDGE_CURVE('',#1893,#2026,#239,.T.);
#1655=EDGE_CURVE('',#1890,#1968,#240,.T.);
#1656=EDGE_CURVE('',#2035,#1888,#564,.T.);
#1657=EDGE_CURVE('',#1889,#2041,#565,.T.);
#1658=EDGE_CURVE('',#2042,#1891,#566,.T.);
#1659=EDGE_CURVE('',#2041,#2042,#567,.T.);
#1660=EDGE_CURVE('',#2043,#2039,#129,.T.);
#1661=EDGE_CURVE('',#1893,#2043,#568,.T.);
#1662=EDGE_CURVE('',#2044,#2043,#569,.T.);
#1663=EDGE_CURVE('',#1893,#2044,#570,.T.);
#1664=EDGE_CURVE('',#1892,#2044,#571,.T.);
#1665=EDGE_CURVE('',#1928,#1900,#572,.T.);
#1666=EDGE_CURVE('',#1907,#1894,#573,.F.);
#1667=EDGE_CURVE('',#1908,#1894,#574,.T.);
#1668=EDGE_CURVE('',#1885,#2045,#575,.T.);
#1669=EDGE_CURVE('',#2045,#1887,#576,.T.);
#1670=EDGE_CURVE('',#2045,#2031,#577,.T.);
#1671=EDGE_CURVE('',#2046,#2047,#578,.T.);
#1672=EDGE_CURVE('',#2048,#2046,#579,.T.);
#1673=EDGE_CURVE('',#2048,#2049,#241,.F.);
#1674=EDGE_CURVE('',#2049,#1922,#242,.T.);
#1675=EDGE_CURVE('',#2015,#2047,#580,.T.);
#1676=EDGE_CURVE('',#2050,#2051,#581,.T.);
#1677=EDGE_CURVE('',#2050,#2052,#582,.T.);
#1678=EDGE_CURVE('',#2052,#2051,#583,.T.);
#1679=EDGE_CURVE('',#2053,#2049,#584,.F.);
#1680=EDGE_CURVE('',#1911,#2053,#243,.F.);
#1681=EDGE_CURVE('',#1910,#1923,#585,.T.);
#1682=EDGE_CURVE('',#2053,#2048,#586,.T.);
#1683=EDGE_CURVE('',#2051,#2052,#587,.T.);
#1684=EDGE_CURVE('',#1983,#1933,#2191,.F.);
#1685=EDGE_CURVE('',#1984,#1932,#2192,.T.);
#1686=EDGE_CURVE('',#1998,#1983,#2193,.F.);
#1687=EDGE_CURVE('',#1994,#1982,#2194,.T.);
#1688=EDGE_CURVE('',#1991,#1932,#2195,.F.);
#1689=EDGE_CURVE('',#1984,#1991,#2196,.F.);
#1690=EDGE_CURVE('',#1981,#1990,#2197,.T.);
#1691=EDGE_CURVE('',#1982,#1953,#2198,.T.);
#1692=EDGE_CURVE('',#1954,#1981,#2199,.T.);
#1693=EDGE_CURVE('',#1994,#1953,#2200,.F.);
#1694=EDGE_CURVE('',#1992,#1931,#2201,.T.);
#1695=EDGE_CURVE('',#1954,#1990,#2202,.F.);
#1696=EDGE_CURVE('',#1872,#1995,#588,.F.);
#1697=EDGE_CURVE('',#1986,#1931,#2203,.F.);
#1698=EDGE_CURVE('',#1992,#1986,#2204,.F.);
#1699=EDGE_CURVE('',#1993,#1989,#2205,.T.);
#1700=EDGE_CURVE('',#1955,#1993,#2206,.T.);
#1701=EDGE_CURVE('',#2017,#2054,#2207,.F.);
#1702=EDGE_CURVE('',#2054,#1873,#589,.T.);
#1703=EDGE_CURVE('',#2018,#1952,#590,.T.);
#1704=EDGE_CURVE('',#1930,#1987,#2208,.F.);
#1705=EDGE_CURVE('',#1955,#1989,#2209,.F.);
#1706=EDGE_CURVE('',#2024,#1951,#591,.T.);
#1707=EDGE_CURVE('',#1987,#1977,#2210,.T.);
#1708=EDGE_CURVE('',#1988,#1976,#2211,.T.);
#1709=EDGE_CURVE('',#1956,#1988,#2212,.T.);
#1710=EDGE_CURVE('',#1869,#2055,#592,.F.);
#1711=EDGE_CURVE('',#2055,#2020,#2213,.F.);
#1712=EDGE_CURVE('',#1956,#1976,#2214,.F.);
#1713=EDGE_CURVE('',#1975,#1870,#593,.T.);
#1714=EDGE_CURVE('',#2047,#1960,#594,.T.);
#1715=EDGE_CURVE('',#1929,#1973,#595,.T.);
#1716=EDGE_CURVE('',#1930,#1977,#2215,.T.);
#1717=EDGE_CURVE('',#1997,#1934,#596,.T.);
#1718=EDGE_CURVE('',#1998,#1933,#2216,.T.);
#1719=EDGE_CURVE('',#2056,#2056,#2217,.T.);
#1720=EDGE_CURVE('',#2057,#2057,#2218,.T.);
#1721=EDGE_CURVE('',#2058,#2058,#2219,.T.);
#1722=EDGE_CURVE('',#2059,#2059,#2220,.T.);
#1723=EDGE_CURVE('',#2060,#1877,#244,.T.);
#1724=EDGE_CURVE('',#2061,#2060,#2221,.T.);
#1725=EDGE_CURVE('',#2030,#2061,#245,.F.);
#1726=EDGE_CURVE('',#2029,#2030,#2222,.T.);
#1727=EDGE_CURVE('',#2062,#2061,#246,.T.);
#1728=EDGE_CURVE('',#2062,#2063,#247,.T.);
#1729=EDGE_CURVE('',#2064,#2063,#248,.T.);
#1730=EDGE_CURVE('',#2064,#2065,#249,.T.);
#1731=EDGE_CURVE('',#2065,#1882,#250,.T.);
#1732=EDGE_CURVE('',#2033,#1881,#2223,.T.);
#1733=EDGE_CURVE('',#2032,#1881,#251,.F.);
#1734=EDGE_CURVE('',#2032,#2034,#2224,.F.);
#1735=EDGE_CURVE('',#2066,#2036,#252,.T.);
#1736=EDGE_CURVE('',#2067,#2066,#2225,.T.);
#1737=EDGE_CURVE('',#2037,#2067,#253,.F.);
#1738=EDGE_CURVE('',#2068,#1957,#2226,.F.);
#1739=EDGE_CURVE('',#2038,#2068,#2227,.T.);
#1740=EDGE_CURVE('',#2039,#2068,#254,.T.);
#1741=EDGE_CURVE('',#2069,#2039,#255,.T.);
#1742=EDGE_CURVE('',#2070,#2069,#2228,.T.);
#1743=EDGE_CURVE('',#2044,#2070,#256,.F.);
#1744=EDGE_CURVE('',#1965,#2071,#2229,.T.);
#1745=EDGE_CURVE('',#2071,#1884,#257,.F.);
#1746=EDGE_CURVE('',#1884,#2072,#258,.F.);
#1747=EDGE_CURVE('',#2073,#2045,#259,.T.);
#1748=EDGE_CURVE('',#2073,#2072,#2230,.T.);
#1749=EDGE_CURVE('',#1894,#2074,#2231,.T.);
#1750=EDGE_CURVE('',#1909,#1899,#260,.F.);
#1751=EDGE_CURVE('',#2074,#1912,#261,.T.);
#1752=EDGE_CURVE('',#2067,#2060,#262,.T.);
#1753=EDGE_CURVE('',#1888,#2075,#263,.F.);
#1754=EDGE_CURVE('',#2076,#2075,#264,.T.);
#1755=EDGE_CURVE('',#2076,#2077,#265,.T.);
#1756=EDGE_CURVE('',#2078,#2077,#266,.T.);
#1757=EDGE_CURVE('',#2078,#2066,#267,.T.);
#1758=EDGE_CURVE('',#2079,#2079,#2232,.T.);
#1759=EDGE_CURVE('',#2080,#2080,#2233,.T.);
#1760=EDGE_CURVE('',#2081,#2081,#2234,.T.);
#1761=EDGE_CURVE('',#2082,#2082,#2235,.T.);
#1762=EDGE_CURVE('',#2083,#2083,#2236,.T.);
#1763=EDGE_CURVE('',#2084,#2084,#2237,.T.);
#1764=EDGE_CURVE('',#2085,#2085,#2238,.T.);
#1765=EDGE_CURVE('',#2086,#2086,#2239,.T.);
#1766=EDGE_CURVE('',#2087,#2087,#2240,.T.);
#1767=EDGE_CURVE('',#2088,#2088,#2241,.T.);
#1768=EDGE_CURVE('',#2063,#2089,#268,.T.);
#1769=EDGE_CURVE('',#2089,#2090,#2242,.T.);
#1770=EDGE_CURVE('',#2091,#2090,#269,.T.);
#1771=EDGE_CURVE('',#2091,#2092,#2243,.T.);
#1772=EDGE_CURVE('',#2093,#2092,#270,.T.);
#1773=EDGE_CURVE('',#2093,#2094,#2244,.T.);
#1774=EDGE_CURVE('',#2094,#2095,#271,.T.);
#1775=EDGE_CURVE('',#2095,#2096,#2245,.T.);
#1776=EDGE_CURVE('',#2096,#2077,#272,.T.);
#1777=EDGE_CURVE('',#2097,#2076,#2246,.T.);
#1778=EDGE_CURVE('',#2097,#2098,#273,.T.);
#1779=EDGE_CURVE('',#2064,#2098,#2247,.T.);
#1780=EDGE_CURVE('',#2075,#2099,#2248,.F.);
#1781=EDGE_CURVE('',#2097,#2099,#274,.T.);
#1782=EDGE_CURVE('',#2099,#2100,#275,.T.);
#1783=EDGE_CURVE('',#2098,#2100,#276,.T.);
#1784=EDGE_CURVE('',#2100,#2065,#2249,.F.);
#1785=EDGE_CURVE('',#2101,#2072,#277,.T.);
#1786=EDGE_CURVE('',#2101,#2048,#278,.F.);
#1787=EDGE_CURVE('',#2048,#2071,#279,.T.);
#1788=EDGE_CURVE('',#2102,#2103,#280,.T.);
#1789=EDGE_CURVE('',#2102,#2101,#2250,.F.);
#1790=EDGE_CURVE('',#2072,#2103,#2251,.T.);
#1791=EDGE_CURVE('',#2104,#2105,#281,.T.);
#1792=EDGE_CURVE('',#2104,#2102,#282,.T.);
#1793=EDGE_CURVE('',#2103,#2105,#283,.F.);
#1794=EDGE_CURVE('',#2106,#2069,#284,.T.);
#1795=EDGE_CURVE('',#2106,#2104,#2252,.F.);
#1796=EDGE_CURVE('',#2105,#2069,#2253,.T.);
#1797=EDGE_CURVE('',#2107,#2107,#2254,.F.);
#1798=EDGE_CURVE('',#2108,#2108,#2255,.F.);
#1799=EDGE_CURVE('',#2109,#2109,#2256,.F.);
#1800=EDGE_CURVE('',#2110,#2110,#2257,.F.);
#1801=EDGE_CURVE('',#2111,#2111,#2258,.F.);
#1802=EDGE_CURVE('',#2112,#2112,#2259,.F.);
#1803=EDGE_CURVE('',#2068,#1902,#285,.F.);
#1804=EDGE_CURVE('',#1908,#2106,#286,.F.);
#1805=EDGE_CURVE('',#2113,#2113,#2260,.F.);
#1806=EDGE_CURVE('',#2114,#2114,#2261,.F.);
#1807=EDGE_CURVE('',#2115,#2115,#2262,.F.);
#1808=EDGE_CURVE('',#2116,#2116,#2263,.F.);
#1809=EDGE_CURVE('',#1891,#2044,#287,.F.);
#1810=EDGE_CURVE('',#2070,#2117,#2264,.F.);
#1811=EDGE_CURVE('',#2117,#2118,#288,.T.);
#1812=EDGE_CURVE('',#2118,#2073,#2265,.F.);
#1813=EDGE_CURVE('',#2045,#2032,#289,.T.);
#1814=EDGE_CURVE('',#1881,#2119,#290,.F.);
#1815=EDGE_CURVE('',#2119,#2120,#2266,.T.);
#1816=EDGE_CURVE('',#2120,#2121,#291,.F.);
#1817=EDGE_CURVE('',#2121,#2122,#2267,.T.);
#1818=EDGE_CURVE('',#2122,#1889,#292,.T.);
#1819=EDGE_CURVE('',#1889,#1891,#293,.F.);
#1820=EDGE_CURVE('',#2123,#2123,#2268,.T.);
#1821=EDGE_CURVE('',#2124,#2124,#2269,.T.);
#1822=EDGE_CURVE('',#2125,#2125,#2270,.T.);
#1823=EDGE_CURVE('',#2126,#2126,#2271,.T.);
#1824=EDGE_CURVE('',#2127,#2127,#2272,.T.);
#1825=EDGE_CURVE('',#2128,#2128,#2273,.T.);
#1826=EDGE_CURVE('',#2129,#2129,#2274,.T.);
#1827=EDGE_CURVE('',#2130,#2130,#2275,.T.);
#1828=EDGE_CURVE('',#2131,#2131,#2276,.T.);
#1829=EDGE_CURVE('',#2132,#2132,#2277,.T.);
#1830=EDGE_CURVE('',#2078,#2062,#294,.T.);
#1831=EDGE_CURVE('',#2133,#2096,#295,.T.);
#1832=EDGE_CURVE('',#2133,#2134,#296,.T.);
#1833=EDGE_CURVE('',#2134,#2089,#297,.T.);
#1834=EDGE_CURVE('',#2135,#2095,#298,.T.);
#1835=EDGE_CURVE('',#2135,#2133,#2278,.T.);
#1836=EDGE_CURVE('',#2136,#2094,#299,.T.);
#1837=EDGE_CURVE('',#2136,#2135,#300,.T.);
#1838=EDGE_CURVE('',#2137,#2093,#301,.T.);
#1839=EDGE_CURVE('',#2137,#2136,#2279,.T.);
#1840=EDGE_CURVE('',#2138,#2092,#302,.T.);
#1841=EDGE_CURVE('',#2137,#2138,#303,.T.);
#1842=EDGE_CURVE('',#2139,#2091,#304,.T.);
#1843=EDGE_CURVE('',#2139,#2138,#2280,.T.);
#1844=EDGE_CURVE('',#2140,#2090,#305,.T.);
#1845=EDGE_CURVE('',#2139,#2140,#306,.T.);
#1846=EDGE_CURVE('',#2134,#2140,#2281,.T.);
#1847=EDGE_CURVE('',#2053,#2141,#307,.T.);
#1848=EDGE_CURVE('',#2141,#2142,#2282,.T.);
#1849=EDGE_CURVE('',#2142,#2143,#308,.F.);
#1850=EDGE_CURVE('',#2143,#2144,#2283,.T.);
#1851=EDGE_CURVE('',#2144,#2074,#309,.T.);
#1852=EDGE_CURVE('',#1889,#2041,#2284,.F.);
#1853=EDGE_CURVE('',#2042,#1891,#2285,.T.);
#1854=EDGE_CURVE('',#1961,#2071,#2286,.T.);
#1855=EDGE_CURVE('',#2048,#2046,#2287,.F.);
#1856=EDGE_CURVE('',#2141,#2101,#2288,.T.);
#1857=EDGE_CURVE('',#2142,#2102,#2289,.T.);
#1858=EDGE_CURVE('',#1908,#2074,#2290,.T.);
#1859=EDGE_CURVE('',#2143,#2104,#2291,.T.);
#1860=EDGE_CURVE('',#2106,#2144,#2292,.T.);
#1861=EDGE_CURVE('',#2119,#2065,#2293,.T.);
#1862=EDGE_CURVE('',#2120,#2100,#2294,.T.);
#1863=EDGE_CURVE('',#2121,#2099,#2295,.T.);
#1864=EDGE_CURVE('',#2122,#2075,#2296,.T.);
#1865=EDGE_CURVE('',#2117,#2105,#2297,.T.);
#1866=EDGE_CURVE('',#2118,#2103,#2298,.T.);
#1867=EDGE_CURVE('',#2016,#1997,#2299,.T.);
#1868=EDGE_CURVE('',#1973,#2021,#2300,.T.);
#1869=VERTEX_POINT('',#4145);
#1870=VERTEX_POINT('',#4146);
#1871=VERTEX_POINT('',#4151);
#1872=VERTEX_POINT('',#4169);
#1873=VERTEX_POINT('',#4170);
#1874=VERTEX_POINT('',#4175);
#1875=VERTEX_POINT('',#4200);
#1876=VERTEX_POINT('',#4201);
#1877=VERTEX_POINT('',#4206);
#1878=VERTEX_POINT('',#4212);
#1879=VERTEX_POINT('',#4217);
#1880=VERTEX_POINT('',#4222);
#1881=VERTEX_POINT('',#4241);
#1882=VERTEX_POINT('',#4242);
#1883=VERTEX_POINT('',#4244);
#1884=VERTEX_POINT('',#4251);
#1885=VERTEX_POINT('',#4252);
#1886=VERTEX_POINT('',#4254);
#1887=VERTEX_POINT('',#4259);
#1888=VERTEX_POINT('',#4277);
#1889=VERTEX_POINT('',#4278);
#1890=VERTEX_POINT('',#4283);
#1891=VERTEX_POINT('',#4290);
#1892=VERTEX_POINT('',#4291);
#1893=VERTEX_POINT('',#4293);
#1894=VERTEX_POINT('',#4303);
#1895=VERTEX_POINT('',#4304);
#1896=VERTEX_POINT('',#4309);
#1897=VERTEX_POINT('',#4334);
#1898=VERTEX_POINT('',#4335);
#1899=VERTEX_POINT('',#4340);
#1900=VERTEX_POINT('',#4350);
#1901=VERTEX_POINT('',#4367);
#1902=VERTEX_POINT('',#4368);
#1903=VERTEX_POINT('',#4373);
#1904=VERTEX_POINT('',#4378);
#1905=VERTEX_POINT('',#4380);
#1906=VERTEX_POINT('',#4385);
#1907=VERTEX_POINT('',#4387);
#1908=VERTEX_POINT('',#4389);
#1909=VERTEX_POINT('',#4415);
#1910=VERTEX_POINT('',#4420);
#1911=VERTEX_POINT('',#4425);
#1912=VERTEX_POINT('',#4430);
#1913=VERTEX_POINT('',#4453);
#1914=VERTEX_POINT('',#4459);
#1915=VERTEX_POINT('',#4476);
#1916=VERTEX_POINT('',#4478);
#1917=VERTEX_POINT('',#4491);
#1918=VERTEX_POINT('',#4493);
#1919=VERTEX_POINT('',#4506);
#1920=VERTEX_POINT('',#4518);
#1921=VERTEX_POINT('',#4530);
#1922=VERTEX_POINT('',#4535);
#1923=VERTEX_POINT('',#4536);
#1924=VERTEX_POINT('',#4545);
#1925=VERTEX_POINT('',#4547);
#1926=VERTEX_POINT('',#4552);
#1927=VERTEX_POINT('',#4557);
#1928=VERTEX_POINT('',#4562);
#1929=VERTEX_POINT('',#4574);
#1930=VERTEX_POINT('',#4576);
#1931=VERTEX_POINT('',#4578);
#1932=VERTEX_POINT('',#4580);
#1933=VERTEX_POINT('',#4582);
#1934=VERTEX_POINT('',#4584);
#1935=VERTEX_POINT('',#4592);
#1936=VERTEX_POINT('',#4598);
#1937=VERTEX_POINT('',#4599);
#1938=VERTEX_POINT('',#4601);
#1939=VERTEX_POINT('',#4603);
#1940=VERTEX_POINT('',#4630);
#1941=VERTEX_POINT('',#4656);
#1942=VERTEX_POINT('',#4658);
#1943=VERTEX_POINT('',#4659);
#1944=VERTEX_POINT('',#4661);
#1945=VERTEX_POINT('',#4663);
#1946=VERTEX_POINT('',#4676);
#1947=VERTEX_POINT('',#4689);
#1948=VERTEX_POINT('',#4691);
#1949=VERTEX_POINT('',#4704);
#1950=VERTEX_POINT('',#4706);
#1951=VERTEX_POINT('',#4709);
#1952=VERTEX_POINT('',#4711);
#1953=VERTEX_POINT('',#4714);
#1954=VERTEX_POINT('',#4716);
#1955=VERTEX_POINT('',#4718);
#1956=VERTEX_POINT('',#4720);
#1957=VERTEX_POINT('',#4738);
#1958=VERTEX_POINT('',#4743);
#1959=VERTEX_POINT('',#4752);
#1960=VERTEX_POINT('',#4773);
#1961=VERTEX_POINT('',#4774);
#1962=VERTEX_POINT('',#4780);
#1963=VERTEX_POINT('',#4786);
#1964=VERTEX_POINT('',#4792);
#1965=VERTEX_POINT('',#4797);
#1966=VERTEX_POINT('',#4806);
#1967=VERTEX_POINT('',#4807);
#1968=VERTEX_POINT('',#4815);
#1969=VERTEX_POINT('',#4816);
#1970=VERTEX_POINT('',#4826);
#1971=VERTEX_POINT('',#4833);
#1972=VERTEX_POINT('',#4835);
#1973=VERTEX_POINT('',#4839);
#1974=VERTEX_POINT('',#4840);
#1975=VERTEX_POINT('',#4842);
#1976=VERTEX_POINT('',#4844);
#1977=VERTEX_POINT('',#4846);
#1978=VERTEX_POINT('',#4850);
#1979=VERTEX_POINT('',#4853);
#1980=VERTEX_POINT('',#4856);
#1981=VERTEX_POINT('',#4858);
#1982=VERTEX_POINT('',#4859);
#1983=VERTEX_POINT('',#4861);
#1984=VERTEX_POINT('',#4863);
#1985=VERTEX_POINT('',#4867);
#1986=VERTEX_POINT('',#4869);
#1987=VERTEX_POINT('',#4870);
#1988=VERTEX_POINT('',#4872);
#1989=VERTEX_POINT('',#4874);
#1990=VERTEX_POINT('',#4878);
#1991=VERTEX_POINT('',#4879);
#1992=VERTEX_POINT('',#4881);
#1993=VERTEX_POINT('',#4883);
#1994=VERTEX_POINT('',#4887);
#1995=VERTEX_POINT('',#4888);
#1996=VERTEX_POINT('',#4890);
#1997=VERTEX_POINT('',#4892);
#1998=VERTEX_POINT('',#4894);
#1999=VERTEX_POINT('',#4898);
#2000=VERTEX_POINT('',#4900);
#2001=VERTEX_POINT('',#4903);
#2002=VERTEX_POINT('',#4905);
#2003=VERTEX_POINT('',#4908);
#2004=VERTEX_POINT('',#4910);
#2005=VERTEX_POINT('',#4914);
#2006=VERTEX_POINT('',#4916);
#2007=VERTEX_POINT('',#4920);
#2008=VERTEX_POINT('',#4924);
#2009=VERTEX_POINT('',#4931);
#2010=VERTEX_POINT('',#4933);
#2011=VERTEX_POINT('',#4937);
#2012=VERTEX_POINT('',#4939);
#2013=VERTEX_POINT('',#4943);
#2014=VERTEX_POINT('',#4947);
#2015=VERTEX_POINT('',#4954);
#2016=VERTEX_POINT('',#4959);
#2017=VERTEX_POINT('',#4961);
#2018=VERTEX_POINT('',#4963);
#2019=VERTEX_POINT('',#4965);
#2020=VERTEX_POINT('',#4973);
#2021=VERTEX_POINT('',#4974);
#2022=VERTEX_POINT('',#4980);
#2023=VERTEX_POINT('',#4982);
#2024=VERTEX_POINT('',#4984);
#2025=VERTEX_POINT('',#4989);
#2026=VERTEX_POINT('',#4997);
#2027=VERTEX_POINT('',#5002);
#2028=VERTEX_POINT('',#5023);
#2029=VERTEX_POINT('',#5024);
#2030=VERTEX_POINT('',#5026);
#2031=VERTEX_POINT('',#5038);
#2032=VERTEX_POINT('',#5039);
#2033=VERTEX_POINT('',#5082);
#2034=VERTEX_POINT('',#5087);
#2035=VERTEX_POINT('',#5115);
#2036=VERTEX_POINT('',#5120);
#2037=VERTEX_POINT('',#5126);
#2038=VERTEX_POINT('',#5151);
#2039=VERTEX_POINT('',#5156);
#2040=VERTEX_POINT('',#5161);
#2041=VERTEX_POINT('',#5209);
#2042=VERTEX_POINT('',#5215);
#2043=VERTEX_POINT('',#5222);
#2044=VERTEX_POINT('',#5232);
#2045=VERTEX_POINT('',#5287);
#2046=VERTEX_POINT('',#5309);
#2047=VERTEX_POINT('',#5310);
#2048=VERTEX_POINT('',#5316);
#2049=VERTEX_POINT('',#5318);
#2050=VERTEX_POINT('',#5328);
#2051=VERTEX_POINT('',#5329);
#2052=VERTEX_POINT('',#5336);
#2053=VERTEX_POINT('',#5363);
#2054=VERTEX_POINT('',#5458);
#2055=VERTEX_POINT('',#5512);
#2056=VERTEX_POINT('',#5600);
#2057=VERTEX_POINT('',#5604);
#2058=VERTEX_POINT('',#5608);
#2059=VERTEX_POINT('',#5612);
#2060=VERTEX_POINT('',#5616);
#2061=VERTEX_POINT('',#5618);
#2062=VERTEX_POINT('',#5623);
#2063=VERTEX_POINT('',#5625);
#2064=VERTEX_POINT('',#5627);
#2065=VERTEX_POINT('',#5629);
#2066=VERTEX_POINT('',#5639);
#2067=VERTEX_POINT('',#5641);
#2068=VERTEX_POINT('',#5645);
#2069=VERTEX_POINT('',#5651);
#2070=VERTEX_POINT('',#5653);
#2071=VERTEX_POINT('',#5657);
#2072=VERTEX_POINT('',#5661);
#2073=VERTEX_POINT('',#5663);
#2074=VERTEX_POINT('',#5667);
#2075=VERTEX_POINT('',#5674);
#2076=VERTEX_POINT('',#5676);
#2077=VERTEX_POINT('',#5678);
#2078=VERTEX_POINT('',#5680);
#2079=VERTEX_POINT('',#5684);
#2080=VERTEX_POINT('',#5686);
#2081=VERTEX_POINT('',#5688);
#2082=VERTEX_POINT('',#5690);
#2083=VERTEX_POINT('',#5692);
#2084=VERTEX_POINT('',#5694);
#2085=VERTEX_POINT('',#5696);
#2086=VERTEX_POINT('',#5698);
#2087=VERTEX_POINT('',#5700);
#2088=VERTEX_POINT('',#5702);
#2089=VERTEX_POINT('',#5704);
#2090=VERTEX_POINT('',#5706);
#2091=VERTEX_POINT('',#5708);
#2092=VERTEX_POINT('',#5710);
#2093=VERTEX_POINT('',#5712);
#2094=VERTEX_POINT('',#5714);
#2095=VERTEX_POINT('',#5716);
#2096=VERTEX_POINT('',#5718);
#2097=VERTEX_POINT('',#5721);
#2098=VERTEX_POINT('',#5723);
#2099=VERTEX_POINT('',#5727);
#2100=VERTEX_POINT('',#5731);
#2101=VERTEX_POINT('',#5737);
#2102=VERTEX_POINT('',#5742);
#2103=VERTEX_POINT('',#5743);
#2104=VERTEX_POINT('',#5748);
#2105=VERTEX_POINT('',#5749);
#2106=VERTEX_POINT('',#5754);
#2107=VERTEX_POINT('',#5759);
#2108=VERTEX_POINT('',#5762);
#2109=VERTEX_POINT('',#5765);
#2110=VERTEX_POINT('',#5768);
#2111=VERTEX_POINT('',#5771);
#2112=VERTEX_POINT('',#5774);
#2113=VERTEX_POINT('',#5780);
#2114=VERTEX_POINT('',#5783);
#2115=VERTEX_POINT('',#5786);
#2116=VERTEX_POINT('',#5789);
#2117=VERTEX_POINT('',#5793);
#2118=VERTEX_POINT('',#5795);
#2119=VERTEX_POINT('',#5799);
#2120=VERTEX_POINT('',#5801);
#2121=VERTEX_POINT('',#5803);
#2122=VERTEX_POINT('',#5805);
#2123=VERTEX_POINT('',#5809);
#2124=VERTEX_POINT('',#5811);
#2125=VERTEX_POINT('',#5813);
#2126=VERTEX_POINT('',#5815);
#2127=VERTEX_POINT('',#5817);
#2128=VERTEX_POINT('',#5819);
#2129=VERTEX_POINT('',#5821);
#2130=VERTEX_POINT('',#5823);
#2131=VERTEX_POINT('',#5825);
#2132=VERTEX_POINT('',#5827);
#2133=VERTEX_POINT('',#5831);
#2134=VERTEX_POINT('',#5833);
#2135=VERTEX_POINT('',#5837);
#2136=VERTEX_POINT('',#5841);
#2137=VERTEX_POINT('',#5845);
#2138=VERTEX_POINT('',#5849);
#2139=VERTEX_POINT('',#5853);
#2140=VERTEX_POINT('',#5857);
#2141=VERTEX_POINT('',#5863);
#2142=VERTEX_POINT('',#5865);
#2143=VERTEX_POINT('',#5867);
#2144=VERTEX_POINT('',#5869);
#2145=CIRCLE('',#3043,0.01);
#2146=CIRCLE('',#3044,0.01);
#2147=CIRCLE('',#3050,0.00175);
#2148=CIRCLE('',#3052,0.00175);
#2149=CIRCLE('',#3054,0.0335);
#2150=CIRCLE('',#3055,0.0335);
#2151=CIRCLE('',#3056,0.0335);
#2152=CIRCLE('',#3057,0.0335);
#2153=CIRCLE('',#3058,0.0335);
#2154=CIRCLE('',#3059,0.0335);
#2155=CIRCLE('',#3060,0.0335);
#2156=CIRCLE('',#3061,0.0335);
#2157=CIRCLE('',#3063,0.00175);
#2158=CIRCLE('',#3065,0.00175);
#2159=CIRCLE('',#3067,0.0255);
#2160=CIRCLE('',#3068,0.0255);
#2161=CIRCLE('',#3069,0.0255);
#2162=CIRCLE('',#3070,0.0255);
#2163=CIRCLE('',#3074,0.0335);
#2164=CIRCLE('',#3076,0.0325);
#2165=CIRCLE('',#3078,0.001);
#2166=CIRCLE('',#3079,0.0325);
#2167=CIRCLE('',#3081,0.011);
#2168=CIRCLE('',#3082,0.0265);
#2169=CIRCLE('',#3083,0.0325);
#2170=CIRCLE('',#3085,0.00175);
#2171=CIRCLE('',#3087,0.00175);
#2172=CIRCLE('',#3089,0.00275);
#2173=CIRCLE('',#3091,0.00275);
#2174=CIRCLE('',#3093,0.0325);
#2175=CIRCLE('',#3094,0.0265);
#2176=CIRCLE('',#3096,0.0265);
#2177=CIRCLE('',#3097,0.011);
#2178=CIRCLE('',#3098,0.0325);
#2179=CIRCLE('',#3100,0.00175);
#2180=CIRCLE('',#3101,0.00175);
#2181=CIRCLE('',#3103,0.00175);
#2182=CIRCLE('',#3104,0.00175);
#2183=CIRCLE('',#3118,0.001);
#2184=CIRCLE('',#3120,0.001);
#2185=CIRCLE('',#3121,0.001);
#2186=CIRCLE('',#3123,0.0265);
#2187=CIRCLE('',#3124,0.0325);
#2188=CIRCLE('',#3125,0.032);
#2189=CIRCLE('',#3126,0.032);
#2190=CIRCLE('',#3128,0.001);
#2191=CIRCLE('',#3137,0.001);
#2192=CIRCLE('',#3138,0.001);
#2193=CIRCLE('',#3140,0.001);
#2194=CIRCLE('',#3141,0.001);
#2195=CIRCLE('',#3143,0.001);
#2196=CIRCLE('',#3144,0.001);
#2197=CIRCLE('',#3146,0.001);
#2198=CIRCLE('',#3148,0.001);
#2199=CIRCLE('',#3149,0.001);
#2200=CIRCLE('',#3151,0.001);
#2201=CIRCLE('',#3153,0.001);
#2202=CIRCLE('',#3155,0.001);
#2203=CIRCLE('',#3158,0.001);
#2204=CIRCLE('',#3159,0.001);
#2205=CIRCLE('',#3161,0.001);
#2206=CIRCLE('',#3163,0.001);
#2207=CIRCLE('',#3165,0.001);
#2208=CIRCLE('',#3167,0.001);
#2209=CIRCLE('',#3169,0.001);
#2210=CIRCLE('',#3172,0.001);
#2211=CIRCLE('',#3173,0.001);
#2212=CIRCLE('',#3175,0.001);
#2213=CIRCLE('',#3177,0.001);
#2214=CIRCLE('',#3179,0.001);
#2215=CIRCLE('',#3184,0.001);
#2216=CIRCLE('',#3187,0.001);
#2217=CIRCLE('',#3190,0.0029);
#2218=CIRCLE('',#3193,0.0029);
#2219=CIRCLE('',#3196,0.0029);
#2220=CIRCLE('',#3199,0.0029);
#2221=CIRCLE('',#3202,0.001);
#2222=CIRCLE('',#3203,0.001);
#2223=CIRCLE('',#3206,0.001);
#2224=CIRCLE('',#3207,0.001);
#2225=CIRCLE('',#3211,0.001);
#2226=CIRCLE('',#3213,0.001);
#2227=CIRCLE('',#3214,0.001);
#2228=CIRCLE('',#3217,0.001);
#2229=CIRCLE('',#3219,0.001);
#2230=CIRCLE('',#3221,0.001);
#2231=CIRCLE('',#3223,0.001);
#2232=CIRCLE('',#3227,0.00125);
#2233=CIRCLE('',#3228,0.00125);
#2234=CIRCLE('',#3229,0.00125);
#2235=CIRCLE('',#3230,0.00125);
#2236=CIRCLE('',#3231,0.00125);
#2237=CIRCLE('',#3232,0.0016);
#2238=CIRCLE('',#3233,0.0016);
#2239=CIRCLE('',#3234,0.00125);
#2240=CIRCLE('',#3235,0.00125);
#2241=CIRCLE('',#3236,0.00125);
#2242=CIRCLE('',#3237,0.007);
#2243=CIRCLE('',#3238,0.007);
#2244=CIRCLE('',#3239,0.007);
#2245=CIRCLE('',#3240,0.007);
#2246=CIRCLE('',#3241,0.00100000000000003);
#2247=CIRCLE('',#3242,0.00100000000000002);
#2248=CIRCLE('',#3244,0.00100000000000003);
#2249=CIRCLE('',#3247,0.00100000000000002);
#2250=CIRCLE('',#3250,0.0095);
#2251=CIRCLE('',#3251,0.0095);
#2252=CIRCLE('',#3254,0.0095);
#2253=CIRCLE('',#3255,0.0095);
#2254=CIRCLE('',#3257,0.00125);
#2255=CIRCLE('',#3259,0.00125);
#2256=CIRCLE('',#3261,0.0016);
#2257=CIRCLE('',#3263,0.0016);
#2258=CIRCLE('',#3265,0.00125);
#2259=CIRCLE('',#3267,0.00125);
#2260=CIRCLE('',#3270,0.00125);
#2261=CIRCLE('',#3272,0.00125);
#2262=CIRCLE('',#3274,0.00125);
#2263=CIRCLE('',#3276,0.00125);
#2264=CIRCLE('',#3278,0.0085);
#2265=CIRCLE('',#3279,0.0085);
#2266=CIRCLE('',#3280,0.00200000000000003);
#2267=CIRCLE('',#3281,0.00200000000000003);
#2268=CIRCLE('',#3282,0.00225);
#2269=CIRCLE('',#3283,0.00225);
#2270=CIRCLE('',#3284,0.00225);
#2271=CIRCLE('',#3285,0.00225);
#2272=CIRCLE('',#3286,0.00225);
#2273=CIRCLE('',#3287,0.00225);
#2274=CIRCLE('',#3288,0.00225);
#2275=CIRCLE('',#3289,0.00225);
#2276=CIRCLE('',#3290,0.0026);
#2277=CIRCLE('',#3291,0.0026);
#2278=CIRCLE('',#3294,0.007);
#2279=CIRCLE('',#3297,0.007);
#2280=CIRCLE('',#3300,0.007);
#2281=CIRCLE('',#3303,0.007);
#2282=CIRCLE('',#3305,0.0085);
#2283=CIRCLE('',#3306,0.0085);
#2284=CIRCLE('',#3310,0.001);
#2285=CIRCLE('',#3311,0.001);
#2286=CIRCLE('',#3313,0.001);
#2287=CIRCLE('',#3314,0.001);
#2288=CIRCLE('',#3317,0.001);
#2289=CIRCLE('',#3319,0.001);
#2290=CIRCLE('',#3321,0.001);
#2291=CIRCLE('',#3323,0.001);
#2292=CIRCLE('',#3325,0.001);
#2293=CIRCLE('',#3339,0.001);
#2294=CIRCLE('',#3341,0.001);
#2295=CIRCLE('',#3343,0.001);
#2296=CIRCLE('',#3345,0.001);
#2297=CIRCLE('',#3351,0.001);
#2298=CIRCLE('',#3353,0.001);
#2299=CIRCLE('',#3357,0.01);
#2300=CIRCLE('',#3358,0.01);
#2301=EDGE_LOOP('',(#597,#598,#599));
#2302=EDGE_LOOP('',(#600,#601,#602));
#2303=EDGE_LOOP('',(#603,#604,#605,#606,#607,#608));
#2304=EDGE_LOOP('',(#609,#610,#611));
#2305=EDGE_LOOP('',(#612,#613,#614,#615));
#2306=EDGE_LOOP('',(#616,#617,#618));
#2307=EDGE_LOOP('',(#619,#620,#621));
#2308=EDGE_LOOP('',(#622,#623,#624));
#2309=EDGE_LOOP('',(#625,#626,#627,#628,#629,#630));
#2310=EDGE_LOOP('',(#631,#632,#633,#634,#635,#636,#637,#638));
#2311=EDGE_LOOP('',(#639,#640,#641,#642,#643,#644));
#2312=EDGE_LOOP('',(#645,#646,#647,#648));
#2313=EDGE_LOOP('',(#649));
#2314=EDGE_LOOP('',(#650));
#2315=EDGE_LOOP('',(#651));
#2316=EDGE_LOOP('',(#652));
#2317=EDGE_LOOP('',(#653));
#2318=EDGE_LOOP('',(#654));
#2319=EDGE_LOOP('',(#655));
#2320=EDGE_LOOP('',(#656,#657,#658,#659,#660,#661,#662,#663,#664,#665,#666,
#667,#668,#669,#670,#671,#672,#673));
#2321=EDGE_LOOP('',(#674,#675,#676,#677));
#2322=EDGE_LOOP('',(#678));
#2323=EDGE_LOOP('',(#679));
#2324=EDGE_LOOP('',(#680,#681,#682,#683));
#2325=EDGE_LOOP('',(#684));
#2326=EDGE_LOOP('',(#685));
#2327=EDGE_LOOP('',(#686));
#2328=EDGE_LOOP('',(#687));
#2329=EDGE_LOOP('',(#688));
#2330=EDGE_LOOP('',(#689));
#2331=EDGE_LOOP('',(#690));
#2332=EDGE_LOOP('',(#691));
#2333=EDGE_LOOP('',(#692,#693,#694,#695,#696,#697,#698,#699));
#2334=EDGE_LOOP('',(#700));
#2335=EDGE_LOOP('',(#701,#702,#703,#704,#705));
#2336=EDGE_LOOP('',(#706,#707,#708,#709,#710,#711,#712,#713));
#2337=EDGE_LOOP('',(#714,#715,#716));
#2338=EDGE_LOOP('',(#717,#718,#719,#720));
#2339=EDGE_LOOP('',(#721,#722,#723,#724,#725));
#2340=EDGE_LOOP('',(#726,#727,#728,#729));
#2341=EDGE_LOOP('',(#730,#731,#732,#733,#734));
#2342=EDGE_LOOP('',(#735));
#2343=EDGE_LOOP('',(#736));
#2344=EDGE_LOOP('',(#737));
#2345=EDGE_LOOP('',(#738));
#2346=EDGE_LOOP('',(#739));
#2347=EDGE_LOOP('',(#740,#741,#742,#743));
#2348=EDGE_LOOP('',(#744));
#2349=EDGE_LOOP('',(#745,#746,#747,#748));
#2350=EDGE_LOOP('',(#749,#750,#751,#752));
#2351=EDGE_LOOP('',(#753,#754,#755,#756,#757));
#2352=EDGE_LOOP('',(#758));
#2353=EDGE_LOOP('',(#759));
#2354=EDGE_LOOP('',(#760));
#2355=EDGE_LOOP('',(#761));
#2356=EDGE_LOOP('',(#762,#763,#764,#765));
#2357=EDGE_LOOP('',(#766,#767,#768,#769));
#2358=EDGE_LOOP('',(#770));
#2359=EDGE_LOOP('',(#771,#772,#773,#774,#775));
#2360=EDGE_LOOP('',(#776));
#2361=EDGE_LOOP('',(#777,#778,#779,#780,#781));
#2362=EDGE_LOOP('',(#782,#783,#784,#785));
#2363=EDGE_LOOP('',(#786,#787,#788,#789));
#2364=EDGE_LOOP('',(#790,#791,#792,#793));
#2365=EDGE_LOOP('',(#794,#795,#796,#797));
#2366=EDGE_LOOP('',(#798));
#2367=EDGE_LOOP('',(#799,#800,#801,#802,#803));
#2368=EDGE_LOOP('',(#804));
#2369=EDGE_LOOP('',(#805,#806,#807,#808,#809));
#2370=EDGE_LOOP('',(#810,#811,#812,#813));
#2371=EDGE_LOOP('',(#814,#815,#816,#817));
#2372=EDGE_LOOP('',(#818,#819,#820,#821,#822,#823,#824,#825));
#2373=EDGE_LOOP('',(#826,#827,#828,#829,#830,#831,#832,#833));
#2374=EDGE_LOOP('',(#834,#835,#836,#837,#838,#839,#840,#841));
#2375=EDGE_LOOP('',(#842,#843,#844,#845,#846,#847));
#2376=EDGE_LOOP('',(#848,#849,#850,#851,#852,#853,#854,#855,#856));
#2377=EDGE_LOOP('',(#857,#858,#859));
#2378=EDGE_LOOP('',(#860,#861,#862,#863,#864,#865,#866,#867));
#2379=EDGE_LOOP('',(#868,#869,#870,#871,#872,#873,#874));
#2380=EDGE_LOOP('',(#875,#876,#877,#878,#879,#880,#881,#882));
#2381=EDGE_LOOP('',(#883,#884,#885,#886,#887,#888));
#2382=EDGE_LOOP('',(#889,#890,#891,#892,#893,#894,#895,#896,#897,#898,#899));
#2383=EDGE_LOOP('',(#900,#901,#902,#903));
#2384=EDGE_LOOP('',(#904,#905,#906));
#2385=EDGE_LOOP('',(#907,#908,#909));
#2386=EDGE_LOOP('',(#910,#911,#912,#913,#914,#915));
#2387=EDGE_LOOP('',(#916,#917,#918));
#2388=EDGE_LOOP('',(#919,#920,#921));
#2389=EDGE_LOOP('',(#922,#923,#924));
#2390=EDGE_LOOP('',(#925,#926,#927,#928,#929,#930,#931));
#2391=EDGE_LOOP('',(#932,#933,#934));
#2392=EDGE_LOOP('',(#935,#936,#937,#938,#939,#940));
#2393=EDGE_LOOP('',(#941,#942,#943));
#2394=EDGE_LOOP('',(#944,#945,#946));
#2395=EDGE_LOOP('',(#947,#948));
#2396=EDGE_LOOP('',(#949,#950,#951,#952));
#2397=EDGE_LOOP('',(#953,#954,#955,#956));
#2398=EDGE_LOOP('',(#957,#958,#959));
#2399=EDGE_LOOP('',(#960,#961,#962,#963));
#2400=EDGE_LOOP('',(#964,#965,#966,#967));
#2401=EDGE_LOOP('',(#968,#969,#970));
#2402=EDGE_LOOP('',(#971,#972,#973,#974));
#2403=EDGE_LOOP('',(#975,#976,#977));
#2404=EDGE_LOOP('',(#978,#979,#980,#981,#982));
#2405=EDGE_LOOP('',(#983,#984,#985));
#2406=EDGE_LOOP('',(#986,#987,#988,#989));
#2407=EDGE_LOOP('',(#990,#991,#992,#993));
#2408=EDGE_LOOP('',(#994,#995,#996,#997,#998,#999));
#2409=EDGE_LOOP('',(#1000,#1001,#1002,#1003));
#2410=EDGE_LOOP('',(#1004,#1005,#1006));
#2411=EDGE_LOOP('',(#1007,#1008,#1009,#1010,#1011,#1012));
#2412=EDGE_LOOP('',(#1013,#1014,#1015,#1016));
#2413=EDGE_LOOP('',(#1017,#1018,#1019,#1020));
#2414=EDGE_LOOP('',(#1021,#1022,#1023,#1024,#1025,#1026));
#2415=EDGE_LOOP('',(#1027,#1028,#1029));
#2416=EDGE_LOOP('',(#1030,#1031,#1032,#1033,#1034));
#2417=EDGE_LOOP('',(#1035));
#2418=EDGE_LOOP('',(#1036));
#2419=EDGE_LOOP('',(#1037));
#2420=EDGE_LOOP('',(#1038));
#2421=EDGE_LOOP('',(#1039,#1040,#1041,#1042,#1043));
#2422=EDGE_LOOP('',(#1044,#1045,#1046,#1047));
#2423=EDGE_LOOP('',(#1048,#1049,#1050));
#2424=EDGE_LOOP('',(#1051,#1052,#1053,#1054));
#2425=EDGE_LOOP('',(#1055,#1056,#1057));
#2426=EDGE_LOOP('',(#1058,#1059,#1060,#1061,#1062));
#2427=EDGE_LOOP('',(#1063,#1064,#1065,#1066));
#2428=EDGE_LOOP('',(#1067));
#2429=EDGE_LOOP('',(#1068));
#2430=EDGE_LOOP('',(#1069));
#2431=EDGE_LOOP('',(#1070));
#2432=EDGE_LOOP('',(#1071));
#2433=EDGE_LOOP('',(#1072));
#2434=EDGE_LOOP('',(#1073));
#2435=EDGE_LOOP('',(#1074));
#2436=EDGE_LOOP('',(#1075));
#2437=EDGE_LOOP('',(#1076));
#2438=EDGE_LOOP('',(#1077));
#2439=EDGE_LOOP('',(#1078));
#2440=EDGE_LOOP('',(#1079));
#2441=EDGE_LOOP('',(#1080));
#2442=EDGE_LOOP('',(#1081));
#2443=EDGE_LOOP('',(#1082));
#2444=EDGE_LOOP('',(#1083,#1084,#1085,#1086,#1087,#1088));
#2445=EDGE_LOOP('',(#1089,#1090,#1091,#1092,#1093,#1094,#1095));
#2446=EDGE_LOOP('',(#1096,#1097,#1098,#1099));
#2447=EDGE_LOOP('',(#1100,#1101));
#2448=EDGE_LOOP('',(#1102,#1103));
#2449=EDGE_LOOP('',(#1104,#1105,#1106,#1107));
#2450=EDGE_LOOP('',(#1108,#1109,#1110,#1111));
#2451=EDGE_LOOP('',(#1112,#1113,#1114));
#2452=EDGE_LOOP('',(#1115,#1116,#1117,#1118,#1119));
#2453=EDGE_LOOP('',(#1120,#1121,#1122,#1123));
#2454=EDGE_LOOP('',(#1124,#1125,#1126,#1127,#1128));
#2455=EDGE_LOOP('',(#1129,#1130,#1131,#1132,#1133,#1134));
#2456=EDGE_LOOP('',(#1135,#1136,#1137,#1138,#1139,#1140,#1141,#1142,#1143));
#2457=EDGE_LOOP('',(#1144,#1145,#1146,#1147,#1148,#1149,#1150,#1151));
#2458=EDGE_LOOP('',(#1152));
#2459=EDGE_LOOP('',(#1153));
#2460=EDGE_LOOP('',(#1154));
#2461=EDGE_LOOP('',(#1155));
#2462=EDGE_LOOP('',(#1156));
#2463=EDGE_LOOP('',(#1157));
#2464=EDGE_LOOP('',(#1158));
#2465=EDGE_LOOP('',(#1159));
#2466=EDGE_LOOP('',(#1160));
#2467=EDGE_LOOP('',(#1161));
#2468=EDGE_LOOP('',(#1162,#1163,#1164,#1165,#1166,#1167,#1168,#1169,#1170,
#1171,#1172,#1173,#1174,#1175));
#2469=EDGE_LOOP('',(#1176,#1177,#1178,#1179));
#2470=EDGE_LOOP('',(#1180,#1181,#1182,#1183));
#2471=EDGE_LOOP('',(#1184,#1185,#1186,#1187));
#2472=EDGE_LOOP('',(#1188,#1189,#1190,#1191,#1192));
#2473=EDGE_LOOP('',(#1193,#1194,#1195,#1196));
#2474=EDGE_LOOP('',(#1197,#1198,#1199,#1200));
#2475=EDGE_LOOP('',(#1201,#1202,#1203,#1204));
#2476=EDGE_LOOP('',(#1205));
#2477=EDGE_LOOP('',(#1206));
#2478=EDGE_LOOP('',(#1207));
#2479=EDGE_LOOP('',(#1208));
#2480=EDGE_LOOP('',(#1209));
#2481=EDGE_LOOP('',(#1210));
#2482=EDGE_LOOP('',(#1211));
#2483=EDGE_LOOP('',(#1212));
#2484=EDGE_LOOP('',(#1213));
#2485=EDGE_LOOP('',(#1214));
#2486=EDGE_LOOP('',(#1215));
#2487=EDGE_LOOP('',(#1216));
#2488=EDGE_LOOP('',(#1217,#1218,#1219,#1220,#1221,#1222));
#2489=EDGE_LOOP('',(#1223));
#2490=EDGE_LOOP('',(#1224));
#2491=EDGE_LOOP('',(#1225));
#2492=EDGE_LOOP('',(#1226));
#2493=EDGE_LOOP('',(#1227));
#2494=EDGE_LOOP('',(#1228));
#2495=EDGE_LOOP('',(#1229));
#2496=EDGE_LOOP('',(#1230));
#2497=EDGE_LOOP('',(#1231,#1232,#1233,#1234,#1235,#1236,#1237,#1238,#1239,
#1240,#1241,#1242,#1243,#1244));
#2498=EDGE_LOOP('',(#1245));
#2499=EDGE_LOOP('',(#1246));
#2500=EDGE_LOOP('',(#1247));
#2501=EDGE_LOOP('',(#1248));
#2502=EDGE_LOOP('',(#1249));
#2503=EDGE_LOOP('',(#1250));
#2504=EDGE_LOOP('',(#1251));
#2505=EDGE_LOOP('',(#1252));
#2506=EDGE_LOOP('',(#1253));
#2507=EDGE_LOOP('',(#1254));
#2508=EDGE_LOOP('',(#1255,#1256,#1257,#1258,#1259,#1260,#1261,#1262));
#2509=EDGE_LOOP('',(#1263,#1264,#1265,#1266));
#2510=EDGE_LOOP('',(#1267,#1268,#1269,#1270));
#2511=EDGE_LOOP('',(#1271,#1272,#1273,#1274));
#2512=EDGE_LOOP('',(#1275,#1276,#1277,#1278));
#2513=EDGE_LOOP('',(#1279,#1280,#1281,#1282));
#2514=EDGE_LOOP('',(#1283,#1284,#1285,#1286));
#2515=EDGE_LOOP('',(#1287,#1288,#1289,#1290));
#2516=EDGE_LOOP('',(#1291,#1292,#1293,#1294,#1295,#1296,#1297,#1298));
#2517=EDGE_LOOP('',(#1299,#1300,#1301,#1302,#1303,#1304,#1305,#1306));
#2518=EDGE_LOOP('',(#1307,#1308,#1309,#1310,#1311,#1312));
#2519=EDGE_LOOP('',(#1313,#1314,#1315,#1316,#1317));
#2520=EDGE_LOOP('',(#1318,#1319,#1320,#1321));
#2521=EDGE_LOOP('',(#1322,#1323,#1324,#1325,#1326,#1327));
#2522=EDGE_LOOP('',(#1328,#1329));
#2523=EDGE_LOOP('',(#1330,#1331,#1332,#1333));
#2524=EDGE_LOOP('',(#1334,#1335,#1336,#1337));
#2525=EDGE_LOOP('',(#1338,#1339,#1340));
#2526=EDGE_LOOP('',(#1341,#1342,#1343,#1344));
#2527=EDGE_LOOP('',(#1345,#1346,#1347,#1348));
#2528=EDGE_LOOP('',(#1349,#1350,#1351,#1352));
#2529=EDGE_LOOP('',(#1353));
#2530=EDGE_LOOP('',(#1354));
#2531=EDGE_LOOP('',(#1355));
#2532=EDGE_LOOP('',(#1356));
#2533=EDGE_LOOP('',(#1357));
#2534=EDGE_LOOP('',(#1358));
#2535=EDGE_LOOP('',(#1359));
#2536=EDGE_LOOP('',(#1360));
#2537=EDGE_LOOP('',(#1361));
#2538=EDGE_LOOP('',(#1362));
#2539=EDGE_LOOP('',(#1363));
#2540=EDGE_LOOP('',(#1364));
#2541=EDGE_LOOP('',(#1365));
#2542=EDGE_LOOP('',(#1366));
#2543=EDGE_LOOP('',(#1367));
#2544=EDGE_LOOP('',(#1368));
#2545=EDGE_LOOP('',(#1369));
#2546=EDGE_LOOP('',(#1370));
#2547=EDGE_LOOP('',(#1371));
#2548=EDGE_LOOP('',(#1372));
#2549=EDGE_LOOP('',(#1373,#1374,#1375));
#2550=EDGE_LOOP('',(#1376,#1377,#1378,#1379));
#2551=EDGE_LOOP('',(#1380,#1381,#1382,#1383));
#2552=EDGE_LOOP('',(#1384,#1385,#1386,#1387));
#2553=EDGE_LOOP('',(#1388,#1389,#1390,#1391));
#2554=EDGE_LOOP('',(#1392,#1393,#1394,#1395));
#2555=EDGE_LOOP('',(#1396,#1397));
#2556=EDGE_LOOP('',(#1398,#1399));
#2557=EDGE_LOOP('',(#1400,#1401,#1402));
#2558=EDGE_LOOP('',(#1403,#1404,#1405,#1406));
#2559=EDGE_LOOP('',(#1407,#1408,#1409,#1410));
#2560=EDGE_LOOP('',(#1411,#1412,#1413,#1414));
#2561=EDGE_LOOP('',(#1415,#1416,#1417));
#2562=EDGE_LOOP('',(#1418,#1419,#1420));
#2563=EDGE_LOOP('',(#1421,#1422,#1423,#1424));
#2564=EDGE_LOOP('',(#1425,#1426,#1427,#1428,#1429,#1430,#1431,#1432));
#2565=EDGE_LOOP('',(#1433,#1434,#1435,#1436));
#2566=EDGE_LOOP('',(#1437,#1438,#1439,#1440,#1441,#1442,#1443,#1444));
#2567=FACE_BOUND('',#2301,.T.);
#2568=FACE_BOUND('',#2302,.T.);
#2569=FACE_BOUND('',#2303,.T.);
#2570=FACE_BOUND('',#2304,.T.);
#2571=FACE_BOUND('',#2305,.T.);
#2572=FACE_BOUND('',#2306,.T.);
#2573=FACE_BOUND('',#2307,.T.);
#2574=FACE_BOUND('',#2308,.T.);
#2575=FACE_BOUND('',#2309,.T.);
#2576=FACE_BOUND('',#2310,.T.);
#2577=FACE_BOUND('',#2311,.T.);
#2578=FACE_BOUND('',#2312,.T.);
#2579=FACE_BOUND('',#2313,.T.);
#2580=FACE_BOUND('',#2314,.T.);
#2581=FACE_BOUND('',#2315,.T.);
#2582=FACE_BOUND('',#2316,.T.);
#2583=FACE_BOUND('',#2317,.T.);
#2584=FACE_BOUND('',#2318,.T.);
#2585=FACE_BOUND('',#2319,.T.);
#2586=FACE_BOUND('',#2320,.T.);
#2587=FACE_BOUND('',#2321,.T.);
#2588=FACE_BOUND('',#2322,.T.);
#2589=FACE_BOUND('',#2323,.T.);
#2590=FACE_BOUND('',#2324,.T.);
#2591=FACE_BOUND('',#2325,.T.);
#2592=FACE_BOUND('',#2326,.T.);
#2593=FACE_BOUND('',#2327,.T.);
#2594=FACE_BOUND('',#2328,.T.);
#2595=FACE_BOUND('',#2329,.T.);
#2596=FACE_BOUND('',#2330,.T.);
#2597=FACE_BOUND('',#2331,.T.);
#2598=FACE_BOUND('',#2332,.T.);
#2599=FACE_BOUND('',#2333,.T.);
#2600=FACE_BOUND('',#2334,.T.);
#2601=FACE_BOUND('',#2335,.T.);
#2602=FACE_BOUND('',#2336,.T.);
#2603=FACE_BOUND('',#2337,.T.);
#2604=FACE_BOUND('',#2338,.T.);
#2605=FACE_BOUND('',#2339,.T.);
#2606=FACE_BOUND('',#2340,.T.);
#2607=FACE_BOUND('',#2341,.T.);
#2608=FACE_BOUND('',#2342,.T.);
#2609=FACE_BOUND('',#2343,.T.);
#2610=FACE_BOUND('',#2344,.T.);
#2611=FACE_BOUND('',#2345,.T.);
#2612=FACE_BOUND('',#2346,.T.);
#2613=FACE_BOUND('',#2347,.T.);
#2614=FACE_BOUND('',#2348,.T.);
#2615=FACE_BOUND('',#2349,.T.);
#2616=FACE_BOUND('',#2350,.T.);
#2617=FACE_BOUND('',#2351,.T.);
#2618=FACE_BOUND('',#2352,.T.);
#2619=FACE_BOUND('',#2353,.T.);
#2620=FACE_BOUND('',#2354,.T.);
#2621=FACE_BOUND('',#2355,.T.);
#2622=FACE_BOUND('',#2356,.T.);
#2623=FACE_BOUND('',#2357,.T.);
#2624=FACE_BOUND('',#2358,.T.);
#2625=FACE_BOUND('',#2359,.T.);
#2626=FACE_BOUND('',#2360,.T.);
#2627=FACE_BOUND('',#2361,.T.);
#2628=FACE_BOUND('',#2362,.T.);
#2629=FACE_BOUND('',#2363,.T.);
#2630=FACE_BOUND('',#2364,.T.);
#2631=FACE_BOUND('',#2365,.T.);
#2632=FACE_BOUND('',#2366,.T.);
#2633=FACE_BOUND('',#2367,.T.);
#2634=FACE_BOUND('',#2368,.T.);
#2635=FACE_BOUND('',#2369,.T.);
#2636=FACE_BOUND('',#2370,.T.);
#2637=FACE_BOUND('',#2371,.T.);
#2638=FACE_BOUND('',#2372,.T.);
#2639=FACE_BOUND('',#2373,.T.);
#2640=FACE_BOUND('',#2374,.T.);
#2641=FACE_BOUND('',#2375,.T.);
#2642=FACE_BOUND('',#2376,.T.);
#2643=FACE_BOUND('',#2377,.T.);
#2644=FACE_BOUND('',#2378,.T.);
#2645=FACE_BOUND('',#2379,.T.);
#2646=FACE_BOUND('',#2380,.T.);
#2647=FACE_BOUND('',#2381,.T.);
#2648=FACE_BOUND('',#2382,.T.);
#2649=FACE_BOUND('',#2383,.T.);
#2650=FACE_BOUND('',#2384,.T.);
#2651=FACE_BOUND('',#2385,.T.);
#2652=FACE_BOUND('',#2386,.T.);
#2653=FACE_BOUND('',#2387,.T.);
#2654=FACE_BOUND('',#2388,.T.);
#2655=FACE_BOUND('',#2389,.T.);
#2656=FACE_BOUND('',#2390,.T.);
#2657=FACE_BOUND('',#2391,.T.);
#2658=FACE_BOUND('',#2392,.T.);
#2659=FACE_BOUND('',#2393,.T.);
#2660=FACE_BOUND('',#2394,.T.);
#2661=FACE_BOUND('',#2395,.T.);
#2662=FACE_BOUND('',#2396,.T.);
#2663=FACE_BOUND('',#2397,.T.);
#2664=FACE_BOUND('',#2398,.T.);
#2665=FACE_BOUND('',#2399,.T.);
#2666=FACE_BOUND('',#2400,.T.);
#2667=FACE_BOUND('',#2401,.T.);
#2668=FACE_BOUND('',#2402,.T.);
#2669=FACE_BOUND('',#2403,.T.);
#2670=FACE_BOUND('',#2404,.T.);
#2671=FACE_BOUND('',#2405,.T.);
#2672=FACE_BOUND('',#2406,.T.);
#2673=FACE_BOUND('',#2407,.T.);
#2674=FACE_BOUND('',#2408,.T.);
#2675=FACE_BOUND('',#2409,.T.);
#2676=FACE_BOUND('',#2410,.T.);
#2677=FACE_BOUND('',#2411,.T.);
#2678=FACE_BOUND('',#2412,.T.);
#2679=FACE_BOUND('',#2413,.T.);
#2680=FACE_BOUND('',#2414,.T.);
#2681=FACE_BOUND('',#2415,.T.);
#2682=FACE_BOUND('',#2416,.T.);
#2683=FACE_BOUND('',#2417,.T.);
#2684=FACE_BOUND('',#2418,.T.);
#2685=FACE_BOUND('',#2419,.T.);
#2686=FACE_BOUND('',#2420,.T.);
#2687=FACE_BOUND('',#2421,.T.);
#2688=FACE_BOUND('',#2422,.T.);
#2689=FACE_BOUND('',#2423,.T.);
#2690=FACE_BOUND('',#2424,.T.);
#2691=FACE_BOUND('',#2425,.T.);
#2692=FACE_BOUND('',#2426,.T.);
#2693=FACE_BOUND('',#2427,.T.);
#2694=FACE_BOUND('',#2428,.T.);
#2695=FACE_BOUND('',#2429,.T.);
#2696=FACE_BOUND('',#2430,.T.);
#2697=FACE_BOUND('',#2431,.T.);
#2698=FACE_BOUND('',#2432,.T.);
#2699=FACE_BOUND('',#2433,.T.);
#2700=FACE_BOUND('',#2434,.T.);
#2701=FACE_BOUND('',#2435,.T.);
#2702=FACE_BOUND('',#2436,.T.);
#2703=FACE_BOUND('',#2437,.T.);
#2704=FACE_BOUND('',#2438,.T.);
#2705=FACE_BOUND('',#2439,.T.);
#2706=FACE_BOUND('',#2440,.T.);
#2707=FACE_BOUND('',#2441,.T.);
#2708=FACE_BOUND('',#2442,.T.);
#2709=FACE_BOUND('',#2443,.T.);
#2710=FACE_BOUND('',#2444,.T.);
#2711=FACE_BOUND('',#2445,.T.);
#2712=FACE_BOUND('',#2446,.T.);
#2713=FACE_BOUND('',#2447,.T.);
#2714=FACE_BOUND('',#2448,.T.);
#2715=FACE_BOUND('',#2449,.T.);
#2716=FACE_BOUND('',#2450,.T.);
#2717=FACE_BOUND('',#2451,.T.);
#2718=FACE_BOUND('',#2452,.T.);
#2719=FACE_BOUND('',#2453,.T.);
#2720=FACE_BOUND('',#2454,.T.);
#2721=FACE_BOUND('',#2455,.T.);
#2722=FACE_BOUND('',#2456,.T.);
#2723=FACE_BOUND('',#2457,.T.);
#2724=FACE_BOUND('',#2458,.T.);
#2725=FACE_BOUND('',#2459,.T.);
#2726=FACE_BOUND('',#2460,.T.);
#2727=FACE_BOUND('',#2461,.T.);
#2728=FACE_BOUND('',#2462,.T.);
#2729=FACE_BOUND('',#2463,.T.);
#2730=FACE_BOUND('',#2464,.T.);
#2731=FACE_BOUND('',#2465,.T.);
#2732=FACE_BOUND('',#2466,.T.);
#2733=FACE_BOUND('',#2467,.T.);
#2734=FACE_BOUND('',#2468,.T.);
#2735=FACE_BOUND('',#2469,.T.);
#2736=FACE_BOUND('',#2470,.T.);
#2737=FACE_BOUND('',#2471,.T.);
#2738=FACE_BOUND('',#2472,.T.);
#2739=FACE_BOUND('',#2473,.T.);
#2740=FACE_BOUND('',#2474,.T.);
#2741=FACE_BOUND('',#2475,.T.);
#2742=FACE_BOUND('',#2476,.T.);
#2743=FACE_BOUND('',#2477,.T.);
#2744=FACE_BOUND('',#2478,.T.);
#2745=FACE_BOUND('',#2479,.T.);
#2746=FACE_BOUND('',#2480,.T.);
#2747=FACE_BOUND('',#2481,.T.);
#2748=FACE_BOUND('',#2482,.T.);
#2749=FACE_BOUND('',#2483,.T.);
#2750=FACE_BOUND('',#2484,.T.);
#2751=FACE_BOUND('',#2485,.T.);
#2752=FACE_BOUND('',#2486,.T.);
#2753=FACE_BOUND('',#2487,.T.);
#2754=FACE_BOUND('',#2488,.T.);
#2755=FACE_BOUND('',#2489,.T.);
#2756=FACE_BOUND('',#2490,.T.);
#2757=FACE_BOUND('',#2491,.T.);
#2758=FACE_BOUND('',#2492,.T.);
#2759=FACE_BOUND('',#2493,.T.);
#2760=FACE_BOUND('',#2494,.T.);
#2761=FACE_BOUND('',#2495,.T.);
#2762=FACE_BOUND('',#2496,.T.);
#2763=FACE_BOUND('',#2497,.T.);
#2764=FACE_BOUND('',#2498,.T.);
#2765=FACE_BOUND('',#2499,.T.);
#2766=FACE_BOUND('',#2500,.T.);
#2767=FACE_BOUND('',#2501,.T.);
#2768=FACE_BOUND('',#2502,.T.);
#2769=FACE_BOUND('',#2503,.T.);
#2770=FACE_BOUND('',#2504,.T.);
#2771=FACE_BOUND('',#2505,.T.);
#2772=FACE_BOUND('',#2506,.T.);
#2773=FACE_BOUND('',#2507,.T.);
#2774=FACE_BOUND('',#2508,.T.);
#2775=FACE_BOUND('',#2509,.T.);
#2776=FACE_BOUND('',#2510,.T.);
#2777=FACE_BOUND('',#2511,.T.);
#2778=FACE_BOUND('',#2512,.T.);
#2779=FACE_BOUND('',#2513,.T.);
#2780=FACE_BOUND('',#2514,.T.);
#2781=FACE_BOUND('',#2515,.T.);
#2782=FACE_BOUND('',#2516,.T.);
#2783=FACE_BOUND('',#2517,.T.);
#2784=FACE_BOUND('',#2518,.T.);
#2785=FACE_BOUND('',#2519,.T.);
#2786=FACE_BOUND('',#2520,.T.);
#2787=FACE_BOUND('',#2521,.T.);
#2788=FACE_BOUND('',#2522,.T.);
#2789=FACE_BOUND('',#2523,.T.);
#2790=FACE_BOUND('',#2524,.T.);
#2791=FACE_BOUND('',#2525,.T.);
#2792=FACE_BOUND('',#2526,.T.);
#2793=FACE_BOUND('',#2527,.T.);
#2794=FACE_BOUND('',#2528,.T.);
#2795=FACE_BOUND('',#2529,.T.);
#2796=FACE_BOUND('',#2530,.T.);
#2797=FACE_BOUND('',#2531,.T.);
#2798=FACE_BOUND('',#2532,.T.);
#2799=FACE_BOUND('',#2533,.T.);
#2800=FACE_BOUND('',#2534,.T.);
#2801=FACE_BOUND('',#2535,.T.);
#2802=FACE_BOUND('',#2536,.T.);
#2803=FACE_BOUND('',#2537,.T.);
#2804=FACE_BOUND('',#2538,.T.);
#2805=FACE_BOUND('',#2539,.T.);
#2806=FACE_BOUND('',#2540,.T.);
#2807=FACE_BOUND('',#2541,.T.);
#2808=FACE_BOUND('',#2542,.T.);
#2809=FACE_BOUND('',#2543,.T.);
#2810=FACE_BOUND('',#2544,.T.);
#2811=FACE_BOUND('',#2545,.T.);
#2812=FACE_BOUND('',#2546,.T.);
#2813=FACE_BOUND('',#2547,.T.);
#2814=FACE_BOUND('',#2548,.T.);
#2815=FACE_BOUND('',#2549,.T.);
#2816=FACE_BOUND('',#2550,.T.);
#2817=FACE_BOUND('',#2551,.T.);
#2818=FACE_BOUND('',#2552,.T.);
#2819=FACE_BOUND('',#2553,.T.);
#2820=FACE_BOUND('',#2554,.T.);
#2821=FACE_BOUND('',#2555,.T.);
#2822=FACE_BOUND('',#2556,.T.);
#2823=FACE_BOUND('',#2557,.T.);
#2824=FACE_BOUND('',#2558,.T.);
#2825=FACE_BOUND('',#2559,.T.);
#2826=FACE_BOUND('',#2560,.T.);
#2827=FACE_BOUND('',#2561,.T.);
#2828=FACE_BOUND('',#2562,.T.);
#2829=FACE_BOUND('',#2563,.T.);
#2830=FACE_BOUND('',#2564,.T.);
#2831=FACE_BOUND('',#2565,.T.);
#2832=FACE_BOUND('',#2566,.T.);
#2833=(
BOUNDED_SURFACE()
B_SPLINE_SURFACE(3,2,((#4132,#4133,#4134),(#4135,#4136,#4137),(#4138,#4139,
#4140),(#4141,#4142,#4143)),.UNSPECIFIED.,.F.,.F.,.F.)
B_SPLINE_SURFACE_WITH_KNOTS((4,4),(3,3),(0.0189590622458868,0.019242525430461),
(0.,1.),.PIECEWISE_BEZIER_KNOTS.)
GEOMETRIC_REPRESENTATION_ITEM()
RATIONAL_B_SPLINE_SURFACE(((1.,0.999856590027919,1.),(1.,0.999952201444326,
1.),(1.,0.999999999999995,1.),(1.,1.,1.)))
REPRESENTATION_ITEM('')
SURFACE()
);
#2834=(
BOUNDED_SURFACE()
B_SPLINE_SURFACE(3,2,((#4156,#4157,#4158),(#4159,#4160,#4161),(#4162,#4163,
#4164),(#4165,#4166,#4167)),.UNSPECIFIED.,.F.,.F.,.F.)
B_SPLINE_SURFACE_WITH_KNOTS((4,4),(3,3),(0.0209288648362728,0.021156278579449),
(0.,1.),.PIECEWISE_BEZIER_KNOTS.)
GEOMETRIC_REPRESENTATION_ITEM()
RATIONAL_B_SPLINE_SURFACE(((1.,0.999908009673731,1.),(1.,0.999969347246922,
1.),(1.,0.999999999999996,1.),(1.,1.,1.)))
REPRESENTATION_ITEM('')
SURFACE()
);
#2835=(
BOUNDED_SURFACE()
B_SPLINE_SURFACE(3,2,((#4436,#4437,#4438),(#4439,#4440,#4441),(#4442,#4443,
#4444),(#4445,#4446,#4447)),.UNSPECIFIED.,.F.,.F.,.F.)
B_SPLINE_SURFACE_WITH_KNOTS((4,4),(3,3),(0.0224559322066817,0.072108073828273),
(0.,1.),.PIECEWISE_BEZIER_KNOTS.)
GEOMETRIC_REPRESENTATION_ITEM()
RATIONAL_B_SPLINE_SURFACE(((1.,0.722190264253825,1.),(1.,0.736223387094897,
1.),(1.,0.740956992392133,1.),(1.,0.730182866280946,1.)))
REPRESENTATION_ITEM('')
SURFACE()
);
#2836=(
BOUNDED_SURFACE()
B_SPLINE_SURFACE(3,2,((#4722,#4723,#4724),(#4725,#4726,#4727),(#4728,#4729,
#4730),(#4731,#4732,#4733)),.UNSPECIFIED.,.F.,.F.,.F.)
B_SPLINE_SURFACE_WITH_KNOTS((4,4),(3,3),(0.0184019854385359,0.0717302449893029),
(0.,0.749909015417121),.PIECEWISE_BEZIER_KNOTS.)
GEOMETRIC_REPRESENTATION_ITEM()
RATIONAL_B_SPLINE_SURFACE(((1.,0.780702938766736,0.890311564080082),(1.,
0.780423976477023,0.89017203217269),(1.,0.779921662821748,0.889920783939456),
(1.,0.779330713462948,0.889625201725494)))
REPRESENTATION_ITEM('')
SURFACE()
);
#2837=(
BOUNDED_SURFACE()
B_SPLINE_SURFACE(3,2,((#5536,#5537,#5538),(#5539,#5540,#5541),(#5542,#5543,
#5544),(#5545,#5546,#5547)),.UNSPECIFIED.,.F.,.F.,.F.)
B_SPLINE_SURFACE_WITH_KNOTS((4,4),(3,3),(0.0193116387894943,0.0727059820553966),
(0.,0.668221053171802),.PIECEWISE_BEZIER_KNOTS.)
GEOMETRIC_REPRESENTATION_ITEM()
RATIONAL_B_SPLINE_SURFACE(((1.,0.806800472114618,0.871800928220966),(1.,
0.805776452688928,0.871121432047792),(1.,0.804941059307917,0.870567100175514),
(1.,0.804669747478916,0.870387069069738)))
REPRESENTATION_ITEM('')
SURFACE()
);
#2838=(
BOUNDED_SURFACE()
B_SPLINE_SURFACE(3,2,((#5574,#5575,#5576),(#5577,#5578,#5579),(#5580,#5581,
#5582),(#5583,#5584,#5585)),.UNSPECIFIED.,.F.,.F.,.F.)
B_SPLINE_SURFACE_WITH_KNOTS((4,4),(3,3),(0.0308487946609399,0.0576695497466474),
(0.,1.),.PIECEWISE_BEZIER_KNOTS.)
GEOMETRIC_REPRESENTATION_ITEM()
RATIONAL_B_SPLINE_SURFACE(((1.,0.557089836778751,1.),(1.,0.540962678163676,
1.),(1.,0.521464072332081,1.),(1.,0.495845318139969,1.)))
REPRESENTATION_ITEM('')
SURFACE()
);
#2839=(
BOUNDED_SURFACE()
B_SPLINE_SURFACE(3,2,((#5586,#5587,#5588),(#5589,#5590,#5591),(#5592,#5593,
#5594),(#5595,#5596,#5597)),.UNSPECIFIED.,.F.,.F.,.F.)
B_SPLINE_SURFACE_WITH_KNOTS((4,4),(3,3),(0.0327502978094511,0.0595379909864595),
(0.,1.),.PIECEWISE_BEZIER_KNOTS.)
GEOMETRIC_REPRESENTATION_ITEM()
RATIONAL_B_SPLINE_SURFACE(((1.,0.583635666804747,1.),(1.,0.555582552626792,
1.),(1.,0.532361152918231,1.),(1.,0.5129291845609,1.)))
REPRESENTATION_ITEM('')
SURFACE()
);
#2840=(
BOUNDED_SURFACE()
B_SPLINE_SURFACE(3,2,((#5921,#5922,#5923),(#5924,#5925,#5926),(#5927,#5928,
#5929),(#5930,#5931,#5932),(#5933,#5934,#5935),(#5936,#5937,#5938),(#5939,
#5940,#5941),(#5942,#5943,#5944)),.UNSPECIFIED.,.F.,.F.,.F.)
B_SPLINE_SURFACE_WITH_KNOTS((4,1,1,1,1,4),(3,3),(0.0369625243641582,0.0391676131638107,
0.0413727019634632,0.0457828795627682,0.0501930571620732,0.0546032347613783),
(0.,1.),.UNSPECIFIED.)
GEOMETRIC_REPRESENTATION_ITEM()
RATIONAL_B_SPLINE_SURFACE(((1.,0.707106781186547,1.),(1.,0.714120008294011,
1.),(1.,0.726839568071826,1.),(1.,0.748503645428541,1.),(1.,0.768075671529185,
1.),(1.,0.781454834518303,1.),(1.,0.784250344315093,1.),(1.,0.784180204257688,
1.)))
REPRESENTATION_ITEM('')
SURFACE()
);
#2841=(
BOUNDED_SURFACE()
B_SPLINE_SURFACE(3,2,((#7537,#7538,#7539),(#7540,#7541,#7542),(#7543,#7544,
#7545),(#7546,#7547,#7548),(#7549,#7550,#7551),(#7552,#7553,#7554),(#7555,
#7556,#7557),(#7558,#7559,#7560)),.UNSPECIFIED.,.F.,.F.,.F.)
B_SPLINE_SURFACE_WITH_KNOTS((4,1,1,1,1,4),(3,3),(0.0369625243641581,0.0391676131638106,
0.0413727019634631,0.0457828795627681,0.0501930571620731,0.0546032347613781),
(0.,1.),.UNSPECIFIED.)
GEOMETRIC_REPRESENTATION_ITEM()
RATIONAL_B_SPLINE_SURFACE(((1.,0.707106781186548,1.),(1.,0.714120008294178,
1.),(1.,0.726839568071751,1.),(1.,0.74850364542859,1.),(1.,0.768075671529129,
1.),(1.,0.781454834518458,1.),(1.,0.784250344314767,1.),(1.,0.784180204257688,
1.)))
REPRESENTATION_ITEM('')
SURFACE()
);
#2842=ADVANCED_FACE('',(#2567),#2833,.F.);
#2843=ADVANCED_FACE('',(#2568),#2834,.F.);
#2844=ADVANCED_FACE('',(#2569),#448,.T.);
#2845=ADVANCED_FACE('',(#2570),#449,.F.);
#2846=ADVANCED_FACE('',(#2571),#130,.F.);
#2847=ADVANCED_FACE('',(#2572),#450,.T.);
#2848=ADVANCED_FACE('',(#2573),#57,.F.);
#2849=ADVANCED_FACE('',(#2574),#58,.T.);
#2850=ADVANCED_FACE('',(#2575),#451,.T.);
#2851=ADVANCED_FACE('',(#2576),#452,.F.);
#2852=ADVANCED_FACE('',(#2577),#453,.F.);
#2853=ADVANCED_FACE('',(#2578),#2835,.F.);
#2854=ADVANCED_FACE('',(#2579,#2580),#59,.F.);
#2855=ADVANCED_FACE('',(#2581,#2582),#60,.F.);
#2856=ADVANCED_FACE('',(#2583,#2584,#2585,#2586,#2587,#2588,#2589,#2590,
#2591),#61,.T.);
#2857=ADVANCED_FACE('',(#2592,#2593),#62,.F.);
#2858=ADVANCED_FACE('',(#2594,#2595),#63,.F.);
#2859=ADVANCED_FACE('',(#2596,#2597,#2598,#2599,#2600),#64,.F.);
#2860=ADVANCED_FACE('',(#2601),#2836,.T.);
#2861=ADVANCED_FACE('',(#2602),#454,.F.);
#2862=ADVANCED_FACE('',(#2603),#131,.F.);
#2863=ADVANCED_FACE('',(#2604),#65,.T.);
#2864=ADVANCED_FACE('',(#2605),#29,.T.);
#2865=ADVANCED_FACE('',(#2606),#30,.T.);
#2866=ADVANCED_FACE('',(#2607),#132,.F.);
#2867=ADVANCED_FACE('',(#2608,#2609),#66,.F.);
#2868=ADVANCED_FACE('',(#2610,#2611),#67,.F.);
#2869=ADVANCED_FACE('',(#2612,#2613),#133,.F.);
#2870=ADVANCED_FACE('',(#2614,#2615),#134,.F.);
#2871=ADVANCED_FACE('',(#2616),#135,.T.);
#2872=ADVANCED_FACE('',(#2617),#136,.F.);
#2873=ADVANCED_FACE('',(#2618,#2619),#68,.F.);
#2874=ADVANCED_FACE('',(#2620,#2621),#69,.F.);
#2875=ADVANCED_FACE('',(#2622),#137,.F.);
#2876=ADVANCED_FACE('',(#2623),#138,.F.);
#2877=ADVANCED_FACE('',(#2624,#2625),#139,.T.);
#2878=ADVANCED_FACE('',(#2626,#2627),#140,.F.);
#2879=ADVANCED_FACE('',(#2628),#141,.F.);
#2880=ADVANCED_FACE('',(#2629),#142,.F.);
#2881=ADVANCED_FACE('',(#2630),#143,.T.);
#2882=ADVANCED_FACE('',(#2631),#144,.F.);
#2883=ADVANCED_FACE('',(#2632,#2633),#145,.T.);
#2884=ADVANCED_FACE('',(#2634,#2635),#146,.F.);
#2885=ADVANCED_FACE('',(#2636),#147,.T.);
#2886=ADVANCED_FACE('',(#2637),#148,.T.);
#2887=ADVANCED_FACE('',(#2638),#149,.T.);
#2888=ADVANCED_FACE('',(#2639),#150,.F.);
#2889=ADVANCED_FACE('',(#2640),#151,.F.);
#2890=ADVANCED_FACE('',(#2641),#31,.T.);
#2891=ADVANCED_FACE('',(#2642),#455,.T.);
#2892=ADVANCED_FACE('',(#2643),#70,.T.);
#2893=ADVANCED_FACE('',(#2644),#456,.F.);
#2894=ADVANCED_FACE('',(#2645),#457,.F.);
#2895=ADVANCED_FACE('',(#2646),#458,.F.);
#2896=ADVANCED_FACE('',(#2647),#459,.T.);
#2897=ADVANCED_FACE('',(#2648),#460,.T.);
#2898=ADVANCED_FACE('',(#2649),#152,.T.);
#2899=ADVANCED_FACE('',(#2650),#71,.T.);
#2900=ADVANCED_FACE('',(#2651),#72,.F.);
#2901=ADVANCED_FACE('',(#2652),#461,.T.);
#2902=ADVANCED_FACE('',(#2653),#462,.F.);
#2903=ADVANCED_FACE('',(#2654),#73,.T.);
#2904=ADVANCED_FACE('',(#2655),#74,.F.);
#2905=ADVANCED_FACE('',(#2656,#2657),#463,.T.);
#2906=ADVANCED_FACE('',(#2658),#464,.T.);
#2907=ADVANCED_FACE('',(#2659),#465,.F.);
#2908=ADVANCED_FACE('',(#2660),#466,.F.);
#2909=ADVANCED_FACE('',(#2661),#467,.T.);
#2910=ADVANCED_FACE('',(#2662),#75,.T.);
#2911=ADVANCED_FACE('',(#2663),#76,.T.);
#2912=ADVANCED_FACE('',(#2664),#12,.T.);
#2913=ADVANCED_FACE('',(#2665),#77,.T.);
#2914=ADVANCED_FACE('',(#2666),#78,.T.);
#2915=ADVANCED_FACE('',(#2667),#13,.T.);
#2916=ADVANCED_FACE('',(#2668),#32,.T.);
#2917=ADVANCED_FACE('',(#2669),#14,.T.);
#2918=ADVANCED_FACE('',(#2670),#33,.T.);
#2919=ADVANCED_FACE('',(#2671),#15,.T.);
#2920=ADVANCED_FACE('',(#2672),#79,.T.);
#2921=ADVANCED_FACE('',(#2673),#34,.T.);
#2922=ADVANCED_FACE('',(#2674),#80,.T.);
#2923=ADVANCED_FACE('',(#2675),#81,.T.);
#2924=ADVANCED_FACE('',(#2676),#16,.T.);
#2925=ADVANCED_FACE('',(#2677),#35,.T.);
#2926=ADVANCED_FACE('',(#2678),#82,.T.);
#2927=ADVANCED_FACE('',(#2679),#83,.T.);
#2928=ADVANCED_FACE('',(#2680),#84,.T.);
#2929=ADVANCED_FACE('',(#2681),#17,.T.);
#2930=ADVANCED_FACE('',(#2682),#36,.T.);
#2931=ADVANCED_FACE('',(#2683,#2684),#37,.T.);
#2932=ADVANCED_FACE('',(#2685,#2686),#38,.T.);
#2933=ADVANCED_FACE('',(#2687),#2837,.T.);
#2934=ADVANCED_FACE('',(#2688),#39,.T.);
#2935=ADVANCED_FACE('',(#2689),#18,.T.);
#2936=ADVANCED_FACE('',(#2690),#40,.T.);
#2937=ADVANCED_FACE('',(#2691),#19,.T.);
#2938=ADVANCED_FACE('',(#2692),#2838,.F.);
#2939=ADVANCED_FACE('',(#2693),#2839,.F.);
#2940=ADVANCED_FACE('',(#2694,#2695),#85,.F.);
#2941=ADVANCED_FACE('',(#2696,#2697),#153,.T.);
#2942=ADVANCED_FACE('',(#2698,#2699),#86,.F.);
#2943=ADVANCED_FACE('',(#2700,#2701),#154,.T.);
#2944=ADVANCED_FACE('',(#2702,#2703),#87,.F.);
#2945=ADVANCED_FACE('',(#2704,#2705),#155,.T.);
#2946=ADVANCED_FACE('',(#2706,#2707),#88,.F.);
#2947=ADVANCED_FACE('',(#2708,#2709),#156,.T.);
#2948=ADVANCED_FACE('',(#2710),#89,.T.);
#2949=ADVANCED_FACE('',(#2711),#157,.F.);
#2950=ADVANCED_FACE('',(#2712),#90,.T.);
#2951=ADVANCED_FACE('',(#2713),#20,.T.);
#2952=ADVANCED_FACE('',(#2714),#21,.T.);
#2953=ADVANCED_FACE('',(#2715),#91,.T.);
#2954=ADVANCED_FACE('',(#2716),#22,.T.);
#2955=ADVANCED_FACE('',(#2717),#92,.T.);
#2956=ADVANCED_FACE('',(#2718),#93,.T.);
#2957=ADVANCED_FACE('',(#2719),#94,.T.);
#2958=ADVANCED_FACE('',(#2720),#95,.T.);
#2959=ADVANCED_FACE('',(#2721),#96,.T.);
#2960=ADVANCED_FACE('',(#2722),#158,.F.);
#2961=ADVANCED_FACE('',(#2723),#159,.T.);
#2962=ADVANCED_FACE('',(#2724,#2725,#2726,#2727,#2728,#2729,#2730,#2731,
#2732,#2733,#2734),#160,.T.);
#2963=ADVANCED_FACE('',(#2735),#97,.F.);
#2964=ADVANCED_FACE('',(#2736),#161,.F.);
#2965=ADVANCED_FACE('',(#2737),#98,.F.);
#2966=ADVANCED_FACE('',(#2738),#162,.T.);
#2967=ADVANCED_FACE('',(#2739),#99,.T.);
#2968=ADVANCED_FACE('',(#2740),#163,.T.);
#2969=ADVANCED_FACE('',(#2741),#100,.T.);
#2970=ADVANCED_FACE('',(#2742,#2743),#101,.F.);
#2971=ADVANCED_FACE('',(#2744,#2745),#102,.F.);
#2972=ADVANCED_FACE('',(#2746,#2747),#103,.F.);
#2973=ADVANCED_FACE('',(#2748,#2749),#104,.F.);
#2974=ADVANCED_FACE('',(#2750,#2751),#105,.F.);
#2975=ADVANCED_FACE('',(#2752,#2753),#106,.F.);
#2976=ADVANCED_FACE('',(#2754),#164,.F.);
#2977=ADVANCED_FACE('',(#2755,#2756),#107,.F.);
#2978=ADVANCED_FACE('',(#2757,#2758),#108,.F.);
#2979=ADVANCED_FACE('',(#2759,#2760),#109,.F.);
#2980=ADVANCED_FACE('',(#2761,#2762),#110,.F.);
#2981=ADVANCED_FACE('',(#2763,#2764,#2765,#2766,#2767,#2768,#2769,#2770,
#2771,#2772,#2773),#165,.F.);
#2982=ADVANCED_FACE('',(#2774),#166,.T.);
#2983=ADVANCED_FACE('',(#2775),#111,.F.);
#2984=ADVANCED_FACE('',(#2776),#167,.T.);
#2985=ADVANCED_FACE('',(#2777),#112,.F.);
#2986=ADVANCED_FACE('',(#2778),#168,.F.);
#2987=ADVANCED_FACE('',(#2779),#113,.F.);
#2988=ADVANCED_FACE('',(#2780),#169,.F.);
#2989=ADVANCED_FACE('',(#2781),#114,.F.);
#2990=ADVANCED_FACE('',(#2782,#2783),#170,.T.);
#2991=ADVANCED_FACE('',(#2784),#171,.F.);
#2992=ADVANCED_FACE('',(#2785),#115,.T.);
#2993=ADVANCED_FACE('',(#2786),#116,.T.);
#2994=ADVANCED_FACE('',(#2787),#117,.T.);
#2995=ADVANCED_FACE('',(#2788),#23,.T.);
#2996=ADVANCED_FACE('',(#2789),#118,.T.);
#2997=ADVANCED_FACE('',(#2790),#41,.T.);
#2998=ADVANCED_FACE('',(#2791),#24,.T.);
#2999=ADVANCED_FACE('',(#2792),#119,.T.);
#3000=ADVANCED_FACE('',(#2793),#120,.T.);
#3001=ADVANCED_FACE('',(#2794),#42,.T.);
#3002=ADVANCED_FACE('',(#2795,#2796),#43,.T.);
#3003=ADVANCED_FACE('',(#2797,#2798),#44,.T.);
#3004=ADVANCED_FACE('',(#2799,#2800),#45,.T.);
#3005=ADVANCED_FACE('',(#2801,#2802),#46,.T.);
#3006=ADVANCED_FACE('',(#2803,#2804),#47,.T.);
#3007=ADVANCED_FACE('',(#2805,#2806),#48,.T.);
#3008=ADVANCED_FACE('',(#2807,#2808),#49,.T.);
#3009=ADVANCED_FACE('',(#2809,#2810),#50,.T.);
#3010=ADVANCED_FACE('',(#2811,#2812),#51,.T.);
#3011=ADVANCED_FACE('',(#2813,#2814),#52,.T.);
#3012=ADVANCED_FACE('',(#2815),#25,.T.);
#3013=ADVANCED_FACE('',(#2816),#121,.T.);
#3014=ADVANCED_FACE('',(#2817),#53,.T.);
#3015=ADVANCED_FACE('',(#2818),#122,.T.);
#3016=ADVANCED_FACE('',(#2819),#54,.T.);
#3017=ADVANCED_FACE('',(#2820),#123,.T.);
#3018=ADVANCED_FACE('',(#2821),#26,.T.);
#3019=ADVANCED_FACE('',(#2822),#27,.T.);
#3020=ADVANCED_FACE('',(#2823),#124,.T.);
#3021=ADVANCED_FACE('',(#2824),#55,.T.);
#3022=ADVANCED_FACE('',(#2825),#125,.T.);
#3023=ADVANCED_FACE('',(#2826),#56,.T.);
#3024=ADVANCED_FACE('',(#2827),#126,.T.);
#3025=ADVANCED_FACE('',(#2828),#28,.T.);
#3026=ADVANCED_FACE('',(#2829),#2840,.F.);
#3027=ADVANCED_FACE('',(#2830),#468,.F.);
#3028=ADVANCED_FACE('',(#2831),#2841,.F.);
#3029=ADVANCED_FACE('',(#2832),#469,.F.);
#3030=CLOSED_SHELL('',(#2842,#2843,#2844,#2845,#2846,#2847,#2848,#2849,
#2850,#2851,#2852,#2853,#2854,#2855,#2856,#2857,#2858,#2859,#2860,#2861,
#2862,#2863,#2864,#2865,#2866,#2867,#2868,#2869,#2870,#2871,#2872,#2873,
#2874,#2875,#2876,#2877,#2878,#2879,#2880,#2881,#2882,#2883,#2884,#2885,
#2886,#2887,#2888,#2889,#2890,#2891,#2892,#2893,#2894,#2895,#2896,#2897,
#2898,#2899,#2900,#2901,#2902,#2903,#2904,#2905,#2906,#2907,#2908,#2909,
#2910,#2911,#2912,#2913,#2914,#2915,#2916,#2917,#2918,#2919,#2920,#2921,
#2922,#2923,#2924,#2925,#2926,#2927,#2928,#2929,#2930,#2931,#2932,#2933,
#2934,#2935,#2936,#2937,#2938,#2939,#2940,#2941,#2942,#2943,#2944,#2945,
#2946,#2947,#2948,#2949,#2950,#2951,#2952,#2953,#2954,#2955,#2956,#2957,
#2958,#2959,#2960,#2961,#2962,#2963,#2964,#2965,#2966,#2967,#2968,#2969,
#2970,#2971,#2972,#2973,#2974,#2975,#2976,#2977,#2978,#2979,#2980,#2981,
#2982,#2983,#2984,#2985,#2986,#2987,#2988,#2989,#2990,#2991,#2992,#2993,
#2994,#2995,#2996,#2997,#2998,#2999,#3000,#3001,#3002,#3003,#3004,#3005,
#3006,#3007,#3008,#3009,#3010,#3011,#3012,#3013,#3014,#3015,#3016,#3017,
#3018,#3019,#3020,#3021,#3022,#3023,#3024,#3025,#3026,#3027,#3028,#3029));
#3031=STYLED_ITEM('',(#3032),#3039);
#3032=PRESENTATION_STYLE_ASSIGNMENT((#3033));
#3033=SURFACE_STYLE_USAGE(.BOTH.,#3034);
#3034=SURFACE_SIDE_STYLE('',(#3035));
#3035=SURFACE_STYLE_FILL_AREA(#3036);
#3036=FILL_AREA_STYLE('',(#3037));
#3037=FILL_AREA_STYLE_COLOUR('',#3038);
#3038=COLOUR_RGB('',0.231372549019608,0.380392156862745,0.705882352941177);
#3039=MANIFOLD_SOLID_BREP('LeftWristCameraMountFull',#3030);
#3040=SHAPE_DEFINITION_REPRESENTATION(#9073,#3041);
#3041=SHAPE_REPRESENTATION('LeftWristCameraMountFull',(#3042),#9068);
#3042=AXIS2_PLACEMENT_3D('',#4131,#3359,#3360);
#3043=AXIS2_PLACEMENT_3D('',#4144,#3361,#3362);
#3044=AXIS2_PLACEMENT_3D('',#4168,#3363,#3364);
#3045=AXIS2_PLACEMENT_3D('',#4249,#3366,#3367);
#3046=AXIS2_PLACEMENT_3D('',#4250,#3368,#3369);
#3047=AXIS2_PLACEMENT_3D('',#4285,#3372,#3373);
#3048=AXIS2_PLACEMENT_3D('',#4298,#3375,#3376);
#3049=AXIS2_PLACEMENT_3D('',#4464,#3381,#3382);
#3050=AXIS2_PLACEMENT_3D('',#4477,#3383,#3384);
#3051=AXIS2_PLACEMENT_3D('',#4479,#3385,#3386);
#3052=AXIS2_PLACEMENT_3D('',#4492,#3387,#3388);
#3053=AXIS2_PLACEMENT_3D('',#4494,#3389,#3390);
#3054=AXIS2_PLACEMENT_3D('',#4546,#3391,#3392);
#3055=AXIS2_PLACEMENT_3D('',#4575,#3393,#3394);
#3056=AXIS2_PLACEMENT_3D('',#4579,#3396,#3397);
#3057=AXIS2_PLACEMENT_3D('',#4583,#3399,#3400);
#3058=AXIS2_PLACEMENT_3D('',#4600,#3402,#3403);
#3059=AXIS2_PLACEMENT_3D('',#4604,#3405,#3406);
#3060=AXIS2_PLACEMENT_3D('',#4660,#3408,#3409);
#3061=AXIS2_PLACEMENT_3D('',#4664,#3411,#3412);
#3062=AXIS2_PLACEMENT_3D('',#4677,#3413,#3414);
#3063=AXIS2_PLACEMENT_3D('',#4690,#3415,#3416);
#3064=AXIS2_PLACEMENT_3D('',#4692,#3417,#3418);
#3065=AXIS2_PLACEMENT_3D('',#4705,#3419,#3420);
#3066=AXIS2_PLACEMENT_3D('',#4707,#3421,#3422);
#3067=AXIS2_PLACEMENT_3D('',#4710,#3424,#3425);
#3068=AXIS2_PLACEMENT_3D('',#4713,#3427,#3428);
#3069=AXIS2_PLACEMENT_3D('',#4717,#3430,#3431);
#3070=AXIS2_PLACEMENT_3D('',#4721,#3433,#3434);
#3071=AXIS2_PLACEMENT_3D('',#4802,#3436,#3437);
#3072=AXIS2_PLACEMENT_3D('',#4803,#3438,#3439);
#3073=AXIS2_PLACEMENT_3D('',#4804,#3440,#3441);
#3074=AXIS2_PLACEMENT_3D('',#4805,#3442,#3443);
#3075=AXIS2_PLACEMENT_3D('',#4813,#3445,#3446);
#3076=AXIS2_PLACEMENT_3D('',#4827,#3448,#3449);
#3077=AXIS2_PLACEMENT_3D('',#4828,#3450,#3451);
#3078=AXIS2_PLACEMENT_3D('',#4834,#3452,#3453);
#3079=AXIS2_PLACEMENT_3D('',#4836,#3454,#3455);
#3080=AXIS2_PLACEMENT_3D('',#4837,#3456,#3457);
#3081=AXIS2_PLACEMENT_3D('',#4841,#3459,#3460);
#3082=AXIS2_PLACEMENT_3D('',#4843,#3461,#3462);
#3083=AXIS2_PLACEMENT_3D('',#4847,#3464,#3465);
#3084=AXIS2_PLACEMENT_3D('',#4848,#3466,#3467);
#3085=AXIS2_PLACEMENT_3D('',#4849,#3468,#3469);
#3086=AXIS2_PLACEMENT_3D('',#4851,#3470,#3471);
#3087=AXIS2_PLACEMENT_3D('',#4852,#3472,#3473);
#3088=AXIS2_PLACEMENT_3D('',#4854,#3474,#3475);
#3089=AXIS2_PLACEMENT_3D('',#4855,#3476,#3477);
#3090=AXIS2_PLACEMENT_3D('',#4865,#3482,#3483);
#3091=AXIS2_PLACEMENT_3D('',#4866,#3484,#3485);
#3092=AXIS2_PLACEMENT_3D('',#4876,#3490,#3491);
#3093=AXIS2_PLACEMENT_3D('',#4880,#3493,#3494);
#3094=AXIS2_PLACEMENT_3D('',#4884,#3496,#3497);
#3095=AXIS2_PLACEMENT_3D('',#4885,#3498,#3499);
#3096=AXIS2_PLACEMENT_3D('',#4886,#3500,#3501);
#3097=AXIS2_PLACEMENT_3D('',#4889,#3502,#3503);
#3098=AXIS2_PLACEMENT_3D('',#4893,#3505,#3506);
#3099=AXIS2_PLACEMENT_3D('',#4896,#3508,#3509);
#3100=AXIS2_PLACEMENT_3D('',#4897,#3510,#3511);
#3101=AXIS2_PLACEMENT_3D('',#4899,#3512,#3513);
#3102=AXIS2_PLACEMENT_3D('',#4901,#3514,#3515);
#3103=AXIS2_PLACEMENT_3D('',#4902,#3516,#3517);
#3104=AXIS2_PLACEMENT_3D('',#4904,#3518,#3519);
#3105=AXIS2_PLACEMENT_3D('',#4906,#3520,#3521);
#3106=AXIS2_PLACEMENT_3D('',#4912,#3525,#3526);
#3107=AXIS2_PLACEMENT_3D('',#4918,#3530,#3531);
#3108=AXIS2_PLACEMENT_3D('',#4922,#3534,#3535);
#3109=AXIS2_PLACEMENT_3D('',#4926,#3538,#3539);
#3110=AXIS2_PLACEMENT_3D('',#4928,#3541,#3542);
#3111=AXIS2_PLACEMENT_3D('',#4929,#3543,#3544);
#3112=AXIS2_PLACEMENT_3D('',#4935,#3548,#3549);
#3113=AXIS2_PLACEMENT_3D('',#4941,#3553,#3554);
#3114=AXIS2_PLACEMENT_3D('',#4945,#3557,#3558);
#3115=AXIS2_PLACEMENT_3D('',#4949,#3561,#3562);
#3116=AXIS2_PLACEMENT_3D('',#4951,#3564,#3565);
#3117=AXIS2_PLACEMENT_3D('',#4952,#3566,#3567);
#3118=AXIS2_PLACEMENT_3D('',#4964,#3571,#3572);
#3119=AXIS2_PLACEMENT_3D('',#4971,#3574,#3575);
#3120=AXIS2_PLACEMENT_3D('',#4979,#3577,#3578);
#3121=AXIS2_PLACEMENT_3D('',#4983,#3580,#3581);
#3122=AXIS2_PLACEMENT_3D('',#4986,#3583,#3584);
#3123=AXIS2_PLACEMENT_3D('',#4987,#3585,#3586);
#3124=AXIS2_PLACEMENT_3D('',#4988,#3587,#3588);
#3125=AXIS2_PLACEMENT_3D('',#4990,#3589,#3590);
#3126=AXIS2_PLACEMENT_3D('',#4991,#3591,#3592);
#3127=AXIS2_PLACEMENT_3D('',#4992,#3593,#3594);
#3128=AXIS2_PLACEMENT_3D('',#5025,#3595,#3596);
#3129=AXIS2_PLACEMENT_3D('',#5033,#3599,#3600);
#3130=AXIS2_PLACEMENT_3D('',#5220,#3604,#3605);
#3131=AXIS2_PLACEMENT_3D('',#5221,#3606,#3607);
#3132=AXIS2_PLACEMENT_3D('',#5227,#3608,#3609);
#3133=AXIS2_PLACEMENT_3D('',#5237,#3610,#3611);
#3134=AXIS2_PLACEMENT_3D('',#5282,#3612,#3613);
#3135=AXIS2_PLACEMENT_3D('',#5292,#3614,#3615);
#3136=AXIS2_PLACEMENT_3D('',#5411,#3619,#3620);
#3137=AXIS2_PLACEMENT_3D('',#5412,#3621,#3622);
#3138=AXIS2_PLACEMENT_3D('',#5413,#3623,#3624);
#3139=AXIS2_PLACEMENT_3D('',#5414,#3625,#3626);
#3140=AXIS2_PLACEMENT_3D('',#5415,#3627,#3628);
#3141=AXIS2_PLACEMENT_3D('',#5416,#3629,#3630);
#3142=AXIS2_PLACEMENT_3D('',#5417,#3631,#3632);
#3143=AXIS2_PLACEMENT_3D('',#5418,#3633,#3634);
#3144=AXIS2_PLACEMENT_3D('',#5419,#3635,#3636);
#3145=AXIS2_PLACEMENT_3D('',#5420,#3637,#3638);
#3146=AXIS2_PLACEMENT_3D('',#5421,#3639,#3640);
#3147=AXIS2_PLACEMENT_3D('',#5422,#3641,#3642);
#3148=AXIS2_PLACEMENT_3D('',#5423,#3643,#3644);
#3149=AXIS2_PLACEMENT_3D('',#5424,#3645,#3646);
#3150=AXIS2_PLACEMENT_3D('',#5425,#3647,#3648);
#3151=AXIS2_PLACEMENT_3D('',#5426,#3649,#3650);
#3152=AXIS2_PLACEMENT_3D('',#5427,#3651,#3652);
#3153=AXIS2_PLACEMENT_3D('',#5428,#3653,#3654);
#3154=AXIS2_PLACEMENT_3D('',#5429,#3655,#3656);
#3155=AXIS2_PLACEMENT_3D('',#5430,#3657,#3658);
#3156=AXIS2_PLACEMENT_3D('',#5431,#3659,#3660);
#3157=AXIS2_PLACEMENT_3D('',#5449,#3661,#3662);
#3158=AXIS2_PLACEMENT_3D('',#5450,#3663,#3664);
#3159=AXIS2_PLACEMENT_3D('',#5451,#3665,#3666);
#3160=AXIS2_PLACEMENT_3D('',#5452,#3667,#3668);
#3161=AXIS2_PLACEMENT_3D('',#5453,#3669,#3670);
#3162=AXIS2_PLACEMENT_3D('',#5454,#3671,#3672);
#3163=AXIS2_PLACEMENT_3D('',#5455,#3673,#3674);
#3164=AXIS2_PLACEMENT_3D('',#5456,#3675,#3676);
#3165=AXIS2_PLACEMENT_3D('',#5457,#3677,#3678);
#3166=AXIS2_PLACEMENT_3D('',#5480,#3679,#3680);
#3167=AXIS2_PLACEMENT_3D('',#5481,#3681,#3682);
#3168=AXIS2_PLACEMENT_3D('',#5482,#3683,#3684);
#3169=AXIS2_PLACEMENT_3D('',#5483,#3685,#3686);
#3170=AXIS2_PLACEMENT_3D('',#5484,#3687,#3688);
#3171=AXIS2_PLACEMENT_3D('',#5490,#3689,#3690);
#3172=AXIS2_PLACEMENT_3D('',#5491,#3691,#3692);
#3173=AXIS2_PLACEMENT_3D('',#5492,#3693,#3694);
#3174=AXIS2_PLACEMENT_3D('',#5493,#3695,#3696);
#3175=AXIS2_PLACEMENT_3D('',#5494,#3697,#3698);
#3176=AXIS2_PLACEMENT_3D('',#5495,#3699,#3700);
#3177=AXIS2_PLACEMENT_3D('',#5513,#3701,#3702);
#3178=AXIS2_PLACEMENT_3D('',#5514,#3703,#3704);
#3179=AXIS2_PLACEMENT_3D('',#5515,#3705,#3706);
#3180=AXIS2_PLACEMENT_3D('',#5516,#3707,#3708);
#3181=AXIS2_PLACEMENT_3D('',#5534,#3709,#3710);
#3182=AXIS2_PLACEMENT_3D('',#5535,#3711,#3712);
#3183=AXIS2_PLACEMENT_3D('',#5552,#3713,#3714);
#3184=AXIS2_PLACEMENT_3D('',#5561,#3715,#3716);
#3185=AXIS2_PLACEMENT_3D('',#5562,#3717,#3718);
#3186=AXIS2_PLACEMENT_3D('',#5563,#3719,#3720);
#3187=AXIS2_PLACEMENT_3D('',#5572,#3721,#3722);
#3188=AXIS2_PLACEMENT_3D('',#5573,#3723,#3724);
#3189=AXIS2_PLACEMENT_3D('',#5598,#3725,#3726);
#3190=AXIS2_PLACEMENT_3D('',#5599,#3727,#3728);
#3191=AXIS2_PLACEMENT_3D('',#5601,#3729,#3730);
#3192=AXIS2_PLACEMENT_3D('',#5602,#3731,#3732);
#3193=AXIS2_PLACEMENT_3D('',#5603,#3733,#3734);
#3194=AXIS2_PLACEMENT_3D('',#5605,#3735,#3736);
#3195=AXIS2_PLACEMENT_3D('',#5606,#3737,#3738);
#3196=AXIS2_PLACEMENT_3D('',#5607,#3739,#3740);
#3197=AXIS2_PLACEMENT_3D('',#5609,#3741,#3742);
#3198=AXIS2_PLACEMENT_3D('',#5610,#3743,#3744);
#3199=AXIS2_PLACEMENT_3D('',#5611,#3745,#3746);
#3200=AXIS2_PLACEMENT_3D('',#5613,#3747,#3748);
#3201=AXIS2_PLACEMENT_3D('',#5614,#3749,#3750);
#3202=AXIS2_PLACEMENT_3D('',#5617,#3752,#3753);
#3203=AXIS2_PLACEMENT_3D('',#5620,#3755,#3756);
#3204=AXIS2_PLACEMENT_3D('',#5621,#3757,#3758);
#3205=AXIS2_PLACEMENT_3D('',#5631,#3764,#3765);
#3206=AXIS2_PLACEMENT_3D('',#5632,#3766,#3767);
#3207=AXIS2_PLACEMENT_3D('',#5634,#3769,#3770);
#3208=AXIS2_PLACEMENT_3D('',#5635,#3771,#3772);
#3209=AXIS2_PLACEMENT_3D('',#5636,#3773,#3774);
#3210=AXIS2_PLACEMENT_3D('',#5637,#3775,#3776);
#3211=AXIS2_PLACEMENT_3D('',#5640,#3778,#3779);
#3212=AXIS2_PLACEMENT_3D('',#5643,#3781,#3782);
#3213=AXIS2_PLACEMENT_3D('',#5644,#3783,#3784);
#3214=AXIS2_PLACEMENT_3D('',#5646,#3785,#3786);
#3215=AXIS2_PLACEMENT_3D('',#5647,#3787,#3788);
#3216=AXIS2_PLACEMENT_3D('',#5649,#3790,#3791);
#3217=AXIS2_PLACEMENT_3D('',#5652,#3793,#3794);
#3218=AXIS2_PLACEMENT_3D('',#5655,#3796,#3797);
#3219=AXIS2_PLACEMENT_3D('',#5656,#3798,#3799);
#3220=AXIS2_PLACEMENT_3D('',#5659,#3801,#3802);
#3221=AXIS2_PLACEMENT_3D('',#5664,#3805,#3806);
#3222=AXIS2_PLACEMENT_3D('',#5665,#3807,#3808);
#3223=AXIS2_PLACEMENT_3D('',#5666,#3809,#3810);
#3224=AXIS2_PLACEMENT_3D('',#5670,#3813,#3814);
#3225=AXIS2_PLACEMENT_3D('',#5672,#3816,#3817);
#3226=AXIS2_PLACEMENT_3D('',#5682,#3823,#3824);
#3227=AXIS2_PLACEMENT_3D('',#5683,#3825,#3826);
#3228=AXIS2_PLACEMENT_3D('',#5685,#3827,#3828);
#3229=AXIS2_PLACEMENT_3D('',#5687,#3829,#3830);
#3230=AXIS2_PLACEMENT_3D('',#5689,#3831,#3832);
#3231=AXIS2_PLACEMENT_3D('',#5691,#3833,#3834);
#3232=AXIS2_PLACEMENT_3D('',#5693,#3835,#3836);
#3233=AXIS2_PLACEMENT_3D('',#5695,#3837,#3838);
#3234=AXIS2_PLACEMENT_3D('',#5697,#3839,#3840);
#3235=AXIS2_PLACEMENT_3D('',#5699,#3841,#3842);
#3236=AXIS2_PLACEMENT_3D('',#5701,#3843,#3844);
#3237=AXIS2_PLACEMENT_3D('',#5705,#3846,#3847);
#3238=AXIS2_PLACEMENT_3D('',#5709,#3849,#3850);
#3239=AXIS2_PLACEMENT_3D('',#5713,#3852,#3853);
#3240=AXIS2_PLACEMENT_3D('',#5717,#3855,#3856);
#3241=AXIS2_PLACEMENT_3D('',#5720,#3858,#3859);
#3242=AXIS2_PLACEMENT_3D('',#5724,#3861,#3862);
#3243=AXIS2_PLACEMENT_3D('',#5725,#3863,#3864);
#3244=AXIS2_PLACEMENT_3D('',#5726,#3865,#3866);
#3245=AXIS2_PLACEMENT_3D('',#5729,#3868,#3869);
#3246=AXIS2_PLACEMENT_3D('',#5733,#3872,#3873);
#3247=AXIS2_PLACEMENT_3D('',#5734,#3874,#3875);
#3248=AXIS2_PLACEMENT_3D('',#5735,#3876,#3877);
#3249=AXIS2_PLACEMENT_3D('',#5740,#3881,#3882);
#3250=AXIS2_PLACEMENT_3D('',#5744,#3884,#3885);
#3251=AXIS2_PLACEMENT_3D('',#5745,#3886,#3887);
#3252=AXIS2_PLACEMENT_3D('',#5746,#3888,#3889);
#3253=AXIS2_PLACEMENT_3D('',#5752,#3893,#3894);
#3254=AXIS2_PLACEMENT_3D('',#5755,#3896,#3897);
#3255=AXIS2_PLACEMENT_3D('',#5756,#3898,#3899);
#3256=AXIS2_PLACEMENT_3D('',#5757,#3900,#3901);
#3257=AXIS2_PLACEMENT_3D('',#5758,#3902,#3903);
#3258=AXIS2_PLACEMENT_3D('',#5760,#3904,#3905);
#3259=AXIS2_PLACEMENT_3D('',#5761,#3906,#3907);
#3260=AXIS2_PLACEMENT_3D('',#5763,#3908,#3909);
#3261=AXIS2_PLACEMENT_3D('',#5764,#3910,#3911);
#3262=AXIS2_PLACEMENT_3D('',#5766,#3912,#3913);
#3263=AXIS2_PLACEMENT_3D('',#5767,#3914,#3915);
#3264=AXIS2_PLACEMENT_3D('',#5769,#3916,#3917);
#3265=AXIS2_PLACEMENT_3D('',#5770,#3918,#3919);
#3266=AXIS2_PLACEMENT_3D('',#5772,#3920,#3921);
#3267=AXIS2_PLACEMENT_3D('',#5773,#3922,#3923);
#3268=AXIS2_PLACEMENT_3D('',#5775,#3924,#3925);
#3269=AXIS2_PLACEMENT_3D('',#5778,#3928,#3929);
#3270=AXIS2_PLACEMENT_3D('',#5779,#3930,#3931);
#3271=AXIS2_PLACEMENT_3D('',#5781,#3932,#3933);
#3272=AXIS2_PLACEMENT_3D('',#5782,#3934,#3935);
#3273=AXIS2_PLACEMENT_3D('',#5784,#3936,#3937);
#3274=AXIS2_PLACEMENT_3D('',#5785,#3938,#3939);
#3275=AXIS2_PLACEMENT_3D('',#5787,#3940,#3941);
#3276=AXIS2_PLACEMENT_3D('',#5788,#3942,#3943);
#3277=AXIS2_PLACEMENT_3D('',#5790,#3944,#3945);
#3278=AXIS2_PLACEMENT_3D('',#5792,#3947,#3948);
#3279=AXIS2_PLACEMENT_3D('',#5796,#3950,#3951);
#3280=AXIS2_PLACEMENT_3D('',#5800,#3954,#3955);
#3281=AXIS2_PLACEMENT_3D('',#5804,#3957,#3958);
#3282=AXIS2_PLACEMENT_3D('',#5808,#3961,#3962);
#3283=AXIS2_PLACEMENT_3D('',#5810,#3963,#3964);
#3284=AXIS2_PLACEMENT_3D('',#5812,#3965,#3966);
#3285=AXIS2_PLACEMENT_3D('',#5814,#3967,#3968);
#3286=AXIS2_PLACEMENT_3D('',#5816,#3969,#3970);
#3287=AXIS2_PLACEMENT_3D('',#5818,#3971,#3972);
#3288=AXIS2_PLACEMENT_3D('',#5820,#3973,#3974);
#3289=AXIS2_PLACEMENT_3D('',#5822,#3975,#3976);
#3290=AXIS2_PLACEMENT_3D('',#5824,#3977,#3978);
#3291=AXIS2_PLACEMENT_3D('',#5826,#3979,#3980);
#3292=AXIS2_PLACEMENT_3D('',#5828,#3981,#3982);
#3293=AXIS2_PLACEMENT_3D('',#5835,#3987,#3988);
#3294=AXIS2_PLACEMENT_3D('',#5838,#3990,#3991);
#3295=AXIS2_PLACEMENT_3D('',#5839,#3992,#3993);
#3296=AXIS2_PLACEMENT_3D('',#5843,#3996,#3997);
#3297=AXIS2_PLACEMENT_3D('',#5846,#3999,#4000);
#3298=AXIS2_PLACEMENT_3D('',#5847,#4001,#4002);
#3299=AXIS2_PLACEMENT_3D('',#5851,#4005,#4006);
#3300=AXIS2_PLACEMENT_3D('',#5854,#4008,#4009);
#3301=AXIS2_PLACEMENT_3D('',#5855,#4010,#4011);
#3302=AXIS2_PLACEMENT_3D('',#5859,#4014,#4015);
#3303=AXIS2_PLACEMENT_3D('',#5860,#4016,#4017);
#3304=AXIS2_PLACEMENT_3D('',#5861,#4018,#4019);
#3305=AXIS2_PLACEMENT_3D('',#5864,#4021,#4022);
#3306=AXIS2_PLACEMENT_3D('',#5868,#4024,#4025);
#3307=AXIS2_PLACEMENT_3D('',#5871,#4027,#4028);
#3308=AXIS2_PLACEMENT_3D('',#5872,#4029,#4030);
#3309=AXIS2_PLACEMENT_3D('',#5873,#4031,#4032);
#3310=AXIS2_PLACEMENT_3D('',#5874,#4033,#4034);
#3311=AXIS2_PLACEMENT_3D('',#5875,#4035,#4036);
#3312=AXIS2_PLACEMENT_3D('',#5876,#4037,#4038);
#3313=AXIS2_PLACEMENT_3D('',#5877,#4039,#4040);
#3314=AXIS2_PLACEMENT_3D('',#5878,#4041,#4042);
#3315=AXIS2_PLACEMENT_3D('',#5879,#4043,#4044);
#3316=AXIS2_PLACEMENT_3D('',#5880,#4045,#4046);
#3317=AXIS2_PLACEMENT_3D('',#5881,#4047,#4048);
#3318=AXIS2_PLACEMENT_3D('',#5882,#4049,#4050);
#3319=AXIS2_PLACEMENT_3D('',#5883,#4051,#4052);
#3320=AXIS2_PLACEMENT_3D('',#5884,#4053,#4054);
#3321=AXIS2_PLACEMENT_3D('',#5885,#4055,#4056);
#3322=AXIS2_PLACEMENT_3D('',#5886,#4057,#4058);
#3323=AXIS2_PLACEMENT_3D('',#5887,#4059,#4060);
#3324=AXIS2_PLACEMENT_3D('',#5888,#4061,#4062);
#3325=AXIS2_PLACEMENT_3D('',#5889,#4063,#4064);
#3326=AXIS2_PLACEMENT_3D('',#5890,#4065,#4066);
#3327=AXIS2_PLACEMENT_3D('',#5891,#4067,#4068);
#3328=AXIS2_PLACEMENT_3D('',#5892,#4069,#4070);
#3329=AXIS2_PLACEMENT_3D('',#5893,#4071,#4072);
#3330=AXIS2_PLACEMENT_3D('',#5894,#4073,#4074);
#3331=AXIS2_PLACEMENT_3D('',#5895,#4075,#4076);
#3332=AXIS2_PLACEMENT_3D('',#5896,#4077,#4078);
#3333=AXIS2_PLACEMENT_3D('',#5897,#4079,#4080);
#3334=AXIS2_PLACEMENT_3D('',#5898,#4081,#4082);
#3335=AXIS2_PLACEMENT_3D('',#5899,#4083,#4084);
#3336=AXIS2_PLACEMENT_3D('',#5900,#4085,#4086);
#3337=AXIS2_PLACEMENT_3D('',#5901,#4087,#4088);
#3338=AXIS2_PLACEMENT_3D('',#5902,#4089,#4090);
#3339=AXIS2_PLACEMENT_3D('',#5903,#4091,#4092);
#3340=AXIS2_PLACEMENT_3D('',#5904,#4093,#4094);
#3341=AXIS2_PLACEMENT_3D('',#5905,#4095,#4096);
#3342=AXIS2_PLACEMENT_3D('',#5906,#4097,#4098);
#3343=AXIS2_PLACEMENT_3D('',#5907,#4099,#4100);
#3344=AXIS2_PLACEMENT_3D('',#5908,#4101,#4102);
#3345=AXIS2_PLACEMENT_3D('',#5909,#4103,#4104);
#3346=AXIS2_PLACEMENT_3D('',#5910,#4105,#4106);
#3347=AXIS2_PLACEMENT_3D('',#5911,#4107,#4108);
#3348=AXIS2_PLACEMENT_3D('',#5912,#4109,#4110);
#3349=AXIS2_PLACEMENT_3D('',#5913,#4111,#4112);
#3350=AXIS2_PLACEMENT_3D('',#5914,#4113,#4114);
#3351=AXIS2_PLACEMENT_3D('',#5915,#4115,#4116);
#3352=AXIS2_PLACEMENT_3D('',#5916,#4117,#4118);
#3353=AXIS2_PLACEMENT_3D('',#5917,#4119,#4120);
#3354=AXIS2_PLACEMENT_3D('',#5918,#4121,#4122);
#3355=AXIS2_PLACEMENT_3D('',#5919,#4123,#4124);
#3356=AXIS2_PLACEMENT_3D('',#5920,#4125,#4126);
#3357=AXIS2_PLACEMENT_3D('',#5945,#4127,#4128);
#3358=AXIS2_PLACEMENT_3D('',#7561,#4129,#4130);
#3359=DIRECTION('',(0.,0.,1.));
#3360=DIRECTION('',(1.,0.,0.));
#3361=DIRECTION('',(-0.50995514507114,-0.330354715480284,-0.794236433296417));
#3362=DIRECTION('',(-0.841479753452553,0.,0.540288649269472));
#3363=DIRECTION('',(0.508882496945751,-0.331928570051679,-0.794268234720303));
#3364=DIRECTION('',(-0.842006175934515,0.,-0.539467885687493));
#3365=DIRECTION('',(0.939692620785909,-6.1797465276274E-17,-0.342020143325668));
#3366=DIRECTION('',(0.0470091012302752,-0.991181291771717,0.123894274457182));
#3367=DIRECTION('',(0.,-0.124031395991187,-0.992278294032716));
#3368=DIRECTION('',(0.0470091012302752,-0.991181291771717,0.123894274457182));
#3369=DIRECTION('',(0.341815841903172,0.132505556212129,0.930378529307798));
#3370=DIRECTION('',(0.338526850008181,0.132499885690737,0.931581103348216));
#3371=DIRECTION('',(0.939692620785909,-6.1797465276274E-17,-0.342020143325668));
#3372=DIRECTION('',(-0.926341109500705,-0.00406711673417105,0.376663785637102));
#3373=DIRECTION('',(0.376666900956179,0.,0.926348771103016));
#3374=DIRECTION('',(0.939692620785909,-6.1797465276274E-17,-0.342020143325668));
#3375=DIRECTION('',(-0.933774784221799,0.0302247878075952,0.356582549423719));
#3376=DIRECTION('',(0.35674553692216,0.,0.93420159595567));
#3377=DIRECTION('',(0.,0.,1.));
#3378=DIRECTION('',(-0.050914821139969,-0.997628592165678,-0.0463127744991938));
#3379=DIRECTION('',(-0.31389056861423,0.39714789063478,-0.862407249447371));
#3380=DIRECTION('',(-0.31389056861423,0.39714789063478,-0.862407249447371));
#3381=DIRECTION('',(-0.587785252292474,0.809016994374947,0.));
#3382=DIRECTION('',(0.809016994374947,0.587785252292474,0.));
#3383=DIRECTION('',(-0.587785252292474,0.809016994374947,0.));
#3384=DIRECTION('',(0.809016994374947,0.587785252292474,0.));
#3385=DIRECTION('',(0.587785252292474,0.809016994374947,5.17827903276659E-17));
#3386=DIRECTION('',(0.809016994374947,-0.587785252292474,0.));
#3387=DIRECTION('',(0.587785252292474,0.809016994374947,5.17827903276659E-17));
#3388=DIRECTION('',(0.809016994374947,-0.587785252292474,0.));
#3389=DIRECTION('',(0.,0.,-1.));
#3390=DIRECTION('',(0.,1.,0.));
#3391=DIRECTION('',(0.,0.,1.));
#3392=DIRECTION('',(0.,-1.,0.));
#3393=DIRECTION('',(0.,0.,1.));
#3394=DIRECTION('',(0.,-1.,0.));
#3395=DIRECTION('',(0.,0.,-1.));
#3396=DIRECTION('',(0.,0.,1.));
#3397=DIRECTION('',(0.,-1.,0.));
#3398=DIRECTION('',(0.,0.,-1.));
#3399=DIRECTION('',(0.,0.,1.));
#3400=DIRECTION('',(0.,-1.,0.));
#3401=DIRECTION('',(0.,0.,-1.));
#3402=DIRECTION('',(0.,0.,1.));
#3403=DIRECTION('',(0.,-1.,0.));
#3404=DIRECTION('',(0.,0.,-1.));
#3405=DIRECTION('',(2.23835287222814E-15,0.,1.));
#3406=DIRECTION('',(1.,0.,-2.23835287222814E-15));
#3407=DIRECTION('',(0.,0.,-1.));
#3408=DIRECTION('',(1.68294068564914E-15,0.,-1.));
#3409=DIRECTION('',(-1.,0.,-1.68294068564914E-15));
#3410=DIRECTION('',(0.,0.,-1.));
#3411=DIRECTION('',(-2.07131161310664E-15,0.,1.));
#3412=DIRECTION('',(1.,0.,2.07131161310664E-15));
#3413=DIRECTION('',(0.,-1.,0.));
#3414=DIRECTION('',(-1.,0.,0.));
#3415=DIRECTION('',(0.,1.,0.));
#3416=DIRECTION('',(1.,0.,0.));
#3417=DIRECTION('',(0.,-1.,0.));
#3418=DIRECTION('',(-1.,0.,0.));
#3419=DIRECTION('',(0.,1.,0.));
#3420=DIRECTION('',(1.,0.,0.));
#3421=DIRECTION('',(0.,0.,-1.));
#3422=DIRECTION('',(0.,1.,0.));
#3423=DIRECTION('',(0.,0.,-1.));
#3424=DIRECTION('',(0.,0.,1.));
#3425=DIRECTION('',(0.,-1.,0.));
#3426=DIRECTION('',(0.,0.,-1.));
#3427=DIRECTION('',(0.,0.,1.));
#3428=DIRECTION('',(0.,-1.,0.));
#3429=DIRECTION('',(0.,0.,-1.));
#3430=DIRECTION('',(0.,0.,1.));
#3431=DIRECTION('',(0.,-1.,0.));
#3432=DIRECTION('',(0.,0.,-1.));
#3433=DIRECTION('',(0.,0.,1.));
#3434=DIRECTION('',(0.,-1.,0.));
#3435=DIRECTION('',(0.00554776206706639,-0.990142653417008,0.139952664213202));
#3436=DIRECTION('',(-0.940953602846928,0.0451158366958396,0.335515839519715));
#3437=DIRECTION('',(0.335857822638213,0.,0.9419126939227));
#3438=DIRECTION('',(-0.940953602846928,0.0451158366958396,0.335515839519715));
#3439=DIRECTION('',(0.17247770821596,0.916694342463234,0.360448224665443));
#3440=DIRECTION('',(0.,0.,-1.));
#3441=DIRECTION('',(0.,1.,0.));
#3442=DIRECTION('',(0.,0.,1.));
#3443=DIRECTION('',(0.,-1.,0.));
#3444=DIRECTION('',(0.,0.,-1.));
#3445=DIRECTION('',(0.,0.,1.));
#3446=DIRECTION('',(0.,-1.,0.));
#3447=DIRECTION('',(0.0893071715866853,-0.990590058096287,-0.103709044465664));
#3448=DIRECTION('',(0.,0.,1.));
#3449=DIRECTION('',(0.,-1.,0.));
#3450=DIRECTION('',(0.,0.,1.));
#3451=DIRECTION('',(0.,-1.,0.));
#3452=DIRECTION('',(0.809016994374948,-0.587785252292473,0.));
#3453=DIRECTION('',(-0.587785252292473,-0.809016994374948,0.));
#3454=DIRECTION('',(0.,0.,1.));
#3455=DIRECTION('',(0.,-1.,0.));
#3456=DIRECTION('',(0.,0.,1.));
#3457=DIRECTION('',(1.,0.,0.));
#3458=DIRECTION('',(-0.587785252292473,0.809016994374948,0.));
#3459=DIRECTION('',(0.,0.,1.));
#3460=DIRECTION('',(0.,-1.,0.));
#3461=DIRECTION('',(0.,0.,1.));
#3462=DIRECTION('',(0.,-1.,0.));
#3463=DIRECTION('',(1.,-1.22464679914735E-16,0.));
#3464=DIRECTION('',(0.,0.,1.));
#3465=DIRECTION('',(0.,-1.,0.));
#3466=DIRECTION('',(-1.22464679914735E-16,-1.,0.));
#3467=DIRECTION('',(-1.,1.22464679914735E-16,0.));
#3468=DIRECTION('',(0.,-1.,0.));
#3469=DIRECTION('',(-1.,0.,0.));
#3470=DIRECTION('',(-1.22464679914735E-16,-1.,0.));
#3471=DIRECTION('',(-1.,1.22464679914735E-16,0.));
#3472=DIRECTION('',(-1.22464679914735E-16,-1.,0.));
#3473=DIRECTION('',(-1.,1.22464679914735E-16,0.));
#3474=DIRECTION('',(0.,1.,0.));
#3475=DIRECTION('',(1.,0.,0.));
#3476=DIRECTION('',(0.,1.,0.));
#3477=DIRECTION('',(1.,0.,0.));
#3478=DIRECTION('',(0.,0.,1.));
#3479=DIRECTION('',(1.,0.,0.));
#3480=DIRECTION('',(0.,0.,-1.));
#3481=DIRECTION('',(1.,0.,0.));
#3482=DIRECTION('',(1.22464679914735E-16,1.,0.));
#3483=DIRECTION('',(1.,-1.22464679914735E-16,0.));
#3484=DIRECTION('',(1.22464679914735E-16,1.,0.));
#3485=DIRECTION('',(1.,-1.22464679914735E-16,0.));
#3486=DIRECTION('',(0.,0.,-1.));
#3487=DIRECTION('',(1.,-1.22464679914735E-16,0.));
#3488=DIRECTION('',(0.,0.,1.));
#3489=DIRECTION('',(1.,-1.22464679914735E-16,0.));
#3490=DIRECTION('',(0.,0.,1.));
#3491=DIRECTION('',(1.,0.,0.));
#3492=DIRECTION('',(1.,0.,0.));
#3493=DIRECTION('',(0.,0.,1.));
#3494=DIRECTION('',(0.,-1.,0.));
#3495=DIRECTION('',(1.,-1.22464679914735E-16,0.));
#3496=DIRECTION('',(0.,0.,1.));
#3497=DIRECTION('',(0.,-1.,0.));
#3498=DIRECTION('',(0.,0.,1.));
#3499=DIRECTION('',(1.,0.,0.));
#3500=DIRECTION('',(0.,0.,1.));
#3501=DIRECTION('',(0.,-1.,0.));
#3502=DIRECTION('',(0.,0.,1.));
#3503=DIRECTION('',(0.,-1.,0.));
#3504=DIRECTION('',(0.587785252292473,0.809016994374948,0.));
#3505=DIRECTION('',(0.,0.,1.));
#3506=DIRECTION('',(0.,-1.,0.));
#3507=DIRECTION('',(1.,0.,0.));
#3508=DIRECTION('',(-1.22464679914735E-16,-1.,0.));
#3509=DIRECTION('',(-1.,1.22464679914735E-16,0.));
#3510=DIRECTION('',(1.22464679914735E-16,1.,0.));
#3511=DIRECTION('',(1.,-1.22464679914735E-16,0.));
#3512=DIRECTION('',(0.,-1.,0.));
#3513=DIRECTION('',(-1.,0.,0.));
#3514=DIRECTION('',(-1.22464679914735E-16,-1.,0.));
#3515=DIRECTION('',(-1.,1.22464679914735E-16,0.));
#3516=DIRECTION('',(0.,1.,0.));
#3517=DIRECTION('',(1.,0.,0.));
#3518=DIRECTION('',(-1.22464679914735E-16,-1.,0.));
#3519=DIRECTION('',(-1.,1.22464679914735E-16,0.));
#3520=DIRECTION('',(-2.07131161310664E-15,0.,1.));
#3521=DIRECTION('',(1.,0.,2.07131161310664E-15));
#3522=DIRECTION('',(-1.,0.,-2.07131161310664E-15));
#3523=DIRECTION('',(0.,-1.,0.));
#3524=DIRECTION('',(-1.,0.,-2.07131161310664E-15));
#3525=DIRECTION('',(1.68294068564914E-15,0.,-1.));
#3526=DIRECTION('',(-1.,0.,-1.68294068564914E-15));
#3527=DIRECTION('',(1.,0.,1.68294068564914E-15));
#3528=DIRECTION('',(0.,-1.,0.));
#3529=DIRECTION('',(1.,0.,1.68294068564914E-15));
#3530=DIRECTION('',(0.,-1.,0.));
#3531=DIRECTION('',(1.,0.,0.));
#3532=DIRECTION('',(-0.5,0.,-0.86602540378444));
#3533=DIRECTION('',(0.5,0.,-0.866025403784438));
#3534=DIRECTION('',(0.,-1.,0.));
#3535=DIRECTION('',(1.,0.,0.));
#3536=DIRECTION('',(0.5,0.,-0.866025403784438));
#3537=DIRECTION('',(-0.5,0.,-0.86602540378444));
#3538=DIRECTION('',(-0.86602540378444,0.,0.5));
#3539=DIRECTION('',(0.5,0.,0.86602540378444));
#3540=DIRECTION('',(0.,-1.,0.));
#3541=DIRECTION('',(-0.866025403784438,0.,-0.5));
#3542=DIRECTION('',(-0.5,0.,0.866025403784438));
#3543=DIRECTION('',(2.23835287222814E-15,0.,1.));
#3544=DIRECTION('',(1.,0.,-2.23835287222814E-15));
#3545=DIRECTION('',(-1.,0.,2.23835287222814E-15));
#3546=DIRECTION('',(0.,-1.,0.));
#3547=DIRECTION('',(-1.,0.,2.23835287222814E-15));
#3548=DIRECTION('',(0.,0.,1.));
#3549=DIRECTION('',(0.,-1.,0.));
#3550=DIRECTION('',(-1.,0.,0.));
#3551=DIRECTION('',(0.,-1.,0.));
#3552=DIRECTION('',(-1.,0.,0.));
#3553=DIRECTION('',(0.,-1.,0.));
#3554=DIRECTION('',(1.,0.,0.));
#3555=DIRECTION('',(-0.5,0.,-0.866025403784438));
#3556=DIRECTION('',(0.5,0.,-0.86602540378444));
#3557=DIRECTION('',(0.,-1.,0.));
#3558=DIRECTION('',(1.,0.,0.));
#3559=DIRECTION('',(0.5,0.,-0.86602540378444));
#3560=DIRECTION('',(-0.5,0.,-0.866025403784438));
#3561=DIRECTION('',(-0.866025403784438,0.,0.5));
#3562=DIRECTION('',(0.5,0.,0.866025403784438));
#3563=DIRECTION('',(0.,-1.,0.));
#3564=DIRECTION('',(-0.866025403784439,0.,-0.5));
#3565=DIRECTION('',(-0.5,0.,0.86602540378444));
#3566=DIRECTION('',(0.809016994374948,-0.587785252292473,0.));
#3567=DIRECTION('',(-0.587785252292473,-0.809016994374948,0.));
#3568=DIRECTION('',(0.,0.,1.));
#3569=DIRECTION('',(0.587785252292473,0.809016994374948,0.));
#3570=DIRECTION('',(0.,0.,-1.));
#3571=DIRECTION('',(0.809016994374948,-0.587785252292473,0.));
#3572=DIRECTION('',(-0.587785252292473,-0.809016994374948,0.));
#3573=DIRECTION('',(0.587785252292473,0.809016994374948,0.));
#3574=DIRECTION('',(0.809016994374948,0.587785252292473,0.));
#3575=DIRECTION('',(0.587785252292473,-0.809016994374948,0.));
#3576=DIRECTION('',(-0.587785252292473,0.809016994374948,0.));
#3577=DIRECTION('',(0.809016994374948,0.587785252292473,0.));
#3578=DIRECTION('',(0.587785252292473,-0.809016994374948,0.));
#3579=DIRECTION('',(-0.587785252292473,0.809016994374948,0.));
#3580=DIRECTION('',(0.809016994374948,0.587785252292473,0.));
#3581=DIRECTION('',(0.587785252292473,-0.809016994374948,0.));
#3582=DIRECTION('',(0.,0.,1.));
#3583=DIRECTION('',(0.,0.,1.));
#3584=DIRECTION('',(1.,0.,0.));
#3585=DIRECTION('',(0.,0.,1.));
#3586=DIRECTION('',(0.,-1.,0.));
#3587=DIRECTION('',(0.,0.,1.));
#3588=DIRECTION('',(0.,-1.,0.));
#3589=DIRECTION('',(0.,0.,1.));
#3590=DIRECTION('',(-0.3583679495453,0.933580426497202,0.));
#3591=DIRECTION('',(0.,0.,-1.));
#3592=DIRECTION('',(0.3583679495453,0.933580426497202,0.));
#3593=DIRECTION('',(0.,0.,1.));
#3594=DIRECTION('',(0.,-1.,0.));
#3595=DIRECTION('',(0.135832578476392,0.917754625683983,0.373196942190188));
#3596=DIRECTION('',(0.,-0.376688161297842,0.926340126054168));
#3597=DIRECTION('',(-0.135832578476394,-0.917754625683981,-0.373196942190192));
#3598=DIRECTION('',(0.0503279065448204,-0.995357652924165,0.0820380679204051));
#3599=DIRECTION('',(-0.946408316700889,-0.00272184271537821,0.322961127152513));
#3600=DIRECTION('',(0.322962323476251,0.,0.946411822419195));
#3601=DIRECTION('',(0.939692620785909,-6.1797465276274E-17,-0.342020143325668));
#3602=DIRECTION('',(0.122076596072299,-0.979754659911749,-0.158676120045248));
#3603=DIRECTION('',(0.0893071715866853,-0.990590058096287,-0.103709044465664));
#3604=DIRECTION('',(0.0354108184758037,0.994118864680384,0.102341373947481));
#3605=DIRECTION('',(0.,-0.102405598611699,0.99474272722799));
#3606=DIRECTION('',(0.0354108184758037,0.994118864680384,0.102341373947481));
#3607=DIRECTION('',(-0.345253584076118,0.108269525505808,-0.932243354778859));
#3608=DIRECTION('',(-0.867933738144214,-0.224685459039717,0.442953124706354));
#3609=DIRECTION('',(0.454576022577333,0.,0.890707942985674));
#3610=DIRECTION('',(0.95609027760039,0.0375487994776697,-0.29065696058377));
#3611=DIRECTION('',(-0.290862077925414,0.,-0.95676499289267));
#3612=DIRECTION('',(-0.914929361215766,0.0213092594557858,0.403051087886828));
#3613=DIRECTION('',(0.403142628697086,0.,0.915137159625377));
#3614=DIRECTION('',(0.932663407650083,-0.0728766370072756,-0.353310010909745));
#3615=DIRECTION('',(-0.354251980156491,0.,-0.9351500064456));
#3616=DIRECTION('',(-0.31389056861423,0.39714789063478,-0.862407249447371));
#3617=DIRECTION('',(-0.159944422998408,-0.935562846636072,0.314864957634088));
#3618=DIRECTION('',(-0.846646552523049,0.294022116886328,0.44355451737359));
#3619=DIRECTION('',(0.,0.,-1.));
#3620=DIRECTION('',(0.,1.,0.));
#3621=DIRECTION('',(0.,0.,-1.));
#3622=DIRECTION('',(0.,1.,0.));
#3623=DIRECTION('',(0.,0.,1.));
#3624=DIRECTION('',(0.,-1.,0.));
#3625=DIRECTION('',(1.,0.,0.));
#3626=DIRECTION('',(0.,-1.,0.));
#3627=DIRECTION('',(1.,0.,0.));
#3628=DIRECTION('',(0.,-1.,0.));
#3629=DIRECTION('',(-1.,0.,0.));
#3630=DIRECTION('',(0.,1.,0.));
#3631=DIRECTION('',(0.,8.67361737988404E-16,1.));
#3632=DIRECTION('',(0.,-1.,8.67361737988404E-16));
#3633=DIRECTION('',(0.0307692307692307,-0.999526515124971,6.53446627511758E-16));
#3634=DIRECTION('',(-0.999526515124971,-0.0307692307692307,0.));
#3635=DIRECTION('',(1.,0.,0.));
#3636=DIRECTION('',(0.,-1.,0.));
#3637=DIRECTION('',(-1.,0.,0.));
#3638=DIRECTION('',(0.,1.,0.));
#3639=DIRECTION('',(-1.,0.,-3.46944695195362E-15));
#3640=DIRECTION('',(-3.46944695195362E-15,0.,1.));
#3641=DIRECTION('',(0.,0.,-1.));
#3642=DIRECTION('',(0.,1.,0.));
#3643=DIRECTION('',(0.,0.,-1.));
#3644=DIRECTION('',(0.,1.,0.));
#3645=DIRECTION('',(0.,0.,1.));
#3646=DIRECTION('',(0.,-1.,0.));
#3647=DIRECTION('',(0.,0.,-1.));
#3648=DIRECTION('',(0.,1.,0.));
#3649=DIRECTION('',(0.0377358490566038,-0.999287749197386,0.));
#3650=DIRECTION('',(-0.999287749197386,-0.0377358490566038,0.));
#3651=DIRECTION('',(0.,0.,1.));
#3652=DIRECTION('',(0.,-1.,0.));
#3653=DIRECTION('',(-0.03076923076923,-0.999526515124971,0.));
#3654=DIRECTION('',(-0.999526515124971,0.03076923076923,0.));
#3655=DIRECTION('',(-3.46944695195361E-15,8.67361737988404E-16,1.));
#3656=DIRECTION('',(1.,0.,3.46944695195361E-15));
#3657=DIRECTION('',(0.0377358490566049,-0.999287749197386,0.));
#3658=DIRECTION('',(-0.999287749197386,-0.0377358490566049,0.));
#3659=DIRECTION('',(0.,0.,1.));
#3660=DIRECTION('',(0.,-1.,0.));
#3661=DIRECTION('',(0.,4.33680868994202E-16,1.));
#3662=DIRECTION('',(0.,-1.,4.33680868994202E-16));
#3663=DIRECTION('',(0.,0.,1.));
#3664=DIRECTION('',(0.,-1.,0.));
#3665=DIRECTION('',(-1.,0.,-6.93889390390724E-15));
#3666=DIRECTION('',(-6.93889390390724E-15,0.,1.));
#3667=DIRECTION('',(-1.,1.22464679914735E-16,0.));
#3668=DIRECTION('',(1.22464679914735E-16,1.,0.));
#3669=DIRECTION('',(1.,0.,0.));
#3670=DIRECTION('',(0.,-1.,0.));
#3671=DIRECTION('',(0.,0.,1.));
#3672=DIRECTION('',(0.,-1.,0.));
#3673=DIRECTION('',(-0.0377358490566038,-0.999287749197386,6.50057969170774E-16));
#3674=DIRECTION('',(-0.999287749197386,0.0377358490566038,0.));
#3675=DIRECTION('',(0.,0.,-1.));
#3676=DIRECTION('',(0.,1.,0.));
#3677=DIRECTION('',(0.,0.,1.));
#3678=DIRECTION('',(0.,-1.,0.));
#3679=DIRECTION('',(0.,0.,-1.));
#3680=DIRECTION('',(0.,1.,0.));
#3681=DIRECTION('',(0.,0.,-1.));
#3682=DIRECTION('',(0.,1.,0.));
#3683=DIRECTION('',(0.,6.50521303491303E-16,1.));
#3684=DIRECTION('',(0.,-1.,6.50521303491303E-16));
#3685=DIRECTION('',(0.,0.,1.));
#3686=DIRECTION('',(0.,-1.,0.));
#3687=DIRECTION('',(0.,0.,1.));
#3688=DIRECTION('',(0.,-1.,0.));
#3689=DIRECTION('',(1.,-1.22464679914735E-16,0.));
#3690=DIRECTION('',(-1.22464679914735E-16,-1.,0.));
#3691=DIRECTION('',(1.,-1.22464679914735E-16,0.));
#3692=DIRECTION('',(-1.22464679914735E-16,-1.,0.));
#3693=DIRECTION('',(1.,0.,0.));
#3694=DIRECTION('',(0.,-1.,0.));
#3695=DIRECTION('',(0.,0.,-1.));
#3696=DIRECTION('',(0.,1.,0.));
#3697=DIRECTION('',(0.,0.,-1.));
#3698=DIRECTION('',(0.,1.,0.));
#3699=DIRECTION('',(0.,0.,-1.));
#3700=DIRECTION('',(0.,1.,0.));
#3701=DIRECTION('',(0.,0.,1.));
#3702=DIRECTION('',(0.,-1.,0.));
#3703=DIRECTION('',(0.,0.,-1.));
#3704=DIRECTION('',(0.,1.,0.));
#3705=DIRECTION('',(-0.0377358490566038,-0.999287749197386,0.));
#3706=DIRECTION('',(-0.999287749197386,0.0377358490566038,0.));
#3707=DIRECTION('',(0.,0.,1.));
#3708=DIRECTION('',(0.,-1.,0.));
#3709=DIRECTION('',(1.22464679914735E-16,1.,0.));
#3710=DIRECTION('',(1.,-1.22464679914735E-16,0.));
#3711=DIRECTION('',(0.,1.,0.));
#3712=DIRECTION('',(1.,0.,0.));
#3713=DIRECTION('',(0.,0.,1.));
#3714=DIRECTION('',(0.,-1.,0.));
#3715=DIRECTION('',(-0.0307692307692307,-0.999526515124971,-4.33475527662144E-16));
#3716=DIRECTION('',(-0.999526515124971,0.0307692307692307,0.));
#3717=DIRECTION('',(0.,1.,0.));
#3718=DIRECTION('',(1.,0.,0.));
#3719=DIRECTION('',(0.,0.,1.));
#3720=DIRECTION('',(0.,-1.,0.));
#3721=DIRECTION('',(0.0307692307692314,-0.999526515124971,0.));
#3722=DIRECTION('',(-0.999526515124972,-0.0307692307692314,0.));
#3723=DIRECTION('',(0.,1.,0.));
#3724=DIRECTION('',(1.,0.,0.));
#3725=DIRECTION('',(0.,-1.,0.));
#3726=DIRECTION('',(-1.,0.,0.));
#3727=DIRECTION('',(0.,1.,0.));
#3728=DIRECTION('',(1.,0.,0.));
#3729=DIRECTION('',(0.,1.,0.));
#3730=DIRECTION('',(1.,0.,0.));
#3731=DIRECTION('',(0.,-1.,0.));
#3732=DIRECTION('',(-1.,0.,0.));
#3733=DIRECTION('',(0.,1.,0.));
#3734=DIRECTION('',(1.,0.,0.));
#3735=DIRECTION('',(0.,1.,0.));
#3736=DIRECTION('',(1.,0.,0.));
#3737=DIRECTION('',(0.587785252292474,0.809016994374947,5.17827903276659E-17));
#3738=DIRECTION('',(0.809016994374947,-0.587785252292474,0.));
#3739=DIRECTION('',(0.587785252292474,0.809016994374947,5.17827903276659E-17));
#3740=DIRECTION('',(0.809016994374947,-0.587785252292474,0.));
#3741=DIRECTION('',(0.587785252292474,0.809016994374947,5.17827903276659E-17));
#3742=DIRECTION('',(0.809016994374947,-0.587785252292474,-3.76223993918339E-17));
#3743=DIRECTION('',(-0.587785252292474,0.809016994374947,0.));
#3744=DIRECTION('',(0.809016994374947,0.587785252292474,0.));
#3745=DIRECTION('',(-0.587785252292474,0.809016994374947,0.));
#3746=DIRECTION('',(0.809016994374947,0.587785252292474,0.));
#3747=DIRECTION('',(-0.587785252292474,0.809016994374947,0.));
#3748=DIRECTION('',(0.809016994374947,0.587785252292474,0.));
#3749=DIRECTION('',(-0.31389056861423,0.39714789063478,-0.862407249447371));
#3750=DIRECTION('',(0.,0.908314205475049,0.418288541717593));
#3751=DIRECTION('',(-0.31389056861423,0.39714789063478,-0.862407249447371));
#3752=DIRECTION('',(0.31389056861423,-0.39714789063478,0.862407249447371));
#3753=DIRECTION('',(0.,-0.908314205475049,-0.418288541717593));
#3754=DIRECTION('',(-0.31389056861423,0.39714789063478,-0.862407249447371));
#3755=DIRECTION('',(-0.313890568614231,0.397147890634781,-0.862407249447371));
#3756=DIRECTION('',(0.,0.908314205475049,0.418288541717594));
#3757=DIRECTION('',(0.939692620785909,-5.55111512312578E-17,-0.342020143325668));
#3758=DIRECTION('',(-0.135832578476394,-0.917754625683981,-0.373196942190192));
#3759=DIRECTION('',(-0.135832578476394,-0.917754625683981,-0.373196942190192));
#3760=DIRECTION('',(-0.31389056861423,0.39714789063478,-0.862407249447371));
#3761=DIRECTION('',(-0.135832578476394,-0.917754625683981,-0.373196942190192));
#3762=DIRECTION('',(-0.31389056861423,0.39714789063478,-0.862407249447371));
#3763=DIRECTION('',(-0.135832578476394,-0.917754625683981,-0.373196942190192));
#3764=DIRECTION('',(0.939692620785909,-7.41745197838398E-17,-0.342020143325668));
#3765=DIRECTION('',(-0.342020143325668,0.,-0.939692620785909));
#3766=DIRECTION('',(0.939692620785909,-7.41745197838398E-17,-0.342020143325668));
#3767=DIRECTION('',(-0.342020143325668,0.,-0.939692620785909));
#3768=DIRECTION('',(0.939692620785909,-6.1797465276274E-17,-0.342020143325668));
#3769=DIRECTION('',(0.939692620785909,-7.41745197838398E-17,-0.342020143325668));
#3770=DIRECTION('',(-0.342020143325668,0.,-0.939692620785909));
#3771=DIRECTION('',(0.939692620785909,-5.55111512312578E-17,-0.342020143325668));
#3772=DIRECTION('',(-0.342020143325668,0.,-0.939692620785909));
#3773=DIRECTION('',(0.,1.,0.));
#3774=DIRECTION('',(1.,0.,0.));
#3775=DIRECTION('',(0.31389056861423,-0.39714789063478,0.862407249447371));
#3776=DIRECTION('',(0.,-0.908314205475049,-0.418288541717593));
#3777=DIRECTION('',(-0.31389056861423,0.39714789063478,-0.862407249447371));
#3778=DIRECTION('',(0.31389056861423,-0.39714789063478,0.862407249447371));
#3779=DIRECTION('',(0.,-0.908314205475049,-0.418288541717593));
#3780=DIRECTION('',(-0.31389056861423,0.39714789063478,-0.862407249447371));
#3781=DIRECTION('',(0.,1.,0.));
#3782=DIRECTION('',(1.,0.,0.));
#3783=DIRECTION('',(-0.31389056861423,0.39714789063478,-0.862407249447371));
#3784=DIRECTION('',(0.,0.908314205475049,0.418288541717593));
#3785=DIRECTION('',(0.13583257847639,0.917754625683984,0.373196942190187));
#3786=DIRECTION('',(0.,-0.376688161297841,0.926340126054168));
#3787=DIRECTION('',(-0.135832578476394,-0.917754625683981,-0.373196942190192));
#3788=DIRECTION('',(0.,0.376688161297846,-0.926340126054166));
#3789=DIRECTION('',(-0.135832578476394,-0.917754625683981,-0.373196942190192));
#3790=DIRECTION('',(-0.135832578476394,-0.917754625683981,-0.373196942190192));
#3791=DIRECTION('',(0.,0.376688161297846,-0.926340126054166));
#3792=DIRECTION('',(-0.135832578476394,-0.917754625683981,-0.373196942190192));
#3793=DIRECTION('',(0.135832578476391,0.917754625683983,0.373196942190188));
#3794=DIRECTION('',(0.,-0.376688161297842,0.926340126054167));
#3795=DIRECTION('',(-0.135832578476394,-0.917754625683981,-0.373196942190192));
#3796=DIRECTION('',(0.135832578476394,0.917754625683981,0.373196942190192));
#3797=DIRECTION('',(0.,-0.376688161297846,0.926340126054166));
#3798=DIRECTION('',(-0.135832578476391,-0.917754625683983,-0.373196942190189));
#3799=DIRECTION('',(0.,0.376688161297844,-0.926340126054167));
#3800=DIRECTION('',(-0.135832578476394,-0.917754625683981,-0.373196942190192));
#3801=DIRECTION('',(0.135832578476394,0.917754625683981,0.373196942190192));
#3802=DIRECTION('',(0.,-0.376688161297846,0.926340126054166));
#3803=DIRECTION('',(-0.135832578476394,-0.917754625683981,-0.373196942190192));
#3804=DIRECTION('',(-0.135832578476394,-0.917754625683981,-0.373196942190192));
#3805=DIRECTION('',(-0.135832578476393,-0.917754625683983,-0.373196942190187));
#3806=DIRECTION('',(0.,0.376688161297841,-0.926340126054168));
#3807=DIRECTION('',(-0.939692620785909,6.3641112940547E-17,0.342020143325668));
#3808=DIRECTION('',(0.342020143325668,0.,0.939692620785909));
#3809=DIRECTION('',(-0.939692620785909,5.95570041038179E-16,0.342020143325666));
#3810=DIRECTION('',(0.342020143325666,0.,0.939692620785909));
#3811=DIRECTION('',(0.939692620785909,-3.44810097022359E-17,-0.342020143325668));
#3812=DIRECTION('',(0.939692620785909,-5.08757996974307E-17,-0.342020143325668));
#3813=DIRECTION('',(0.135832578476394,0.917754625683981,0.373196942190192));
#3814=DIRECTION('',(0.939692620785909,-5.55111512312578E-17,-0.342020143325668));
#3815=DIRECTION('',(0.939692620785909,-5.55111512312578E-17,-0.342020143325668));
#3816=DIRECTION('',(0.939692620785909,-5.55111512312578E-17,-0.342020143325668));
#3817=DIRECTION('',(-0.135832578476394,-0.917754625683981,-0.373196942190192));
#3818=DIRECTION('',(-0.135832578476394,-0.917754625683981,-0.373196942190192));
#3819=DIRECTION('',(-0.31389056861423,0.39714789063478,-0.862407249447371));
#3820=DIRECTION('',(-0.135832578476394,-0.917754625683981,-0.373196942190192));
#3821=DIRECTION('',(-0.31389056861423,0.39714789063478,-0.862407249447371));
#3822=DIRECTION('',(-0.135832578476394,-0.917754625683981,-0.373196942190192));
#3823=DIRECTION('',(0.31389056861423,-0.39714789063478,0.862407249447371));
#3824=DIRECTION('',(0.939692620785909,-5.55111512312578E-17,-0.342020143325668));
#3825=DIRECTION('',(0.31389056861423,-0.39714789063478,0.862407249447371));
#3826=DIRECTION('',(-0.135832578476394,-0.917754625683981,-0.373196942190192));
#3827=DIRECTION('',(0.31389056861423,-0.39714789063478,0.862407249447371));
#3828=DIRECTION('',(-0.135832578476394,-0.917754625683981,-0.373196942190192));
#3829=DIRECTION('',(0.31389056861423,-0.39714789063478,0.862407249447371));
#3830=DIRECTION('',(-0.135832578476394,-0.917754625683981,-0.373196942190192));
#3831=DIRECTION('',(0.31389056861423,-0.39714789063478,0.862407249447371));
#3832=DIRECTION('',(-0.135832578476394,-0.917754625683981,-0.373196942190192));
#3833=DIRECTION('',(0.31389056861423,-0.39714789063478,0.862407249447371));
#3834=DIRECTION('',(-0.135832578476394,-0.917754625683981,-0.373196942190192));
#3835=DIRECTION('',(0.31389056861423,-0.39714789063478,0.862407249447371));
#3836=DIRECTION('',(-0.135832578476394,-0.917754625683981,-0.373196942190192));
#3837=DIRECTION('',(0.31389056861423,-0.39714789063478,0.862407249447371));
#3838=DIRECTION('',(-0.135832578476394,-0.917754625683981,-0.373196942190192));
#3839=DIRECTION('',(0.31389056861423,-0.39714789063478,0.862407249447371));
#3840=DIRECTION('',(-0.135832578476394,-0.917754625683981,-0.373196942190192));
#3841=DIRECTION('',(0.31389056861423,-0.39714789063478,0.862407249447371));
#3842=DIRECTION('',(-0.135832578476394,-0.917754625683981,-0.373196942190192));
#3843=DIRECTION('',(0.31389056861423,-0.39714789063478,0.862407249447371));
#3844=DIRECTION('',(-0.135832578476394,-0.917754625683981,-0.373196942190192));
#3845=DIRECTION('',(0.939692620785909,-5.55111512312578E-17,-0.342020143325668));
#3846=DIRECTION('',(0.31389056861423,-0.39714789063478,0.862407249447371));
#3847=DIRECTION('',(-0.135832578476394,-0.917754625683981,-0.373196942190192));
#3848=DIRECTION('',(-0.135832578476394,-0.917754625683981,-0.373196942190192));
#3849=DIRECTION('',(0.31389056861423,-0.39714789063478,0.862407249447371));
#3850=DIRECTION('',(-0.135832578476394,-0.917754625683981,-0.373196942190192));
#3851=DIRECTION('',(0.939692620785909,-5.55111512312578E-17,-0.342020143325668));
#3852=DIRECTION('',(0.31389056861423,-0.39714789063478,0.862407249447371));
#3853=DIRECTION('',(-0.135832578476394,-0.917754625683981,-0.373196942190192));
#3854=DIRECTION('',(-0.135832578476394,-0.917754625683981,-0.373196942190192));
#3855=DIRECTION('',(0.31389056861423,-0.39714789063478,0.862407249447371));
#3856=DIRECTION('',(-0.135832578476394,-0.917754625683981,-0.373196942190192));
#3857=DIRECTION('',(0.939692620785909,-5.55111512312578E-17,-0.342020143325668));
#3858=DIRECTION('',(0.31389056861423,-0.39714789063478,0.862407249447371));
#3859=DIRECTION('',(-0.135832578476394,-0.917754625683981,-0.373196942190192));
#3860=DIRECTION('',(0.939692620785909,-5.55111512312578E-17,-0.342020143325668));
#3861=DIRECTION('',(0.31389056861423,-0.39714789063478,0.862407249447371));
#3862=DIRECTION('',(-0.135832578476394,-0.917754625683981,-0.373196942190192));
#3863=DIRECTION('',(-0.31389056861423,0.39714789063478,-0.862407249447371));
#3864=DIRECTION('',(0.135832578476394,0.917754625683981,0.373196942190192));
#3865=DIRECTION('',(0.31389056861423,-0.39714789063478,0.862407249447371));
#3866=DIRECTION('',(0.,-0.908314205475049,-0.418288541717593));
#3867=DIRECTION('',(-0.31389056861423,0.39714789063478,-0.862407249447371));
#3868=DIRECTION('',(0.135832578476394,0.917754625683981,0.373196942190192));
#3869=DIRECTION('',(0.939692620785909,-5.55111512312578E-17,-0.342020143325668));
#3870=DIRECTION('',(0.939692620785909,-2.75770796110216E-17,-0.342020143325668));
#3871=DIRECTION('',(-0.31389056861423,0.39714789063478,-0.862407249447371));
#3872=DIRECTION('',(-0.31389056861423,0.39714789063478,-0.862407249447371));
#3873=DIRECTION('',(0.135832578476394,0.917754625683981,0.373196942190192));
#3874=DIRECTION('',(0.31389056861423,-0.39714789063478,0.862407249447371));
#3875=DIRECTION('',(0.,-0.908314205475049,-0.418288541717593));
#3876=DIRECTION('',(0.939692620785909,-5.55111512312578E-17,-0.342020143325668));
#3877=DIRECTION('',(-0.135832578476394,-0.917754625683981,-0.373196942190192));
#3878=DIRECTION('',(-0.31389056861423,0.39714789063478,-0.862407249447371));
#3879=DIRECTION('',(0.135832578476394,0.917754625683981,0.373196942190192));
#3880=DIRECTION('',(-0.31389056861423,0.39714789063478,-0.862407249447371));
#3881=DIRECTION('',(-0.31389056861423,0.39714789063478,-0.862407249447371));
#3882=DIRECTION('',(0.135832578476394,0.917754625683981,0.373196942190192));
#3883=DIRECTION('',(-0.31389056861423,0.39714789063478,-0.862407249447371));
#3884=DIRECTION('',(0.31389056861423,-0.39714789063478,0.862407249447371));
#3885=DIRECTION('',(0.,-0.908314205475049,-0.418288541717593));
#3886=DIRECTION('',(0.31389056861423,-0.39714789063478,0.862407249447371));
#3887=DIRECTION('',(0.,-0.908314205475049,-0.418288541717593));
#3888=DIRECTION('',(0.135832578476394,0.917754625683981,0.373196942190192));
#3889=DIRECTION('',(0.939692620785909,-5.55111512312578E-17,-0.342020143325668));
#3890=DIRECTION('',(-0.31389056861423,0.39714789063478,-0.862407249447371));
#3891=DIRECTION('',(0.939692620785909,-2.75770796110216E-17,-0.342020143325668));
#3892=DIRECTION('',(0.939692620785909,-3.44810097022359E-17,-0.342020143325668));
#3893=DIRECTION('',(-0.31389056861423,0.39714789063478,-0.862407249447371));
#3894=DIRECTION('',(0.135832578476394,0.917754625683981,0.373196942190192));
#3895=DIRECTION('',(-0.31389056861423,0.39714789063478,-0.862407249447371));
#3896=DIRECTION('',(0.31389056861423,-0.39714789063478,0.862407249447371));
#3897=DIRECTION('',(0.,-0.908314205475049,-0.418288541717593));
#3898=DIRECTION('',(0.31389056861423,-0.39714789063478,0.862407249447371));
#3899=DIRECTION('',(0.,-0.908314205475049,-0.418288541717593));
#3900=DIRECTION('',(-0.31389056861423,0.39714789063478,-0.862407249447371));
#3901=DIRECTION('',(0.135832578476394,0.917754625683981,0.373196942190192));
#3902=DIRECTION('',(0.31389056861423,-0.39714789063478,0.862407249447371));
#3903=DIRECTION('',(0.,-0.908314205475049,-0.418288541717593));
#3904=DIRECTION('',(-0.31389056861423,0.39714789063478,-0.862407249447371));
#3905=DIRECTION('',(0.135832578476394,0.917754625683981,0.373196942190192));
#3906=DIRECTION('',(0.31389056861423,-0.39714789063478,0.862407249447371));
#3907=DIRECTION('',(0.,-0.908314205475049,-0.418288541717593));
#3908=DIRECTION('',(-0.31389056861423,0.39714789063478,-0.862407249447371));
#3909=DIRECTION('',(0.135832578476394,0.917754625683981,0.373196942190192));
#3910=DIRECTION('',(0.31389056861423,-0.39714789063478,0.862407249447371));
#3911=DIRECTION('',(0.,-0.908314205475049,-0.418288541717593));
#3912=DIRECTION('',(-0.31389056861423,0.39714789063478,-0.862407249447371));
#3913=DIRECTION('',(0.135832578476394,0.917754625683981,0.373196942190192));
#3914=DIRECTION('',(0.31389056861423,-0.39714789063478,0.862407249447371));
#3915=DIRECTION('',(0.,-0.908314205475049,-0.418288541717593));
#3916=DIRECTION('',(-0.31389056861423,0.39714789063478,-0.862407249447371));
#3917=DIRECTION('',(0.135832578476394,0.917754625683981,0.373196942190192));
#3918=DIRECTION('',(0.31389056861423,-0.39714789063478,0.862407249447371));
#3919=DIRECTION('',(0.,-0.908314205475049,-0.418288541717593));
#3920=DIRECTION('',(-0.31389056861423,0.39714789063478,-0.862407249447371));
#3921=DIRECTION('',(0.135832578476394,0.917754625683981,0.373196942190192));
#3922=DIRECTION('',(0.31389056861423,-0.39714789063478,0.862407249447371));
#3923=DIRECTION('',(0.,-0.908314205475049,-0.418288541717593));
#3924=DIRECTION('',(0.939692620785909,-5.55111512312578E-17,-0.342020143325668));
#3925=DIRECTION('',(-0.135832578476394,-0.917754625683981,-0.373196942190192));
#3926=DIRECTION('',(-0.31389056861423,0.39714789063478,-0.862407249447371));
#3927=DIRECTION('',(-0.135832578476394,-0.917754625683981,-0.373196942190192));
#3928=DIRECTION('',(-0.31389056861423,0.39714789063478,-0.862407249447371));
#3929=DIRECTION('',(0.135832578476394,0.917754625683981,0.373196942190192));
#3930=DIRECTION('',(0.31389056861423,-0.39714789063478,0.862407249447371));
#3931=DIRECTION('',(0.,-0.908314205475049,-0.418288541717593));
#3932=DIRECTION('',(-0.31389056861423,0.39714789063478,-0.862407249447371));
#3933=DIRECTION('',(0.135832578476394,0.917754625683981,0.373196942190192));
#3934=DIRECTION('',(0.31389056861423,-0.39714789063478,0.862407249447371));
#3935=DIRECTION('',(0.,-0.908314205475049,-0.418288541717593));
#3936=DIRECTION('',(-0.31389056861423,0.39714789063478,-0.862407249447371));
#3937=DIRECTION('',(0.135832578476394,0.917754625683981,0.373196942190192));
#3938=DIRECTION('',(0.31389056861423,-0.39714789063478,0.862407249447371));
#3939=DIRECTION('',(0.,-0.908314205475049,-0.418288541717593));
#3940=DIRECTION('',(-0.31389056861423,0.39714789063478,-0.862407249447371));
#3941=DIRECTION('',(0.135832578476394,0.917754625683981,0.373196942190192));
#3942=DIRECTION('',(0.31389056861423,-0.39714789063478,0.862407249447371));
#3943=DIRECTION('',(0.,-0.908314205475049,-0.418288541717593));
#3944=DIRECTION('',(0.31389056861423,-0.39714789063478,0.862407249447371));
#3945=DIRECTION('',(0.939692620785909,-5.55111512312578E-17,-0.342020143325668));
#3946=DIRECTION('',(-0.135832578476394,-0.917754625683981,-0.373196942190192));
#3947=DIRECTION('',(0.31389056861423,-0.39714789063478,0.862407249447371));
#3948=DIRECTION('',(0.,-0.908314205475049,-0.418288541717593));
#3949=DIRECTION('',(0.939692620785909,-5.08757996974307E-17,-0.342020143325668));
#3950=DIRECTION('',(0.31389056861423,-0.39714789063478,0.862407249447371));
#3951=DIRECTION('',(0.,-0.908314205475049,-0.418288541717593));
#3952=DIRECTION('',(-0.135832578476394,-0.917754625683981,-0.373196942190192));
#3953=DIRECTION('',(-0.135832578476394,-0.917754625683981,-0.373196942190192));
#3954=DIRECTION('',(0.31389056861423,-0.39714789063478,0.862407249447371));
#3955=DIRECTION('',(0.,-0.908314205475049,-0.418288541717593));
#3956=DIRECTION('',(0.939692620785909,-6.1797465276274E-17,-0.342020143325668));
#3957=DIRECTION('',(0.31389056861423,-0.39714789063478,0.862407249447371));
#3958=DIRECTION('',(0.,-0.908314205475049,-0.418288541717593));
#3959=DIRECTION('',(-0.135832578476394,-0.917754625683981,-0.373196942190192));
#3960=DIRECTION('',(0.939692620785909,-6.1797465276274E-17,-0.342020143325668));
#3961=DIRECTION('',(0.31389056861423,-0.39714789063478,0.862407249447371));
#3962=DIRECTION('',(0.,-0.908314205475049,-0.418288541717593));
#3963=DIRECTION('',(0.31389056861423,-0.39714789063478,0.862407249447371));
#3964=DIRECTION('',(0.,-0.908314205475049,-0.418288541717593));
#3965=DIRECTION('',(0.31389056861423,-0.39714789063478,0.862407249447371));
#3966=DIRECTION('',(0.,-0.908314205475049,-0.418288541717593));
#3967=DIRECTION('',(0.31389056861423,-0.39714789063478,0.862407249447371));
#3968=DIRECTION('',(0.,-0.908314205475049,-0.418288541717593));
#3969=DIRECTION('',(0.31389056861423,-0.39714789063478,0.862407249447371));
#3970=DIRECTION('',(0.,-0.908314205475049,-0.418288541717593));
#3971=DIRECTION('',(0.31389056861423,-0.39714789063478,0.862407249447371));
#3972=DIRECTION('',(0.,-0.908314205475049,-0.418288541717593));
#3973=DIRECTION('',(0.31389056861423,-0.39714789063478,0.862407249447371));
#3974=DIRECTION('',(0.,-0.908314205475049,-0.418288541717593));
#3975=DIRECTION('',(0.31389056861423,-0.39714789063478,0.862407249447371));
#3976=DIRECTION('',(0.,-0.908314205475049,-0.418288541717593));
#3977=DIRECTION('',(0.31389056861423,-0.39714789063478,0.862407249447371));
#3978=DIRECTION('',(0.,-0.908314205475049,-0.418288541717593));
#3979=DIRECTION('',(0.31389056861423,-0.39714789063478,0.862407249447371));
#3980=DIRECTION('',(0.,-0.908314205475049,-0.418288541717593));
#3981=DIRECTION('',(0.135832578476394,0.917754625683981,0.373196942190192));
#3982=DIRECTION('',(0.939692620785909,-5.55111512312578E-17,-0.342020143325668));
#3983=DIRECTION('',(0.939692620785909,-5.55111512312578E-17,-0.342020143325668));
#3984=DIRECTION('',(-0.31389056861423,0.39714789063478,-0.862407249447371));
#3985=DIRECTION('',(0.939692620785909,-5.55111512312578E-17,-0.342020143325668));
#3986=DIRECTION('',(-0.31389056861423,0.39714789063478,-0.862407249447371));
#3987=DIRECTION('',(-0.31389056861423,0.39714789063478,-0.862407249447371));
#3988=DIRECTION('',(0.135832578476394,0.917754625683981,0.373196942190192));
#3989=DIRECTION('',(-0.31389056861423,0.39714789063478,-0.862407249447371));
#3990=DIRECTION('',(0.31389056861423,-0.39714789063478,0.862407249447371));
#3991=DIRECTION('',(-0.135832578476394,-0.917754625683981,-0.373196942190192));
#3992=DIRECTION('',(0.939692620785909,-5.55111512312578E-17,-0.342020143325668));
#3993=DIRECTION('',(-0.135832578476394,-0.917754625683981,-0.373196942190192));
#3994=DIRECTION('',(-0.31389056861423,0.39714789063478,-0.862407249447371));
#3995=DIRECTION('',(-0.135832578476394,-0.917754625683981,-0.373196942190192));
#3996=DIRECTION('',(-0.31389056861423,0.39714789063478,-0.862407249447371));
#3997=DIRECTION('',(0.135832578476394,0.917754625683981,0.373196942190192));
#3998=DIRECTION('',(-0.31389056861423,0.39714789063478,-0.862407249447371));
#3999=DIRECTION('',(0.31389056861423,-0.39714789063478,0.862407249447371));
#4000=DIRECTION('',(-0.135832578476394,-0.917754625683981,-0.373196942190192));
#4001=DIRECTION('',(0.135832578476394,0.917754625683981,0.373196942190192));
#4002=DIRECTION('',(0.939692620785909,-5.55111512312578E-17,-0.342020143325668));
#4003=DIRECTION('',(-0.31389056861423,0.39714789063478,-0.862407249447371));
#4004=DIRECTION('',(0.939692620785909,-5.55111512312578E-17,-0.342020143325668));
#4005=DIRECTION('',(-0.31389056861423,0.39714789063478,-0.862407249447371));
#4006=DIRECTION('',(0.135832578476394,0.917754625683981,0.373196942190192));
#4007=DIRECTION('',(-0.31389056861423,0.39714789063478,-0.862407249447371));
#4008=DIRECTION('',(0.31389056861423,-0.39714789063478,0.862407249447371));
#4009=DIRECTION('',(-0.135832578476394,-0.917754625683981,-0.373196942190192));
#4010=DIRECTION('',(0.939692620785909,-5.55111512312578E-17,-0.342020143325668));
#4011=DIRECTION('',(-0.135832578476394,-0.917754625683981,-0.373196942190192));
#4012=DIRECTION('',(-0.31389056861423,0.39714789063478,-0.862407249447371));
#4013=DIRECTION('',(-0.135832578476394,-0.917754625683981,-0.373196942190192));
#4014=DIRECTION('',(-0.31389056861423,0.39714789063478,-0.862407249447371));
#4015=DIRECTION('',(0.135832578476394,0.917754625683981,0.373196942190192));
#4016=DIRECTION('',(0.31389056861423,-0.39714789063478,0.862407249447371));
#4017=DIRECTION('',(-0.135832578476394,-0.917754625683981,-0.373196942190192));
#4018=DIRECTION('',(0.31389056861423,-0.39714789063478,0.862407249447371));
#4019=DIRECTION('',(0.939692620785909,-5.55111512312578E-17,-0.342020143325668));
#4020=DIRECTION('',(0.135832578476394,0.917754625683981,0.373196942190192));
#4021=DIRECTION('',(0.31389056861423,-0.39714789063478,0.862407249447371));
#4022=DIRECTION('',(0.,-0.908314205475049,-0.418288541717593));
#4023=DIRECTION('',(0.939692620785909,-6.1797465276274E-17,-0.342020143325668));
#4024=DIRECTION('',(0.31389056861423,-0.39714789063478,0.862407249447371));
#4025=DIRECTION('',(0.,-0.908314205475049,-0.418288541717593));
#4026=DIRECTION('',(-0.135832578476394,-0.917754625683981,-0.373196942190192));
#4027=DIRECTION('',(0.31389056861423,-0.39714789063478,0.862407249447371));
#4028=DIRECTION('',(0.939692620785909,-5.55111512312578E-17,-0.342020143325668));
#4029=DIRECTION('',(-0.31389056861423,0.39714789063478,-0.862407249447371));
#4030=DIRECTION('',(0.,0.908314205475049,0.418288541717593));
#4031=DIRECTION('',(0.939692620785909,-7.41745197838398E-17,-0.342020143325668));
#4032=DIRECTION('',(-0.342020143325668,0.,-0.939692620785909));
#4033=DIRECTION('',(0.939692620785909,-7.41745197838398E-17,-0.342020143325668));
#4034=DIRECTION('',(-0.342020143325668,0.,-0.939692620785909));
#4035=DIRECTION('',(0.939692620785909,-7.41745197838398E-17,-0.342020143325668));
#4036=DIRECTION('',(-0.342020143325668,0.,-0.939692620785909));
#4037=DIRECTION('',(0.31389056861423,-0.39714789063478,0.862407249447371));
#4038=DIRECTION('',(0.,-0.908314205475049,-0.418288541717593));
#4039=DIRECTION('',(0.31389056861423,-0.39714789063478,0.862407249447371));
#4040=DIRECTION('',(0.,-0.908314205475049,-0.418288541717593));
#4041=DIRECTION('',(0.31389056861423,-0.39714789063478,0.862407249447371));
#4042=DIRECTION('',(0.,-0.908314205475049,-0.418288541717593));
#4043=DIRECTION('',(0.31389056861423,-0.39714789063478,0.862407249447371));
#4044=DIRECTION('',(0.,-0.908314205475049,-0.418288541717593));
#4045=DIRECTION('',(0.135832578476394,0.917754625683981,0.373196942190192));
#4046=DIRECTION('',(0.,-0.376688161297846,0.926340126054166));
#4047=DIRECTION('',(0.135832578476394,0.917754625683983,0.373196942190187));
#4048=DIRECTION('',(0.,-0.376688161297841,0.926340126054168));
#4049=DIRECTION('',(0.31389056861423,-0.39714789063478,0.862407249447371));
#4050=DIRECTION('',(0.,-0.908314205475049,-0.418288541717593));
#4051=DIRECTION('',(-0.939692620785909,6.35274710440726E-16,0.342020143325667));
#4052=DIRECTION('',(0.342020143325667,0.,0.939692620785909));
#4053=DIRECTION('',(0.31389056861423,-0.39714789063478,0.862407249447371));
#4054=DIRECTION('',(0.,-0.908314205475049,-0.418288541717593));
#4055=DIRECTION('',(0.135832578476391,0.917754625683982,0.373196942190192));
#4056=DIRECTION('',(0.,-0.376688161297846,0.926340126054166));
#4057=DIRECTION('',(0.939692620785909,-7.41745197838398E-17,-0.342020143325668));
#4058=DIRECTION('',(-0.342020143325668,0.,-0.939692620785909));
#4059=DIRECTION('',(-0.939692620785908,2.06464280893236E-15,0.342020143325669));
#4060=DIRECTION('',(0.342020143325669,0.,0.939692620785908));
#4061=DIRECTION('',(0.135832578476394,0.917754625683981,0.373196942190192));
#4062=DIRECTION('',(0.,-0.376688161297846,0.926340126054166));
#4063=DIRECTION('',(0.135832578476393,0.917754625683982,0.373196942190189));
#4064=DIRECTION('',(0.,-0.376688161297844,0.926340126054167));
#4065=DIRECTION('',(0.31389056861423,-0.39714789063478,0.862407249447371));
#4066=DIRECTION('',(0.,-0.908314205475049,-0.418288541717593));
#4067=DIRECTION('',(0.31389056861423,-0.39714789063478,0.862407249447371));
#4068=DIRECTION('',(0.,-0.908314205475049,-0.418288541717593));
#4069=DIRECTION('',(0.31389056861423,-0.39714789063478,0.862407249447371));
#4070=DIRECTION('',(0.,-0.908314205475049,-0.418288541717593));
#4071=DIRECTION('',(0.31389056861423,-0.39714789063478,0.862407249447371));
#4072=DIRECTION('',(0.,-0.908314205475049,-0.418288541717593));
#4073=DIRECTION('',(0.31389056861423,-0.39714789063478,0.862407249447371));
#4074=DIRECTION('',(0.,-0.908314205475049,-0.418288541717593));
#4075=DIRECTION('',(0.31389056861423,-0.39714789063478,0.862407249447371));
#4076=DIRECTION('',(0.,-0.908314205475049,-0.418288541717593));
#4077=DIRECTION('',(0.31389056861423,-0.39714789063478,0.862407249447371));
#4078=DIRECTION('',(0.,-0.908314205475049,-0.418288541717593));
#4079=DIRECTION('',(0.31389056861423,-0.39714789063478,0.862407249447371));
#4080=DIRECTION('',(0.,-0.908314205475049,-0.418288541717593));
#4081=DIRECTION('',(0.31389056861423,-0.39714789063478,0.862407249447371));
#4082=DIRECTION('',(0.,-0.908314205475049,-0.418288541717593));
#4083=DIRECTION('',(0.31389056861423,-0.39714789063478,0.862407249447371));
#4084=DIRECTION('',(0.,-0.908314205475049,-0.418288541717593));
#4085=DIRECTION('',(0.31389056861423,-0.39714789063478,0.862407249447371));
#4086=DIRECTION('',(0.,-0.908314205475049,-0.418288541717593));
#4087=DIRECTION('',(0.939692620785909,-5.55111512312578E-17,-0.342020143325668));
#4088=DIRECTION('',(-0.342020143325668,0.,-0.939692620785909));
#4089=DIRECTION('',(-0.135832578476394,-0.917754625683981,-0.373196942190192));
#4090=DIRECTION('',(0.,0.376688161297846,-0.926340126054166));
#4091=DIRECTION('',(0.135832578476393,0.917754625683983,0.373196942190188));
#4092=DIRECTION('',(0.,-0.376688161297842,0.926340126054167));
#4093=DIRECTION('',(0.31389056861423,-0.39714789063478,0.862407249447371));
#4094=DIRECTION('',(0.,-0.908314205475049,-0.418288541717593));
#4095=DIRECTION('',(-0.939692620785905,2.21552055266198E-14,0.342020143325678));
#4096=DIRECTION('',(0.342020143325678,0.,0.939692620785905));
#4097=DIRECTION('',(0.939692620785909,-7.41745197838398E-17,-0.342020143325668));
#4098=DIRECTION('',(-0.342020143325668,0.,-0.939692620785909));
#4099=DIRECTION('',(-0.939692620785912,-2.34125200577008E-14,0.342020143325659));
#4100=DIRECTION('',(0.342020143325659,0.,0.939692620785912));
#4101=DIRECTION('',(0.31389056861423,-0.39714789063478,0.862407249447371));
#4102=DIRECTION('',(0.,-0.908314205475049,-0.418288541717593));
#4103=DIRECTION('',(-0.135832578476396,-0.917754625683983,-0.373196942190186));
#4104=DIRECTION('',(0.,0.37668816129784,-0.926340126054168));
#4105=DIRECTION('',(0.135832578476394,0.917754625683981,0.373196942190192));
#4106=DIRECTION('',(0.,-0.376688161297846,0.926340126054166));
#4107=DIRECTION('',(0.939692620785909,-5.55111512312578E-17,-0.342020143325668));
#4108=DIRECTION('',(-0.342020143325668,0.,-0.939692620785909));
#4109=DIRECTION('',(0.,1.,0.));
#4110=DIRECTION('',(1.,0.,0.));
#4111=DIRECTION('',(-0.135832578476394,-0.917754625683981,-0.373196942190192));
#4112=DIRECTION('',(0.,0.376688161297846,-0.926340126054166));
#4113=DIRECTION('',(0.31389056861423,-0.39714789063478,0.862407249447371));
#4114=DIRECTION('',(0.,-0.908314205475049,-0.418288541717593));
#4115=DIRECTION('',(0.939692620785908,-2.59403840096634E-15,-0.34202014332567));
#4116=DIRECTION('',(-0.34202014332567,0.,-0.939692620785908));
#4117=DIRECTION('',(-0.939692620785909,6.3641112940547E-17,0.342020143325668));
#4118=DIRECTION('',(0.342020143325668,0.,0.939692620785909));
#4119=DIRECTION('',(0.939692620785909,1.41613320869079E-15,-0.342020143325666));
#4120=DIRECTION('',(-0.342020143325666,0.,-0.939692620785909));
#4121=DIRECTION('',(0.31389056861423,-0.39714789063478,0.862407249447371));
#4122=DIRECTION('',(0.,-0.908314205475049,-0.418288541717593));
#4123=DIRECTION('',(0.135832578476394,0.917754625683981,0.373196942190192));
#4124=DIRECTION('',(0.,-0.376688161297846,0.926340126054166));
#4125=DIRECTION('',(0.,1.,0.));
#4126=DIRECTION('',(1.,0.,0.));
#4127=DIRECTION('',(0.587785252292473,0.809016994374948,-6.68149207395471E-15));
#4128=DIRECTION('',(0.809016994374948,-0.587785252292473,0.));
#4129=DIRECTION('',(-0.587785252292477,0.809016994374945,2.03928975196942E-15));
#4130=DIRECTION('',(0.809016994374945,0.587785252292477,0.));
#4131=CARTESIAN_POINT('',(0.,0.,0.));
#4132=CARTESIAN_POINT('',(-0.0144351260629389,0.0210211306476718,0.000979423055479614));
#4133=CARTESIAN_POINT('',(-0.0143254055203651,0.0210990432556433,0.000876567848617172));
#4134=CARTESIAN_POINT('',(-0.0142125015806078,0.0211721837058483,0.000773653610275748));
#4135=CARTESIAN_POINT('',(-0.0143568005012015,0.0210747452382168,0.000986282537372235));
#4136=CARTESIAN_POINT('',(-0.0142829852812234,0.0211256825256596,0.000917691286260743));
#4137=CARTESIAN_POINT('',(-0.014208097315161,0.0211750368388594,0.000849107911097868));
#4138=CARTESIAN_POINT('',(-0.0142777986169168,0.0211282603236693,0.00099317691174871));
#4139=CARTESIAN_POINT('',(-0.0142407466463688,0.0211530994788446,0.000959061470347662));
#4140=CARTESIAN_POINT('',(-0.0142036946755266,0.0211779386342119,0.000924946029235864));
#4141=CARTESIAN_POINT('',(-0.0141993602940655,0.0211808443467043,0.001));
#4142=CARTESIAN_POINT('',(-0.0141993602940655,0.0211808443467043,0.001));
#4143=CARTESIAN_POINT('',(-0.0141993602940655,0.0211808443467043,0.001));
#4144=CARTESIAN_POINT('',(-0.00877553786012303,0.0127793638279925,0.000773653610275859));
#4145=CARTESIAN_POINT('',(-0.0142125015806078,0.0211721837058483,0.000773653610275858));
#4146=CARTESIAN_POINT('',(-0.0144351260629391,0.0210211306476717,0.000979423055479603));
#4147=CARTESIAN_POINT('',(-0.0142125015806078,0.0211721837058483,0.000773653610275858));
#4148=CARTESIAN_POINT('',(-0.0142080976403351,0.0211750366282079,0.000849102340096004));
#4149=CARTESIAN_POINT('',(-0.0142037174795433,0.0211779233466982,0.000924551169720327));
#4150=CARTESIAN_POINT('',(-0.0141993602940655,0.0211808443467044,0.001));
#4151=CARTESIAN_POINT('',(-0.0141993602940655,0.0211808443467043,0.001));
#4152=CARTESIAN_POINT('',(-0.0144351260629391,0.0210211306476717,0.000979423055479603));
#4153=CARTESIAN_POINT('',(-0.0143567952733466,0.0210747488167327,0.000986282995225634));
#4154=CARTESIAN_POINT('',(-0.0142782057517212,0.0211279873858354,0.000993141490243321));
#4155=CARTESIAN_POINT('',(-0.0141993602940657,0.0211808443467042,0.001));
#4156=CARTESIAN_POINT('',(0.0142098739589978,0.0211738917602089,0.000818718628536932));
#4157=CARTESIAN_POINT('',(0.0143001154763931,0.0211150299640026,0.000901134414141871));
#4158=CARTESIAN_POINT('',(0.0143883136214941,0.0210531080194414,0.000983519875321539));
#4159=CARTESIAN_POINT('',(0.0142063537238547,0.0211761879024899,0.000879157179080568));
#4160=CARTESIAN_POINT('',(0.0142662643366532,0.0211365694245847,0.000934083709013086));
#4161=CARTESIAN_POINT('',(0.0143254880562406,0.0210959351696983,0.000989014289007172));
#4162=CARTESIAN_POINT('',(0.0142028376342086,0.0211785131834726,0.000939786521224864));
#4163=CARTESIAN_POINT('',(0.0142325632840473,0.0211585854976305,0.000967156284188472));
#4164=CARTESIAN_POINT('',(0.0142622889336506,0.021138657811944,0.000994526047384078));
#4165=CARTESIAN_POINT('',(0.0141993602940655,0.0211808443467043,0.001));
#4166=CARTESIAN_POINT('',(0.0141993602940655,0.0211808443467043,0.001));
#4167=CARTESIAN_POINT('',(0.0141993602940655,0.0211808443467043,0.001));
#4168=CARTESIAN_POINT('',(0.00874663402241264,0.012798152425959,0.000818718628536825));
#4169=CARTESIAN_POINT('',(0.0143883136214936,0.0210531080194417,0.000983519875321523));
#4170=CARTESIAN_POINT('',(0.0142098739589978,0.0211738917602089,0.000818718628536827));
#4171=CARTESIAN_POINT('',(0.0143883136214936,0.0210531080194417,0.000983519875321523));
#4172=CARTESIAN_POINT('',(0.0143254943156112,0.0210959309027884,0.000989013741607287));
#4173=CARTESIAN_POINT('',(0.0142625093921333,0.0211385100194683,0.000994506865479905));
#4174=CARTESIAN_POINT('',(0.0141993602940652,0.0211808443467045,0.001));
#4175=CARTESIAN_POINT('',(0.0141993602940655,0.0211808443467043,0.001));
#4176=CARTESIAN_POINT('',(0.0142098739589978,0.0211738917602089,0.000818718628536827));
#4177=CARTESIAN_POINT('',(0.014206354391404,0.0211761874670678,0.000879145717936262));
#4178=CARTESIAN_POINT('',(0.0142028499739078,0.0211785049111001,0.000939572858785208));
#4179=CARTESIAN_POINT('',(0.0141993602940655,0.0211808443467044,0.001));
#4180=CARTESIAN_POINT('',(0.0173231894481912,0.0786553947514399,-0.0333007984611764));
#4181=CARTESIAN_POINT('',(0.0174804950204133,0.0618587185463732,-0.0310948388729894));
#4182=CARTESIAN_POINT('',(0.0175937741953236,0.0450627209876477,-0.0288775212535718));
#4183=CARTESIAN_POINT('',(0.0175913977752717,0.0282606883560662,-0.0266912309471587));
#4184=CARTESIAN_POINT('',(0.0149224215486134,0.0786622740855094,-0.0324405970155227));
#4185=CARTESIAN_POINT('',(0.0152639195555551,0.0622306050276478,-0.0305119769533769));
#4186=CARTESIAN_POINT('',(0.0155552727564624,0.0457985607191642,-0.0285734469630784));
#4187=CARTESIAN_POINT('',(0.0157377389746137,0.0293584857113662,-0.0266748341481121));
#4188=CARTESIAN_POINT('',(0.0125193934963278,0.0786601149478925,-0.031580401784978));
#4189=CARTESIAN_POINT('',(0.0130162384667341,0.0625322909206915,-0.0299296784529362));
#4190=CARTESIAN_POINT('',(0.0134581266553177,0.0464029998088683,-0.0282713786813032));
#4191=CARTESIAN_POINT('',(0.0137991748267828,0.0302646912728484,-0.0266603192074869));
#4192=CARTESIAN_POINT('',(0.0101141052913343,0.0786489173385892,-0.0307202127695424));
#4193=CARTESIAN_POINT('',(0.0107374517539503,0.0627637762255044,-0.0293479433716673));
#4194=CARTESIAN_POINT('',(0.0113023358918893,0.0468760382567601,-0.0279713164082461));
#4195=CARTESIAN_POINT('',(0.0117757053317791,0.0309793050405127,-0.0266476861252833));
#4196=CARTESIAN_POINT('',(0.0171620528904406,0.0304853616869776,-0.0269382463861337));
#4197=CARTESIAN_POINT('',(0.0170407351859484,0.0461220071483926,-0.0289152511456808));
#4198=CARTESIAN_POINT('',(0.0170844923486516,0.06175372780139,-0.0309422739035789));
#4199=CARTESIAN_POINT('',(0.0172925744191529,0.0773633893182681,-0.0331159017600736));
#4200=CARTESIAN_POINT('',(0.0171620528904407,0.0304853616869777,-0.0269382463861337));
#4201=CARTESIAN_POINT('',(0.0172925744191529,0.077363389318268,-0.0331159017600736));
#4202=CARTESIAN_POINT('',(0.0172925744191529,0.077363389318268,-0.0331159017600736));
#4203=CARTESIAN_POINT('',(0.0152259068780758,0.0773727496649941,-0.0323867149723817));
#4204=CARTESIAN_POINT('',(0.0131581750227802,0.0773835020795727,-0.0316605641371274));
#4205=CARTESIAN_POINT('',(0.0110897116356419,0.077395220174261,-0.0309365218173569));
#4206=CARTESIAN_POINT('',(0.0110897116356419,0.0773952201742611,-0.0309365218173569));
#4207=CARTESIAN_POINT('',(0.0101251788143641,0.0783663746443567,-0.0306957805245323));
#4208=CARTESIAN_POINT('',(0.010164907562017,0.0781149713231224,-0.0306846670452551));
#4209=CARTESIAN_POINT('',(0.010381596581733,0.0776352666908607,-0.030713231264462));
#4210=CARTESIAN_POINT('',(0.0108481615282744,0.077396588584767,-0.0308519699218936));
#4211=CARTESIAN_POINT('',(0.0110897116356419,0.0773952201742611,-0.030936521817357));
#4212=CARTESIAN_POINT('',(0.0101251787893296,0.0783663767576254,-0.0306957788506959));
#4213=CARTESIAN_POINT('',(0.0101251787379051,0.0783663765962767,-0.0306957806933177));
#4214=CARTESIAN_POINT('',(0.010738675985532,0.0627044291083626,-0.0293414683526281));
#4215=CARTESIAN_POINT('',(0.0112949825948545,0.0470398173971432,-0.0279843959512801));
#4216=CARTESIAN_POINT('',(0.0117641332486791,0.0313664656744639,-0.026679897441778));
#4217=CARTESIAN_POINT('',(0.0117641332486791,0.0313664656744639,-0.0266798974417779));
#4218=CARTESIAN_POINT('',(0.015697684121044,0.0295944709909794,-0.0267093837007341));
#4219=CARTESIAN_POINT('',(0.0144263474820398,0.0302688213105604,-0.0266998972857341));
#4220=CARTESIAN_POINT('',(0.0131125507851914,0.0308607356461266,-0.0266901327890711));
#4221=CARTESIAN_POINT('',(0.0117641332486791,0.0313664656744639,-0.0266798974417779));
#4222=CARTESIAN_POINT('',(0.0156976841210439,0.0295944709909794,-0.0267093837007341));
#4223=CARTESIAN_POINT('',(0.0156976841210438,0.0295944709909795,-0.0267093837007341));
#4224=CARTESIAN_POINT('',(0.016006410186128,0.0294307145835377,-0.0267116873420238));
#4225=CARTESIAN_POINT('',(0.0167870105970606,0.0294657695829836,-0.0267728713039634));
#4226=CARTESIAN_POINT('',(0.0171647421493773,0.0301387429578957,-0.0268944219687525));
#4227=CARTESIAN_POINT('',(0.0171620528904407,0.0304853616869777,-0.0269382463861337));
#4228=CARTESIAN_POINT('',(0.00960440505836903,0.0797780911164942,-0.0320935636992184));
#4229=CARTESIAN_POINT('',(0.00991945662646753,0.0797799040094429,-0.0322084158753617));
#4230=CARTESIAN_POINT('',(0.010234507710488,0.0797816862585165,-0.0323232693439836));
#4231=CARTESIAN_POINT('',(0.0105495584645624,0.0797834373805308,-0.0324381236877568));
#4232=CARTESIAN_POINT('',(0.00921347045539254,0.0796697976849701,-0.0331676476933798));
#4233=CARTESIAN_POINT('',(0.00952858071423019,0.0796697976849701,-0.0332823384481086));
#4234=CARTESIAN_POINT('',(0.00984369097306784,0.0796697976849701,-0.0333970292028374));
#4235=CARTESIAN_POINT('',(0.0101588012319055,0.0796697976849701,-0.0335117199575663));
#4236=CARTESIAN_POINT('',(0.0101531630761784,0.0796697976849701,-0.0335096678367055));
#4237=CARTESIAN_POINT('',(0.00988684489867767,0.0796697976849701,-0.0334127359472512));
#4238=CARTESIAN_POINT('',(0.00948430224767851,0.07969838386723,-0.0329555086706304));
#4239=CARTESIAN_POINT('',(0.0095058886382763,0.0797508009224002,-0.0323642353388687));
#4240=CARTESIAN_POINT('',(0.00960207344045863,0.0797774452312167,-0.032099969766778));
#4241=CARTESIAN_POINT('',(0.0101531630761784,0.0796697976849701,-0.0335096678367054));
#4242=CARTESIAN_POINT('',(0.00960207344045862,0.0797774452312168,-0.032099969766778));
#4243=CARTESIAN_POINT('',(-0.0034723799252172,0.0796697976849701,-0.0285503757584833));
#4244=CARTESIAN_POINT('',(0.00921347045539253,0.0796697976849701,-0.0331676476933798));
#4245=CARTESIAN_POINT('',(0.00921347045539254,0.0796697976849701,-0.0331676476933798));
#4246=CARTESIAN_POINT('',(0.0093430047837479,0.0797056802003856,-0.0328117550511792));
#4247=CARTESIAN_POINT('',(0.00947253911210327,0.0797415627158012,-0.0324558624089786));
#4248=CARTESIAN_POINT('',(0.00960207344045863,0.0797774452312167,-0.032099969766778));
#4249=CARTESIAN_POINT('',(0.0186282804913952,0.0797476115751473,-0.035974907848777));
#4250=CARTESIAN_POINT('',(0.0182070230913717,0.0798231339277679,-0.0352108751668428));
#4251=CARTESIAN_POINT('',(0.0191470955905605,0.0798257005812564,-0.0355518516028346));
#4252=CARTESIAN_POINT('',(0.0181317943608194,0.0796776030245636,-0.0363495545595864));
#4253=CARTESIAN_POINT('',(0.0190821802678329,0.0797997323640771,-0.0357301529519621));
#4254=CARTESIAN_POINT('',(0.0190171519933644,0.0797745095835016,-0.0359088687019335));
#4255=CARTESIAN_POINT('',(0.0190171613214124,0.0797743129027227,-0.0359088441175082));
#4256=CARTESIAN_POINT('',(0.0189285502603784,0.0797396792145388,-0.0361522995765021));
#4257=CARTESIAN_POINT('',(0.0188399391993444,0.0797050455263549,-0.036395755035496));
#4258=CARTESIAN_POINT('',(0.0187513281383105,0.079670411838171,-0.0366392104944899));
#4259=CARTESIAN_POINT('',(0.018749412249034,0.0796701364456395,-0.0366384739867056));
#4260=CARTESIAN_POINT('',(0.0181317567929738,0.0796777729814826,-0.0363496393642425));
#4261=CARTESIAN_POINT('',(0.0183375536031031,0.0796751295414241,-0.0364461035689272));
#4262=CARTESIAN_POINT('',(0.018543468685438,0.0796724783912577,-0.0365423148415374));
#4263=CARTESIAN_POINT('',(0.0187494949402902,0.0796698216138729,-0.0366382877570005));
#4264=CARTESIAN_POINT('',(-0.0171035610823376,0.0796697976849701,-0.0235890315594011));
#4265=CARTESIAN_POINT('',(-0.0167884508235007,0.0796697976849701,-0.0237037223141297));
#4266=CARTESIAN_POINT('',(-0.0164733405646639,0.0796697976849701,-0.0238184130688582));
#4267=CARTESIAN_POINT('',(-0.016158230305827,0.0796697976849701,-0.0239331038235868));
#4268=CARTESIAN_POINT('',(-0.0167394257624591,0.0795926775893518,-0.0225885776072243));
#4269=CARTESIAN_POINT('',(-0.0164242733639491,0.0795943779589546,-0.0227031526808384));
#4270=CARTESIAN_POINT('',(-0.016109121671854,0.0795961057142846,-0.0228177297244847));
#4271=CARTESIAN_POINT('',(-0.0157939708276092,0.0795978602807658,-0.022932309132361));
#4272=CARTESIAN_POINT('',(-0.015796143349348,0.0795982893308903,-0.0229382780867818));
#4273=CARTESIAN_POINT('',(-0.0158890287572097,0.0796166332190513,-0.0231934786474784));
#4274=CARTESIAN_POINT('',(-0.0162614687389603,0.0796520631261227,-0.0236301652669288));
#4275=CARTESIAN_POINT('',(-0.0168416716906417,0.0796697976849701,-0.0236843515026485));
#4276=CARTESIAN_POINT('',(-0.0170979229266129,0.0796697976849701,-0.0235910836802611));
#4277=CARTESIAN_POINT('',(-0.015796143349348,0.0795982893308903,-0.0229382780867818));
#4278=CARTESIAN_POINT('',(-0.0170979229266129,0.0796697976849702,-0.0235910836802611));
#4279=CARTESIAN_POINT('',(-0.0157961433493481,0.0795982893308903,-0.0229382780867818));
#4280=CARTESIAN_POINT('',(-0.0159168390015077,0.0796221254489169,-0.0232698866657168));
#4281=CARTESIAN_POINT('',(-0.0160375346536673,0.0796459615669435,-0.0236014952446518));
#4282=CARTESIAN_POINT('',(-0.016158230305827,0.0796697976849701,-0.0239331038235868));
#4283=CARTESIAN_POINT('',(-0.016158230305827,0.0796697976849701,-0.0239331038235868));
#4284=CARTESIAN_POINT('',(-0.0034723799252172,0.0796697976849701,-0.0285503757584833));
#4285=CARTESIAN_POINT('',(-0.0246767454108291,0.101905970967581,-0.0182476013146554));
#4286=CARTESIAN_POINT('',(-0.0247564134319279,0.0796698271165956,-0.0208036075433334));
#4287=CARTESIAN_POINT('',(-0.0248405188353341,0.0796698218070522,-0.0207729981248399));
#4288=CARTESIAN_POINT('',(-0.024918838494618,0.0796684804038289,-0.0207314091518021));
#4289=CARTESIAN_POINT('',(-0.0249913119651277,0.0796658625438256,-0.0206790061098524));
#4290=CARTESIAN_POINT('',(-0.024756417786018,0.0796697976849701,-0.0208036195121569));
#4291=CARTESIAN_POINT('',(-0.0249915819130663,0.0796646273616529,-0.0206794411532592));
#4292=CARTESIAN_POINT('',(-0.0034723799252172,0.0796697976849701,-0.0285503757584833));
#4293=CARTESIAN_POINT('',(-0.025696114562736,0.0796696279187027,-0.0204616123751484));
#4294=CARTESIAN_POINT('',(-0.0249915495212692,0.0796659065419427,-0.0206793587020049));
#4295=CARTESIAN_POINT('',(-0.0252264194771518,0.0796671788318264,-0.0206068255777135));
#4296=CARTESIAN_POINT('',(-0.0254612896414615,0.0796684821330324,-0.0205342936850649));
#4297=CARTESIAN_POINT('',(-0.025696160037466,0.0796698164868413,-0.0204617631011788));
#4298=CARTESIAN_POINT('',(-0.015568364128696,0.0688197720971425,0.000990670795123962));
#4299=CARTESIAN_POINT('',(-0.0166008501467012,0.0693129508919739,0.00160605431165498));
#4300=CARTESIAN_POINT('',(-0.0161336863197702,0.0692975775995366,0.00142826974963204));
#4301=CARTESIAN_POINT('',(-0.0156666582243531,0.0692823822993291,0.00125011348806001));
#4302=CARTESIAN_POINT('',(-0.0151997669624905,0.069267367572842,0.00107158383327766));
#4303=CARTESIAN_POINT('',(-0.0166007578535679,0.0693128417571319,0.00160630626744278));
#4304=CARTESIAN_POINT('',(-0.0151997644237912,0.0692673790926723,0.0010715895036539));
#4305=CARTESIAN_POINT('',(-0.0166006696732294,0.0693127122899395,0.00160655011720701));
#4306=CARTESIAN_POINT('',(-0.0161333266901771,0.0692970994441624,0.00142926147955697));
#4307=CARTESIAN_POINT('',(-0.0156659844604161,0.0692814826337938,0.00125197120532809));
#4308=CARTESIAN_POINT('',(-0.0151986429937722,0.0692658618719044,0.00107467926768183));
#4309=CARTESIAN_POINT('',(-0.015198642993714,0.0692658618722059,0.00107467926780876));
#4310=CARTESIAN_POINT('',(-0.0151997644238657,0.0692673790926723,0.00107158950368096));
#4311=CARTESIAN_POINT('',(-0.0151993906131701,0.069266873353446,0.00107261942525001));
#4312=CARTESIAN_POINT('',(-0.0151990168031195,0.0692663676132906,0.00107364934662593));
#4313=CARTESIAN_POINT('',(-0.015198642993714,0.0692658618722059,0.00107467926780876));
#4314=CARTESIAN_POINT('',(-0.0226390703304873,0.079147259716501,-0.019290217177498));
#4315=CARTESIAN_POINT('',(-0.0208766041444865,0.0627352864893059,-0.0213185832408078));
#4316=CARTESIAN_POINT('',(-0.0191583520902227,0.0463201219986362,-0.0233567642160398));
#4317=CARTESIAN_POINT('',(-0.017466457662315,0.0299064768242889,-0.0254254947211113));
#4318=CARTESIAN_POINT('',(-0.0201429808608591,0.0758859878957589,-0.0124927433560829));
#4319=CARTESIAN_POINT('',(-0.0191618658138008,0.0604749663114165,-0.0139536790038576));
#4320=CARTESIAN_POINT('',(-0.0182317689128058,0.0450612569398065,-0.0154245915237647));
#4321=CARTESIAN_POINT('',(-0.0173312389201274,0.0296496629270105,-0.016930580746345));
#4322=CARTESIAN_POINT('',(-0.017662838415268,0.0725921886143273,-0.00570444454098064));
#4323=CARTESIAN_POINT('',(-0.0174587560500081,0.0581826059158712,-0.00659551599271384));
#4324=CARTESIAN_POINT('',(-0.0173148753858547,0.0437727021299535,-0.00749506090776232));
#4325=CARTESIAN_POINT('',(-0.0172051445944599,0.0293658568633074,-0.00843602804007866));
#4326=CARTESIAN_POINT('',(-0.015198642993714,0.0692658618722059,0.00107467926780876));
#4327=CARTESIAN_POINT('',(-0.0157672748531082,0.0558582053026702,0.000755905792623448));
#4328=CARTESIAN_POINT('',(-0.0164076715093695,0.0424544575690773,0.000431827631967246));
#4329=CARTESIAN_POINT('',(-0.0170881746853124,0.0290550586331794,5.81633976878253E-5));
#4330=CARTESIAN_POINT('',(-0.017494094868268,0.0301952073529721,-0.0252366762810127));
#4331=CARTESIAN_POINT('',(-0.0190918511748932,0.0458512139044551,-0.0229331823703237));
#4332=CARTESIAN_POINT('',(-0.0206293338627753,0.0615109968868344,-0.0206134458368198));
#4333=CARTESIAN_POINT('',(-0.0220872739258151,0.0771859681610368,-0.0183465003921826));
#4334=CARTESIAN_POINT('',(-0.017494094868268,0.0301952073529721,-0.0252366762810127));
#4335=CARTESIAN_POINT('',(-0.0220872739258151,0.0771859681610368,-0.0183465003921826));
#4336=CARTESIAN_POINT('',(-0.022087273925815,0.077185968161012,-0.018346500392194));
#4337=CARTESIAN_POINT('',(-0.0199412752517965,0.0743984204790413,-0.0122725271360329));
#4338=CARTESIAN_POINT('',(-0.0177990491856156,0.0716108868638273,-0.0061972153554552));
#4339=CARTESIAN_POINT('',(-0.0156548370320221,0.0688233457934167,-0.000122608117984704));
#4340=CARTESIAN_POINT('',(-0.0156548370320221,0.0688233457934167,-0.000122608117984703));
#4341=CARTESIAN_POINT('',(-0.0151997644238657,0.0692673790926723,0.00107158950368095));
#4342=CARTESIAN_POINT('',(-0.0152481764125441,0.0690474685069731,0.000963326852267588));
#4343=CARTESIAN_POINT('',(-0.0153987493323445,0.0687074487769408,0.000589796209325893));
#4344=CARTESIAN_POINT('',(-0.0155785120500666,0.0687241209935092,9.36224854142217E-5));
#4345=CARTESIAN_POINT('',(-0.0156548370320221,0.0688233457934166,-0.000122608117984704));
#4346=CARTESIAN_POINT('',(-0.015198642993714,0.0692658618722059,0.00107467926780876));
#4347=CARTESIAN_POINT('',(-0.0157461554561471,0.0563767313698589,0.000767067182323789));
#4348=CARTESIAN_POINT('',(-0.0163586058707151,0.0434910749720691,0.000456009787804735));
#4349=CARTESIAN_POINT('',(-0.0170094644450332,0.0306094112611373,0.000101170218561696));
#4350=CARTESIAN_POINT('',(-0.0170094651528482,0.0306094116364624,0.000101157891515141));
#4351=CARTESIAN_POINT('',(-0.0170094644450197,0.030609411261405,0.000101170218569071));
#4352=CARTESIAN_POINT('',(-0.0172467784598809,0.0304235784351351,-0.00834222830361883));
#4353=CARTESIAN_POINT('',(-0.0173864802842649,0.030297017800964,-0.0167892238983937));
#4354=CARTESIAN_POINT('',(-0.017494094868268,0.0301952073529721,-0.0252366762810127));
#4355=CARTESIAN_POINT('',(-0.0254502621430785,0.0793587398542559,-0.0197861368156334));
#4356=CARTESIAN_POINT('',(-0.0196908059517979,0.0271020693115607,-0.0272535099635342));
#4357=CARTESIAN_POINT('',(-0.0228118266363303,0.0760204774123259,-0.0125370948381555));
#4358=CARTESIAN_POINT('',(-0.0196908059517979,0.0271020693115607,-0.0181690066423562));
#4359=CARTESIAN_POINT('',(-0.0201733911295821,0.0726822149703959,-0.00528805286067751));
#4360=CARTESIAN_POINT('',(-0.0196908059517979,0.0271020693115607,-0.00908450332117807));
#4361=CARTESIAN_POINT('',(-0.0175349556228339,0.0693439525284659,0.00196098911680041));
#4362=CARTESIAN_POINT('',(-0.0196908059517979,0.0271020693115607,0.));
#4363=CARTESIAN_POINT('',(-0.0222526062862075,0.0751343485340852,-0.0110495599125888));
#4364=CARTESIAN_POINT('',(-0.0222496244998689,0.0751901022370108,-0.0110249763993657));
#4365=CARTESIAN_POINT('',(-0.0222466172514177,0.0752458237241731,-0.0110004105991863));
#4366=CARTESIAN_POINT('',(-0.0222435845408539,0.0753015129955719,-0.0109758625120506));
#4367=CARTESIAN_POINT('',(-0.0222526062862077,0.0751343485340852,-0.0110495599125887));
#4368=CARTESIAN_POINT('',(-0.0222435845408546,0.0753015129955727,-0.0109758625120524));
#4369=CARTESIAN_POINT('',(-0.0253306495445291,0.0789296595623058,-0.0195995577958079));
#4370=CARTESIAN_POINT('',(-0.0243066507555888,0.0776605035412489,-0.0167506327196142));
#4371=CARTESIAN_POINT('',(-0.0232811047832312,0.0763951158911898,-0.0139005884740203));
#4372=CARTESIAN_POINT('',(-0.0222526062862077,0.0751343485340852,-0.0110495599125887));
#4373=CARTESIAN_POINT('',(-0.0253306495445279,0.0789296595623718,-0.0195995577957884));
#4374=CARTESIAN_POINT('',(-0.0253306495445279,0.0789296595623719,-0.0195995577957885));
#4375=CARTESIAN_POINT('',(-0.0234583127477703,0.0616507633596571,-0.0220814055014089));
#4376=CARTESIAN_POINT('',(-0.0215810935872318,0.0443749954020534,-0.0245813221570219));
#4377=CARTESIAN_POINT('',(-0.0196908059517979,0.0271020693115607,-0.0270909641784635));
#4378=CARTESIAN_POINT('',(-0.0196908059517979,0.0271020693115607,-0.0270909667959228));
#4379=CARTESIAN_POINT('',(-0.0196908059517979,0.0271020693115607,-0.0291));
#4380=CARTESIAN_POINT('',(-0.0196908059517975,0.027102069311561,-0.00972123723027667));
#4381=CARTESIAN_POINT('',(-0.0196908059517979,0.0271020693115607,0.));
#4382=CARTESIAN_POINT('',(-0.0196908059517979,0.0271020693115607,-0.00324041241009222));
#4383=CARTESIAN_POINT('',(-0.0196908059517979,0.0271020693115607,-0.00648082482018445));
#4384=CARTESIAN_POINT('',(-0.0196908059517979,0.0271020693115607,-0.00972123723027667));
#4385=CARTESIAN_POINT('',(-0.0196908059517979,0.0271020693115607,0.));
#4386=CARTESIAN_POINT('',(-0.0186128807873159,0.0482230109200133,0.000980494558400203));
#4387=CARTESIAN_POINT('',(-0.0175349556228339,0.0693439525284659,0.00196098911680041));
#4388=CARTESIAN_POINT('',(-0.0249113839852684,0.0786769279583832,-0.0183055812452128));
#4389=CARTESIAN_POINT('',(-0.0178488461914482,0.0697411004191006,0.00109858186735305));
#4390=CARTESIAN_POINT('',(-0.0249113839852684,0.0786769279583832,-0.0183055812452128));
#4391=CARTESIAN_POINT('',(0.0168718142070676,0.0792376199470051,-0.0345057985949687));
#4392=CARTESIAN_POINT('',(0.0168821315001656,0.0710027983129649,-0.0332782790233905));
#4393=CARTESIAN_POINT('',(0.0169529031788016,0.0545364792037827,-0.0308065004928659));
#4394=CARTESIAN_POINT('',(0.0170888585028254,0.0380806823633376,-0.0282765225366741));
#4395=CARTESIAN_POINT('',(0.0171648863021476,0.0298554354615033,-0.0269964009757704));
#4396=CARTESIAN_POINT('',(0.0194780516731166,0.0761489723742608,-0.0273767842333042));
#4397=CARTESIAN_POINT('',(0.019070268043362,0.0684213748521117,-0.0258780105583541));
#4398=CARTESIAN_POINT('',(0.0183129412708183,0.0529675561226967,-0.0228655179153404));
#4399=CARTESIAN_POINT('',(0.0176323191243086,0.0375245536707741,-0.0197896453250777));
#4400=CARTESIAN_POINT('',(0.0173013343763846,0.029806311619037,-0.018234677448486));
#4401=CARTESIAN_POINT('',(0.0221083009580877,0.0730972115065754,-0.0202395227313051));
#4402=CARTESIAN_POINT('',(0.0212773083075093,0.0658755826102899,-0.018469918875679));
#4403=CARTESIAN_POINT('',(0.0196845400627757,0.0514297329033793,-0.0149200633970056));
#4404=CARTESIAN_POINT('',(0.0181845121696968,0.0369947050658074,-0.0113013449492804));
#4405=CARTESIAN_POINT('',(0.0174455250527114,0.0297813487252623,-0.0094725968812326));
#4406=CARTESIAN_POINT('',(0.0247958889590319,0.0700790078206817,-0.0131076773690697));
#4407=CARTESIAN_POINT('',(0.0235364473528167,0.0633677134473088,-0.0110622555084848));
#4408=CARTESIAN_POINT('',(0.0210941382249139,0.049931948709526,-0.00697166386336723));
#4409=CARTESIAN_POINT('',(0.0187649427671093,0.036500063460013,-0.00281208579959724));
#4410=CARTESIAN_POINT('',(0.0176144172972214,0.0297891333528811,-0.00071025460507151));
#4411=CARTESIAN_POINT('',(0.0172925744191529,0.0773633893182681,-0.0331159017600736));
#4412=CARTESIAN_POINT('',(0.0194722170203229,0.0745164784035875,-0.0269081896266667));
#4413=CARTESIAN_POINT('',(0.0216267166682875,0.0716696429512665,-0.0206915117814426));
#4414=CARTESIAN_POINT('',(0.0237190652359201,0.0688233457934166,-0.0144535365504221));
#4415=CARTESIAN_POINT('',(0.0237190652359201,0.0688233457934167,-0.0144535365504221));
#4416=CARTESIAN_POINT('',(0.0171620528904407,0.0304853616869777,-0.0269382463861337));
#4417=CARTESIAN_POINT('',(0.0173294358270349,0.0303469355483464,-0.0182204681664238));
#4418=CARTESIAN_POINT('',(0.0174998712569493,0.0301937094773109,-0.00950298650037763));
#4419=CARTESIAN_POINT('',(0.0176555892697981,0.0300292947819038,-0.000785442871892404));
#4420=CARTESIAN_POINT('',(0.0176555831391755,0.0300293014426604,-0.000785424948284916));
#4421=CARTESIAN_POINT('',(0.0247958889590319,0.0700790078206817,-0.0131076773690697));
#4422=CARTESIAN_POINT('',(0.0222935442415151,0.0567367019036721,-0.00903978620602125));
#4423=CARTESIAN_POINT('',(0.0199432732815205,0.0433716968772107,-0.00496209113856727));
#4424=CARTESIAN_POINT('',(0.0176555892696266,0.030029294780904,-0.0007854428715794));
#4425=CARTESIAN_POINT('',(0.0247958889590319,0.0700790078206817,-0.0131076773690697));
#4426=CARTESIAN_POINT('',(0.0247958889590319,0.0700790078206817,-0.0131076773690697));
#4427=CARTESIAN_POINT('',(0.0246750828728714,0.0698346027792592,-0.0131762587215831));
#4428=CARTESIAN_POINT('',(0.0245561023469744,0.0695895803702961,-0.0132457888281407));
#4429=CARTESIAN_POINT('',(0.024438912090426,0.0693439525284658,-0.0133162493478534));
#4430=CARTESIAN_POINT('',(0.024438912090426,0.0693439525284658,-0.0133162493478534));
#4431=CARTESIAN_POINT('',(0.024438912090426,0.0693439525284658,-0.0133162493478534));
#4432=CARTESIAN_POINT('',(0.024326426980449,0.0691081865559739,-0.0133838809030898));
#4433=CARTESIAN_POINT('',(0.0240460896594725,0.0687199629518431,-0.0136961673609962));
#4434=CARTESIAN_POINT('',(0.0237979347129324,0.0687160568016426,-0.0142184008509038));
#4435=CARTESIAN_POINT('',(0.0237190652359201,0.0688233457934167,-0.0144535365504221));
#4436=CARTESIAN_POINT('',(-0.0215162906593117,0.077901306797101,-0.0194933940146821));
#4437=CARTESIAN_POINT('',(-0.0224143384460689,0.0777736865234638,-0.0191858998200464));
#4438=CARTESIAN_POINT('',(-0.0221326851857038,0.0776744730898383,-0.0182758681849967));
#4439=CARTESIAN_POINT('',(-0.019909531546622,0.0615884103231156,-0.0217720739519046));
#4440=CARTESIAN_POINT('',(-0.0208224331589019,0.0617797714852629,-0.0214905954288829));
#4441=CARTESIAN_POINT('',(-0.0206168708423014,0.061359370134326,-0.020634297314184));
#4442=CARTESIAN_POINT('',(-0.018219525348503,0.0452927123439555,-0.0241168469722659));
#4443=CARTESIAN_POINT('',(-0.0190833524652144,0.0449427635469311,-0.0239826831285741));
#4444=CARTESIAN_POINT('',(-0.0190145926835995,0.0450611972652696,-0.0230507943147336));
#4445=CARTESIAN_POINT('',(-0.0164406545607129,0.0290016906267859,-0.0264410500720363));
#4446=CARTESIAN_POINT('',(-0.017368044262387,0.0288971703802051,-0.0263731623464982));
#4447=CARTESIAN_POINT('',(-0.0173482447738222,0.0287675775058816,-0.0254466643426296));
#4448=CARTESIAN_POINT('',(-0.0220872739258134,0.0771859681610192,-0.0183465003921852));
#4449=CARTESIAN_POINT('',(-0.0221668747135461,0.0772893657045562,-0.0185718001846366));
#4450=CARTESIAN_POINT('',(-0.0221421160567627,0.0774941222358967,-0.0190843426638431));
#4451=CARTESIAN_POINT('',(-0.0217303536286005,0.0775821248066454,-0.0194506251899174));
#4452=CARTESIAN_POINT('',(-0.021484765247479,0.0775813455428876,-0.0195380957086778));
#4453=CARTESIAN_POINT('',(-0.0214847652474789,0.0775813455428856,-0.019538095708678));
#4454=CARTESIAN_POINT('',(-0.0164722856930834,0.0292914521595499,-0.0263997073085311));
#4455=CARTESIAN_POINT('',(-0.0168002524561312,0.0292777257050686,-0.0263719461262599));
#4456=CARTESIAN_POINT('',(-0.017322059698856,0.0295713032586243,-0.025969030071816));
#4457=CARTESIAN_POINT('',(-0.0174754491462779,0.0299834074478812,-0.0254800199313342));
#4458=CARTESIAN_POINT('',(-0.0174940948682681,0.0301952073529722,-0.0252366762810127));
#4459=CARTESIAN_POINT('',(-0.0164722856930834,0.0292914521595498,-0.0263997073085311));
#4460=CARTESIAN_POINT('',(-0.021484765247479,0.0775813455428856,-0.019538095708678));
#4461=CARTESIAN_POINT('',(-0.0198969197473403,0.061471138114062,-0.0217892328011846));
#4462=CARTESIAN_POINT('',(-0.0182278423438974,0.0453780067851619,-0.0241043278404337));
#4463=CARTESIAN_POINT('',(-0.0164722856930833,0.0292914521595498,-0.0263997073085311));
#4464=CARTESIAN_POINT('',(0.0678872143606214,-0.0934387344771103,0.0059));
#4465=CARTESIAN_POINT('',(-0.01386237634829,0.0214111098542661,0.00452713213610793));
#4466=CARTESIAN_POINT('',(-0.0133750180476282,0.0217092723794857,0.00590034843081805));
#4467=CARTESIAN_POINT('',(-0.0138619911119655,0.0214113178389033,0.00727147414061988));
#4468=CARTESIAN_POINT('',(-0.014996157779795,0.0206429239098199,0.0078390824685675));
#4469=CARTESIAN_POINT('',(-0.0160799488028822,0.0197999086963315,0.00727219446395363));
#4470=CARTESIAN_POINT('',(-0.0165131271165519,0.0194293466542628,0.00590029301399961));
#4471=CARTESIAN_POINT('',(-0.0160813387402789,0.0197987320376579,0.00453041467125071));
#4472=CARTESIAN_POINT('',(-0.0149989600777851,0.0206409115702597,0.00396061458523798));
#4473=CARTESIAN_POINT('',(-0.01386237634829,0.0214111098542661,0.00452713213610793));
#4474=CARTESIAN_POINT('',(-0.0133750180476282,0.0217092723794857,0.00590034843081805));
#4475=CARTESIAN_POINT('',(-0.0138619911119655,0.0214113178389033,0.00727147414061988));
#4476=CARTESIAN_POINT('',(-0.0135374066084614,0.0216099195351854,0.0059));
#4477=CARTESIAN_POINT('',(-0.0173396649426279,0.0238660013340609,0.0059));
#4478=CARTESIAN_POINT('',(-0.0159238852024718,0.0248946255255728,0.0059));
#4479=CARTESIAN_POINT('',(-0.0678872143606214,-0.0934387344771102,0.0059));
#4480=CARTESIAN_POINT('',(0.0160794656739684,0.019800300170774,0.00452713213610794));
#4481=CARTESIAN_POINT('',(0.0165136370837474,0.0194289321705379,0.00590034843081804));
#4482=CARTESIAN_POINT('',(0.0160797825236841,0.0197999980600447,0.00727147414061989));
#4483=CARTESIAN_POINT('',(0.0149985196955347,0.0206412078775875,0.00783908246856752));
#4484=CARTESIAN_POINT('',(0.0138618547389256,0.0214114483649123,0.00727219446395359));
#4485=CARTESIAN_POINT('',(0.0133755698336059,0.021708915454376,0.00590029301399963));
#4486=CARTESIAN_POINT('',(0.0138603061557499,0.0214124066664039,0.00453041467125069));
#4487=CARTESIAN_POINT('',(0.0149957398891807,0.020643251174229,0.00396061458523799));
#4488=CARTESIAN_POINT('',(0.0160794656739684,0.019800300170774,0.00452713213610794));
#4489=CARTESIAN_POINT('',(0.0165136370837474,0.0194289321705379,0.00590034843081804));
#4490=CARTESIAN_POINT('',(0.0160797825236841,0.0197999980600447,0.00727147414061989));
#4491=CARTESIAN_POINT('',(0.0163689660887737,0.0195526711521617,0.0059));
#4492=CARTESIAN_POINT('',(0.017339664942628,0.0238660013340609,0.0059));
#4493=CARTESIAN_POINT('',(0.0187554446827842,0.0228373771425491,0.0059));
#4494=CARTESIAN_POINT('',(-3.46944695195361E-18,1.7347234759768E-18,0.01));
#4495=CARTESIAN_POINT('',(-0.0178170052260153,0.0283860854880545,0.0036249735803641));
#4496=CARTESIAN_POINT('',(-0.0169977655607531,0.0288642358917622,0.00590057322303079));
#4497=CARTESIAN_POINT('',(-0.0178163588169099,0.02838640593471,0.00817273352751275));
#4498=CARTESIAN_POINT('',(-0.0197072375647393,0.0271288805829398,0.00911335689433283));
#4499=CARTESIAN_POINT('',(-0.0214918883236749,0.0257160368867747,0.00817383633370889));
#4500=CARTESIAN_POINT('',(-0.0221980552047615,0.0250860976072485,0.00590052869248464));
#4501=CARTESIAN_POINT('',(-0.0214941076735507,0.0257140816530424,0.00363038330254871));
#4502=CARTESIAN_POINT('',(-0.0197118457845178,0.0271255807607918,0.00268616282757511));
#4503=CARTESIAN_POINT('',(-0.0178170052260153,0.0283860854880545,0.0036249735803641));
#4504=CARTESIAN_POINT('',(-0.0169977655607531,0.0288642358917622,0.00590057322303079));
#4505=CARTESIAN_POINT('',(-0.0178163588169099,0.02838640593471,0.00817273352751275));
#4506=CARTESIAN_POINT('',(-0.017270737714323,0.0287049058316355,0.0059));
#4507=CARTESIAN_POINT('',(0.0214910141718196,0.0257167617406556,0.00362497358036411));
#4508=CARTESIAN_POINT('',(0.022198921208067,0.0250853751192134,0.00590057322303079));
#4509=CARTESIAN_POINT('',(0.0214915186860983,0.025716245992526,0.00817273352751275));
#4510=CARTESIAN_POINT('',(0.0197112273385092,0.0271259818426188,0.00911335689433283));
#4511=CARTESIAN_POINT('',(0.0178160457212296,0.0283866928637051,0.00817383633370889));
#4512=CARTESIAN_POINT('',(0.0169987202974454,0.0288636355347564,0.00590052869248465));
#4513=CARTESIAN_POINT('',(0.0178135003666195,0.0283881993904152,0.00363038330254871));
#4514=CARTESIAN_POINT('',(0.0197066650029274,0.0271293448189455,0.00268616282757511));
#4515=CARTESIAN_POINT('',(0.0214910141718196,0.0257167617406556,0.00362497358036411));
#4516=CARTESIAN_POINT('',(0.022198921208067,0.0250853751192134,0.00590057322303079));
#4517=CARTESIAN_POINT('',(0.0214915186860983,0.025716245992526,0.00817273352751275));
#4518=CARTESIAN_POINT('',(0.0219630362816976,0.0252957513683392,0.0059));
#4519=CARTESIAN_POINT('',(-0.00227066240347815,0.0334373984754859,-0.0265750264196359));
#4520=CARTESIAN_POINT('',(-0.00321449097081844,0.0333426932846184,-0.0242994267769692));
#4521=CARTESIAN_POINT('',(-0.00227137371324808,0.0334372777725369,-0.0220272664724873));
#4522=CARTESIAN_POINT('',(-2.4658157972067E-6,0.0335313490339448,-0.0210866431056672));
#4523=CARTESIAN_POINT('',(0.0022717956656061,0.0334373258699467,-0.0220261636662911));
#4524=CARTESIAN_POINT('',(0.00321336569161512,0.0333427687657457,-0.0242994713075153));
#4525=CARTESIAN_POINT('',(0.00227474041492469,0.0334370485537559,-0.0265696166974513));
#4526=CARTESIAN_POINT('',(3.20189911117054E-6,0.0335313880653738,-0.0275138371724249));
#4527=CARTESIAN_POINT('',(-0.00227066240347815,0.0334373984754859,-0.0265750264196359));
#4528=CARTESIAN_POINT('',(-0.00321449097081844,0.0333426932846184,-0.0242994267769692));
#4529=CARTESIAN_POINT('',(-0.00227137371324808,0.0334372777725369,-0.0220272664724873));
#4530=CARTESIAN_POINT('',(-0.0029,0.0333742415644161,-0.0243));
#4531=CARTESIAN_POINT('',(0.0196908059517979,0.0271020693115607,1.7347234759768E-18));
#4532=CARTESIAN_POINT('',(0.0185767422312295,0.0279114839834615,-0.00020239420564001));
#4533=CARTESIAN_POINT('',(0.0174076243931065,0.0286556845435182,-0.000359749274889948));
#4534=CARTESIAN_POINT('',(0.0161934749989042,0.0293261209071344,-0.00047640141724012));
#4535=CARTESIAN_POINT('',(0.0196908059517979,0.0271020693115607,-8.67361737988404E-19));
#4536=CARTESIAN_POINT('',(0.0161934749989042,0.0293261209071344,-0.000476401417240124));
#4537=CARTESIAN_POINT('',(0.0161934749989042,0.0293261209071344,-0.000476401417240124));
#4538=CARTESIAN_POINT('',(0.0160295431659531,0.0294166417791865,-0.00922074315082603));
#4539=CARTESIAN_POINT('',(0.0158605376263704,0.0295080892176611,-0.0179649798889054));
#4540=CARTESIAN_POINT('',(0.0156976841210438,0.0295944709909795,-0.0267093837007341));
#4541=CARTESIAN_POINT('',(0.0117641311753864,0.0313664664520616,-0.0266798958935489));
#4542=CARTESIAN_POINT('',(0.0117442968805506,0.0313739053915601,-0.027153290699193));
#4543=CARTESIAN_POINT('',(0.011723908393459,0.0313815307438408,-0.0276266591769693));
#4544=CARTESIAN_POINT('',(0.0117029597936023,0.0313893410582212,-0.0281));
#4545=CARTESIAN_POINT('',(0.0117029597936022,0.0313893410582212,-0.0281));
#4546=CARTESIAN_POINT('',(-3.46944695195361E-18,1.7347234759768E-18,-0.0281));
#4547=CARTESIAN_POINT('',(-0.0117692576913518,0.0313645432518083,-0.0281));
#4548=CARTESIAN_POINT('',(-0.0117692576913518,0.0313645432518084,-0.0281));
#4549=CARTESIAN_POINT('',(-0.0117489089403872,0.0313721789343011,-0.0275590520494523));
#4550=CARTESIAN_POINT('',(-0.0117278215217499,0.0313800692357748,-0.0270181357602474));
#4551=CARTESIAN_POINT('',(-0.0117059903577445,0.0313882109994245,-0.0264772529883072));
#4552=CARTESIAN_POINT('',(-0.0117059863854898,0.0313882124808458,-0.0264772541947043));
#4553=CARTESIAN_POINT('',(-0.0160361596707236,0.0294124392564619,-0.0264220181217685));
#4554=CARTESIAN_POINT('',(-0.014642202446877,0.0301724483268028,-0.026441677890566));
#4555=CARTESIAN_POINT('',(-0.0131946914853374,0.0308330116505514,-0.0264599138041167));
#4556=CARTESIAN_POINT('',(-0.0117059863854898,0.0313882124808458,-0.0264772541947043));
#4557=CARTESIAN_POINT('',(-0.0160361596707237,0.0294124392564619,-0.0264220181217685));
#4558=CARTESIAN_POINT('',(-0.0160361596707236,0.0294124392564619,-0.0264220181217685));
#4559=CARTESIAN_POINT('',(-0.0159260268677778,0.0294724855245603,-0.0175980462203803));
#4560=CARTESIAN_POINT('',(-0.0157850493747895,0.0295491794010477,-0.00877434552344982));
#4561=CARTESIAN_POINT('',(-0.0155477222284976,0.0296735291717296,4.6468346844339E-5));
#4562=CARTESIAN_POINT('',(-0.0155477222284976,0.0296735291717295,4.6468346844341E-5));
#4563=CARTESIAN_POINT('',(-0.0155477222284976,0.0296735291717295,4.6468346844342E-5));
#4564=CARTESIAN_POINT('',(-0.0169889522554709,0.0289183832638373,6.17037727291817E-5));
#4565=CARTESIAN_POINT('',(-0.0183749702611999,0.0280580799006475,4.73748699227681E-5));
#4566=CARTESIAN_POINT('',(-0.0196908059517979,0.0271020693115608,4.33680868994202E-19));
#4567=CARTESIAN_POINT('',(-0.0196908059517975,0.027102069311561,-0.00972123723027667));
#4568=CARTESIAN_POINT('',(-0.0196908062334907,0.0271020691068989,-0.00853683633723652));
#4569=CARTESIAN_POINT('',(-0.0200132685116644,0.0268722625250573,-0.0062141675265668));
#4570=CARTESIAN_POINT('',(-0.0213345350875288,0.0258555998101141,-0.00305470600426984));
#4571=CARTESIAN_POINT('',(-0.0232066581922984,0.0242169021878658,-0.000539849302866899));
#4572=CARTESIAN_POINT('',(-0.0246780313444251,0.022681470802957,0.000603694321851519));
#4573=CARTESIAN_POINT('',(-0.0253938033480484,0.021849593852533,0.001));
#4574=CARTESIAN_POINT('',(-0.0253938033480484,0.021849593852533,0.001));
#4575=CARTESIAN_POINT('',(-3.46944695195361E-18,1.7347234759768E-18,0.001));
#4576=CARTESIAN_POINT('',(-0.0334841382566866,0.00103076923076923,0.001));
#4577=CARTESIAN_POINT('',(-0.0334841382566866,0.00103076923076923,0.01));
#4578=CARTESIAN_POINT('',(-0.0334841382566866,0.00103076923076923,0.009));
#4579=CARTESIAN_POINT('',(-3.46944695195361E-18,1.7347234759768E-18,0.009));
#4580=CARTESIAN_POINT('',(0.0334841382566866,0.00103076923076923,0.009));
#4581=CARTESIAN_POINT('',(0.0334841382566866,0.00103076923076923,0.01));
#4582=CARTESIAN_POINT('',(0.0334841382566866,0.00103076923076923,0.001));
#4583=CARTESIAN_POINT('',(-3.46944695195361E-18,1.7347234759768E-18,0.001));
#4584=CARTESIAN_POINT('',(0.0253938033480484,0.021849593852533,0.001));
#4585=CARTESIAN_POINT('',(0.0196908059517975,0.027102069311561,-0.00972123720509049));
#4586=CARTESIAN_POINT('',(0.0196908062357927,0.0271020691052264,-0.0085368363141597));
#4587=CARTESIAN_POINT('',(0.0200132685171916,0.0268722625210004,-0.00621416750865514));
#4588=CARTESIAN_POINT('',(0.0213345350937487,0.0258555998049687,-0.00305470599438913));
#4589=CARTESIAN_POINT('',(0.0232066581962277,0.0242169021839355,-0.000539849299514834));
#4590=CARTESIAN_POINT('',(0.0246780313456824,0.0226814708014957,0.000603694322635217));
#4591=CARTESIAN_POINT('',(0.0253938033480484,0.021849593852533,0.001));
#4592=CARTESIAN_POINT('',(0.0196908059517979,0.0271020693115607,-0.00972124031228356));
#4593=CARTESIAN_POINT('',(0.0196908059517979,0.0271020693115607,0.));
#4594=CARTESIAN_POINT('',(0.0196908059517979,0.0271020693115607,-0.00324041240169683));
#4595=CARTESIAN_POINT('',(0.0196908059517979,0.0271020693115607,-0.00648082480339366));
#4596=CARTESIAN_POINT('',(0.0196908059517979,0.0271020693115607,-0.00972123720509049));
#4597=CARTESIAN_POINT('',(-0.0329212697203495,0.0062,0.01));
#4598=CARTESIAN_POINT('',(-0.0329212697203495,0.0062,0.00790118510267786));
#4599=CARTESIAN_POINT('',(-0.0329212697203495,0.0062,0.00209881489732214));
#4600=CARTESIAN_POINT('',(-3.46944695195361E-18,1.7347234759768E-18,0.00790118510267786));
#4601=CARTESIAN_POINT('',(-0.0333166624979154,0.0035,0.00790118510267786));
#4602=CARTESIAN_POINT('',(-0.0333166624979154,0.0035,0.01));
#4603=CARTESIAN_POINT('',(-0.0333166624979154,0.0035,0.00209881489732214));
#4604=CARTESIAN_POINT('',(-3.46944695195361E-18,1.7347234759768E-18,0.00209881489732206));
#4605=CARTESIAN_POINT('',(-0.0311850875795779,0.012238783102855,0.00554402232830246));
#4606=CARTESIAN_POINT('',(-0.0312826431813346,0.011985285197979,0.00500093178644492));
#4607=CARTESIAN_POINT('',(-0.0311843396950839,0.0122407223326691,0.00445225052591786));
#4608=CARTESIAN_POINT('',(-0.0310173629536037,0.0126590542301484,0.0041076473262413));
#4609=CARTESIAN_POINT('',(-0.0308262374487142,0.013117947567567,0.00384429812673272));
#4610=CARTESIAN_POINT('',(-0.0305464409888983,0.0137617875733552,0.00357586068906581));
#4611=CARTESIAN_POINT('',(-0.0301648105601038,0.014585501949906,0.00335457206773528));
#4612=CARTESIAN_POINT('',(-0.029666355799542,0.0155748844629557,0.00323223501614233));
#4613=CARTESIAN_POINT('',(-0.0291249990262345,0.0165651347546208,0.00326002908245626));
#4614=CARTESIAN_POINT('',(-0.0285624086522093,0.0175167794851949,0.00347623551285306));
#4615=CARTESIAN_POINT('',(-0.0280985211029584,0.0182448311842987,0.00388389496151483));
#4616=CARTESIAN_POINT('',(-0.0278117166964448,0.0186757768795852,0.00444738224278441));
#4617=CARTESIAN_POINT('',(-0.0277174796139343,0.0188145637399099,0.00501186587868156));
#4618=CARTESIAN_POINT('',(-0.0278185763160606,0.0186656110599889,0.00557179348299813));
#4619=CARTESIAN_POINT('',(-0.0281089009999002,0.0182288930708055,0.00612808880448843));
#4620=CARTESIAN_POINT('',(-0.0285726223518787,0.0175000994641256,0.00652949415139074));
#4621=CARTESIAN_POINT('',(-0.0291332696185684,0.0165504252643484,0.00674126136455804));
#4622=CARTESIAN_POINT('',(-0.0296693926687417,0.0155688733648356,0.00676702903476757));
#4623=CARTESIAN_POINT('',(-0.0301665713400215,0.0145820089281928,0.00664503144659878));
#4624=CARTESIAN_POINT('',(-0.0305508176053962,0.0137520416221449,0.0064209310348088));
#4625=CARTESIAN_POINT('',(-0.0308287336153843,0.0131120387623602,0.00615267503362016));
#4626=CARTESIAN_POINT('',(-0.0310193033077368,0.0126542778857171,0.00588929180551748));
#4627=CARTESIAN_POINT('',(-0.0311850875795779,0.012238783102855,0.00554402232830246));
#4628=CARTESIAN_POINT('',(-0.0312826431813346,0.011985285197979,0.00500093178644492));
#4629=CARTESIAN_POINT('',(-0.0311843396950839,0.0122407223326691,0.00445225052591786));
#4630=CARTESIAN_POINT('',(-0.03125,0.0120701077045733,0.005));
#4631=CARTESIAN_POINT('',(0.027815171855917,0.0186706659899146,0.00556284231193306));
#4632=CARTESIAN_POINT('',(0.0277175228959618,0.0188144957210949,0.00499949075072543));
#4633=CARTESIAN_POINT('',(0.027814736560236,0.0186713067207235,0.00443919468516521));
#4634=CARTESIAN_POINT('',(0.0281033130635447,0.0182374640495961,0.00387814621235049));
#4635=CARTESIAN_POINT('',(0.0285661653914494,0.0175106648946896,0.00347424400202953));
#4636=CARTESIAN_POINT('',(0.029128441183605,0.0165589049045351,0.00325966977550188));
#4637=CARTESIAN_POINT('',(0.0296646946808031,0.0155780131246328,0.00323216184330048));
#4638=CARTESIAN_POINT('',(0.030166826922032,0.0145814755092753,0.00335511579282227));
#4639=CARTESIAN_POINT('',(0.0305474246098107,0.0137595555889299,0.00357663107193559));
#4640=CARTESIAN_POINT('',(0.0308266138366336,0.0131170302505229,0.00384490982881828));
#4641=CARTESIAN_POINT('',(0.0310163212729837,0.0126615832181797,0.00410596685461689));
#4642=CARTESIAN_POINT('',(0.0311838217882619,0.0122420719436807,0.00445094875697326));
#4643=CARTESIAN_POINT('',(0.031282851820781,0.0119847381562574,0.00499837661426212));
#4644=CARTESIAN_POINT('',(0.0311847666734596,0.0122396326754973,0.00554609183776394));
#4645=CARTESIAN_POINT('',(0.0310180488736229,0.0126573466242703,0.00589118753083375));
#4646=CARTESIAN_POINT('',(0.0308276711150213,0.0131145925864167,0.00615408331034704));
#4647=CARTESIAN_POINT('',(0.0305471017825891,0.0137602892274856,0.00642364794501651));
#4648=CARTESIAN_POINT('',(0.0301686502463768,0.014577596658953,0.00664393052922785));
#4649=CARTESIAN_POINT('',(0.0296664655830272,0.0155746800896509,0.00676774279212114));
#4650=CARTESIAN_POINT('',(0.0291298342479131,0.0165564998010174,0.006740720483603));
#4651=CARTESIAN_POINT('',(0.0285664250318658,0.0175102412867982,0.00652595946447432));
#4652=CARTESIAN_POINT('',(0.0281044627680863,0.0182356947463098,0.0061228566260086));
#4653=CARTESIAN_POINT('',(0.027815171855917,0.0186706659899146,0.00556284231193306));
#4654=CARTESIAN_POINT('',(0.0277175228959618,0.0188144957210949,0.00499949075072543));
#4655=CARTESIAN_POINT('',(0.027814736560236,0.0186713067207235,0.00443919468516521));
#4656=CARTESIAN_POINT('',(0.02775,0.0187666592658363,0.005));
#4657=CARTESIAN_POINT('',(0.0329212697203495,0.0062,0.01));
#4658=CARTESIAN_POINT('',(0.0329212697203495,0.0062,0.00209881489732215));
#4659=CARTESIAN_POINT('',(0.0329212697203495,0.0062,0.00790118510267787));
#4660=CARTESIAN_POINT('',(-3.46944695195361E-18,1.7347234759768E-18,0.00209881489732209));
#4661=CARTESIAN_POINT('',(0.0333166624979154,0.0035,0.00209881489732215));
#4662=CARTESIAN_POINT('',(0.0333166624979154,0.0035,0.01));
#4663=CARTESIAN_POINT('',(0.0333166624979154,0.0035,0.00790118510267787));
#4664=CARTESIAN_POINT('',(-3.46944695195361E-18,1.7347234759768E-18,0.00790118510267781));
#4665=CARTESIAN_POINT('',(-0.00227066240347813,0.0334373984754859,0.00362497358036411));
#4666=CARTESIAN_POINT('',(-0.00321449097081846,0.0333426932846184,0.00590057322303079));
#4667=CARTESIAN_POINT('',(-0.00227137371324804,0.0334372777725369,0.00817273352751275));
#4668=CARTESIAN_POINT('',(-2.46581579718643E-6,0.0335313490339448,0.00911335689433283));
#4669=CARTESIAN_POINT('',(0.00227179566560612,0.0334373258699467,0.00817383633370889));
#4670=CARTESIAN_POINT('',(0.00321336569161515,0.0333427687657457,0.00590052869248464));
#4671=CARTESIAN_POINT('',(0.00227474041492471,0.0334370485537559,0.00363038330254871));
#4672=CARTESIAN_POINT('',(3.20189911119434E-6,0.0335313880653738,0.00268616282757511));
#4673=CARTESIAN_POINT('',(-0.00227066240347813,0.0334373984754859,0.00362497358036411));
#4674=CARTESIAN_POINT('',(-0.00321449097081846,0.0333426932846184,0.00590057322303079));
#4675=CARTESIAN_POINT('',(-0.00227137371324804,0.0334372777725369,0.00817273352751275));
#4676=CARTESIAN_POINT('',(-0.0029,0.0333742415644161,0.0059));
#4677=CARTESIAN_POINT('',(0.,0.148996627545262,-0.0243));
#4678=CARTESIAN_POINT('',(-0.00137023655936391,0.025470052119783,-0.025672867863892));
#4679=CARTESIAN_POINT('',(-0.00193977324205908,0.0254248086480601,-0.024299651569182));
#4680=CARTESIAN_POINT('',(-0.00137067047239978,0.0254699939466589,-0.0229285258593801));
#4681=CARTESIAN_POINT('',(-1.45974420569195E-6,0.0255149966406478,-0.0223609175314325));
#4682=CARTESIAN_POINT('',(0.00137085752176959,0.0254700193863567,-0.0229278055360464));
#4683=CARTESIAN_POINT('',(0.00193911704251039,0.0254248442212408,-0.0242997069860004));
#4684=CARTESIAN_POINT('',(0.00137267362735993,0.0254698844341965,-0.0256695853287493));
#4685=CARTESIAN_POINT('',(1.99018600767525E-6,0.0255150157731763,-0.026239385414762));
#4686=CARTESIAN_POINT('',(-0.00137023655936391,0.025470052119783,-0.025672867863892));
#4687=CARTESIAN_POINT('',(-0.00193977324205908,0.0254248086480601,-0.024299651569182));
#4688=CARTESIAN_POINT('',(-0.00137067047239978,0.0254699939466589,-0.0229285258593801));
#4689=CARTESIAN_POINT('',(-0.00175,0.0254398801097804,-0.0243));
#4690=CARTESIAN_POINT('',(0.,0.029,-0.0243));
#4691=CARTESIAN_POINT('',(0.00175,0.029,-0.0243));
#4692=CARTESIAN_POINT('',(2.08166817117217E-17,0.148996627545262,0.0059));
#4693=CARTESIAN_POINT('',(-0.00137023655936387,0.025470052119783,0.00452713213610793));
#4694=CARTESIAN_POINT('',(-0.0019397732420591,0.0254248086480601,0.00590034843081805));
#4695=CARTESIAN_POINT('',(-0.00137067047239975,0.0254699939466589,0.00727147414061988));
#4696=CARTESIAN_POINT('',(-1.45974420567393E-6,0.0255149966406478,0.00783908246856751));
#4697=CARTESIAN_POINT('',(0.00137085752176961,0.0254700193863567,0.0072721944639536));
#4698=CARTESIAN_POINT('',(0.00193911704251041,0.0254248442212408,0.00590029301399961));
#4699=CARTESIAN_POINT('',(0.00137267362735996,0.0254698844341965,0.0045304146712507));
#4700=CARTESIAN_POINT('',(1.99018600768876E-6,0.0255150157731763,0.00396061458523798));
#4701=CARTESIAN_POINT('',(-0.00137023655936387,0.025470052119783,0.00452713213610793));
#4702=CARTESIAN_POINT('',(-0.0019397732420591,0.0254248086480601,0.00590034843081805));
#4703=CARTESIAN_POINT('',(-0.00137067047239975,0.0254699939466589,0.00727147414061988));
#4704=CARTESIAN_POINT('',(-0.00175,0.0254398801097804,0.0059));
#4705=CARTESIAN_POINT('',(2.08166817117217E-17,0.029,0.0059));
#4706=CARTESIAN_POINT('',(0.00175000000000002,0.029,0.0059));
#4707=CARTESIAN_POINT('',(4.33680868994202E-18,-1.7347234759768E-18,0.01));
#4708=CARTESIAN_POINT('',(-0.0141993602940655,0.0211808443467043,0.01));
#4709=CARTESIAN_POINT('',(-0.0141993602940655,0.0211808443467043,-0.0281));
#4710=CARTESIAN_POINT('',(4.33680868994202E-18,-1.7347234759768E-18,-0.0281));
#4711=CARTESIAN_POINT('',(0.0141993602940655,0.0211808443467043,-0.0281));
#4712=CARTESIAN_POINT('',(0.0141993602940655,0.0211808443467043,0.01));
#4713=CARTESIAN_POINT('',(4.33680868994202E-18,-1.7347234759768E-18,0.001));
#4714=CARTESIAN_POINT('',(0.0254818376045334,0.000962264150943396,0.001));
#4715=CARTESIAN_POINT('',(0.0254818376045334,0.000962264150943396,0.01));
#4716=CARTESIAN_POINT('',(0.0254818376045334,0.000962264150943396,0.009));
#4717=CARTESIAN_POINT('',(4.33680868994202E-18,-1.7347234759768E-18,0.009));
#4718=CARTESIAN_POINT('',(-0.0254818376045334,0.000962264150943396,0.009));
#4719=CARTESIAN_POINT('',(-0.0254818376045334,0.000962264150943396,0.01));
#4720=CARTESIAN_POINT('',(-0.0254818376045334,0.000962264150943396,0.001));
#4721=CARTESIAN_POINT('',(4.33680868994202E-18,-1.7347234759768E-18,0.001));
#4722=CARTESIAN_POINT('',(-0.0196547213943258,0.0267723522181107,-0.0271388706078611));
#4723=CARTESIAN_POINT('',(-0.0196638623155348,0.0268657674868792,-0.0278111216784712));
#4724=CARTESIAN_POINT('',(-0.0190401436998892,0.0269687429077823,-0.028058311124045));
#4725=CARTESIAN_POINT('',(-0.021568852522967,0.0442617091339273,-0.0245977441014184));
#4726=CARTESIAN_POINT('',(-0.0216353453756727,0.0443550051609866,-0.0252698079581667));
#4727=CARTESIAN_POINT('',(-0.0210320896708319,0.0444593796242161,-0.025569742345076));
#4728=CARTESIAN_POINT('',(-0.0234695383715696,0.0617539104307428,-0.0220663632606734));
#4729=CARTESIAN_POINT('',(-0.0236027343115306,0.0618451876277336,-0.0227314230403538));
#4730=CARTESIAN_POINT('',(-0.023029484566651,0.0619500612044477,-0.0230900608322467));
#4731=CARTESIAN_POINT('',(-0.0253652664113139,0.0792491261377851,-0.0195536734237315));
#4732=CARTESIAN_POINT('',(-0.0255662499971492,0.0793162563781932,-0.0202016310481126));
#4733=CARTESIAN_POINT('',(-0.0250372342002845,0.0794315559047512,-0.0206158752511971));
#4734=CARTESIAN_POINT('',(-0.0253637855180811,0.0789255198199433,-0.019765758780807));
#4735=CARTESIAN_POINT('',(-0.0253594013987354,0.0789418743217723,-0.0197103820277547));
#4736=CARTESIAN_POINT('',(-0.0253487924794185,0.0789521461271068,-0.0196500342833818));
#4737=CARTESIAN_POINT('',(-0.0253306495445279,0.0789296595623719,-0.0195995577957884));
#4738=CARTESIAN_POINT('',(-0.0253637855180811,0.0789255198199433,-0.019765758780807));
#4739=CARTESIAN_POINT('',(-0.0253667920811694,0.0788926806086186,-0.0199043628459688));
#4740=CARTESIAN_POINT('',(-0.0253685410658743,0.0789014833734589,-0.0198574623945844));
#4741=CARTESIAN_POINT('',(-0.02536738152179,0.0789121053016343,-0.0198111806759826));
#4742=CARTESIAN_POINT('',(-0.0253637855180811,0.0789255198199434,-0.019765758780807));
#4743=CARTESIAN_POINT('',(-0.0253667920811692,0.078892680608617,-0.0199043628459683));
#4744=CARTESIAN_POINT('',(-0.0191089927813861,0.027515384694402,-0.0279777719046815));
#4745=CARTESIAN_POINT('',(-0.0196262292924555,0.0318051972821926,-0.027355149791014));
#4746=CARTESIAN_POINT('',(-0.0206738194893976,0.0403816608405684,-0.0260990357639278));
#4747=CARTESIAN_POINT('',(-0.0222643177617939,0.0532360226096133,-0.0241611478730816));
#4748=CARTESIAN_POINT('',(-0.0235885725116571,0.0639386164292606,-0.0224838691170676));
#4749=CARTESIAN_POINT('',(-0.0246252706152795,0.0724910221895564,-0.0210647494262269));
#4750=CARTESIAN_POINT('',(-0.0251302500682155,0.0767624038373991,-0.0203181426150537));
#4751=CARTESIAN_POINT('',(-0.0253667920811692,0.078892680608617,-0.0199043628459684));
#4752=CARTESIAN_POINT('',(-0.0191089927813862,0.027515384694402,-0.0279777719046816));
#4753=CARTESIAN_POINT('',(-0.0196908059517979,0.0271020693115607,-0.0270909667959228));
#4754=CARTESIAN_POINT('',(-0.0196908049676079,0.0271020700266166,-0.0275023275871796));
#4755=CARTESIAN_POINT('',(-0.0194324202025681,0.0272907695445391,-0.0278619951167005));
#4756=CARTESIAN_POINT('',(-0.0191089927813862,0.027515384694402,-0.0279777719046816));
#4757=CARTESIAN_POINT('',(0.019169713244701,0.0798346107569581,-0.0354897101088023));
#4758=CARTESIAN_POINT('',(0.0191882281569112,0.0709463010677699,-0.0342219961864422));
#4759=CARTESIAN_POINT('',(0.0192009974353455,0.0620580774578307,-0.032953451494353));
#4760=CARTESIAN_POINT('',(0.0192066872909305,0.0442814605970732,-0.0304167694985605));
#4761=CARTESIAN_POINT('',(0.0191996578100414,0.0353931059774593,-0.0291483543882968));
#4762=CARTESIAN_POINT('',(0.0191755597649991,0.0265040419376891,-0.0278843006483366));
#4763=CARTESIAN_POINT('',(0.0187513505563696,0.0796697976849702,-0.0366391521481354));
#4764=CARTESIAN_POINT('',(0.0188011595668427,0.0707800823010393,-0.0353826267901128));
#4765=CARTESIAN_POINT('',(0.0188509685773159,0.0618903669171085,-0.0341261014320902));
#4766=CARTESIAN_POINT('',(0.0189505865982622,0.0441109361492468,-0.0316130507160451));
#4767=CARTESIAN_POINT('',(0.0190003956087354,0.0352212207653159,-0.0303565253580225));
#4768=CARTESIAN_POINT('',(0.0190502046192086,0.0263315053813851,-0.0291));
#4769=CARTESIAN_POINT('',(0.0190261238742998,0.0789906260436397,-0.0357795393871243));
#4770=CARTESIAN_POINT('',(0.01901730410705,0.0790066886429653,-0.0358065549383553));
#4771=CARTESIAN_POINT('',(0.0190084928181237,0.0790228070038491,-0.0358335399436192));
#4772=CARTESIAN_POINT('',(0.0189996919159716,0.0790389893984084,-0.0358604900839505));
#4773=CARTESIAN_POINT('',(0.0190261238742998,0.0789906260436397,-0.0357795393871243));
#4774=CARTESIAN_POINT('',(0.0189996919159716,0.0790389893984084,-0.0358604900839505));
#4775=CARTESIAN_POINT('',(0.0190261238742998,0.0789906260436398,-0.0357795393871244));
#4776=CARTESIAN_POINT('',(0.0191225178135571,0.0704219722976743,-0.0343687738369347));
#4777=CARTESIAN_POINT('',(0.019181654656982,0.0532398359459816,-0.0318240934026546));
#4778=CARTESIAN_POINT('',(0.0191929618434993,0.0360545805757718,-0.0293063563923796));
#4779=CARTESIAN_POINT('',(0.0191773056341797,0.0274646789234827,-0.0280283155457593));
#4780=CARTESIAN_POINT('',(0.0191773056341797,0.0274646789234827,-0.0280283155457593));
#4781=CARTESIAN_POINT('',(0.0191773056341797,0.0274646789234827,-0.0280283155457593));
#4782=CARTESIAN_POINT('',(0.0191465709550348,0.0275119606182943,-0.0283228893424086));
#4783=CARTESIAN_POINT('',(0.0190766730623444,0.0272451229572091,-0.0289261462071996));
#4784=CARTESIAN_POINT('',(0.019052836162003,0.0266303374873254,-0.029099968235122));
#4785=CARTESIAN_POINT('',(0.0190502046200646,0.0263315053825632,-0.0290999999918908));
#4786=CARTESIAN_POINT('',(0.0190501786361176,0.0263314167050848,-0.0291));
#4787=CARTESIAN_POINT('',(0.0189007775877891,0.0530006515331776,-0.0328695760740677));
#4788=CARTESIAN_POINT('',(0.0190206283595331,0.0794739209631533,-0.0358592134596796));
#4789=CARTESIAN_POINT('',(0.0190194769491732,0.079574119302429,-0.0358757528072058));
#4790=CARTESIAN_POINT('',(0.0190183181217203,0.0796743154875891,-0.0358923046828722));
#4791=CARTESIAN_POINT('',(0.0190171519933644,0.0797745095835016,-0.0359088687019335));
#4792=CARTESIAN_POINT('',(0.0190206283595331,0.0794739209631532,-0.0358592134596796));
#4793=CARTESIAN_POINT('',(0.0189873333543363,0.0793490280049804,-0.0359362157732385));
#4794=CARTESIAN_POINT('',(0.0189982592262884,0.0793910118202282,-0.0359110460310944));
#4795=CARTESIAN_POINT('',(0.0190093349859373,0.0794326918716488,-0.0358854484128282));
#4796=CARTESIAN_POINT('',(0.0190206283595331,0.0794739209631531,-0.0358592134596794));
#4797=CARTESIAN_POINT('',(0.0189873333543364,0.0793490280049804,-0.0359362157732385));
#4798=CARTESIAN_POINT('',(0.0189996919159716,0.0790389893984084,-0.0358604900839505));
#4799=CARTESIAN_POINT('',(0.0189672619280573,0.0790986190648793,-0.0359597972583885));
#4800=CARTESIAN_POINT('',(0.0189611273817424,0.0792483287915352,-0.0359965860188097));
#4801=CARTESIAN_POINT('',(0.0189873333543364,0.0793490280049804,-0.0359362157732384));
#4802=CARTESIAN_POINT('',(0.01908255110746,0.0796484233875883,-0.0357087668559515));
#4803=CARTESIAN_POINT('',(0.0147111050566985,0.0562029171629729,-0.0448158310273718));
#4804=CARTESIAN_POINT('',(-3.46944695195361E-18,1.7347234759768E-18,0.01));
#4805=CARTESIAN_POINT('',(-3.46944695195361E-18,1.7347234759768E-18,-0.0281));
#4806=CARTESIAN_POINT('',(-0.0191197251742018,0.0275079281165084,-0.0281));
#4807=CARTESIAN_POINT('',(-0.0196908059517979,0.0271020693115607,-0.0281));
#4808=CARTESIAN_POINT('',(-0.0196908059517979,0.0271020693115607,-0.0281));
#4809=CARTESIAN_POINT('',(-0.0191089927813861,0.027515384694402,-0.0279777719046816));
#4810=CARTESIAN_POINT('',(-0.019112575874837,0.0275128962935438,-0.0280185139334597));
#4811=CARTESIAN_POINT('',(-0.0191161533382969,0.0275104107651681,-0.0280592566318234));
#4812=CARTESIAN_POINT('',(-0.0191197251742018,0.0275079281165084,-0.0281));
#4813=CARTESIAN_POINT('',(-3.46944695195361E-18,1.7347234759768E-18,-0.0281));
#4814=CARTESIAN_POINT('',(-0.013933540618563,0.0549936664471337,-0.0265165519117934));
#4815=CARTESIAN_POINT('',(-0.0117288623912255,0.030539501182454,-0.0290767614475919));
#4816=CARTESIAN_POINT('',(-0.0117088566083583,0.0303175483087442,-0.0291));
#4817=CARTESIAN_POINT('',(-0.0117692576913518,0.0313645432518083,-0.0281));
#4818=CARTESIAN_POINT('',(-0.0117867497659686,0.0313579795109603,-0.0285650065220835));
#4819=CARTESIAN_POINT('',(-0.0117682099853897,0.0309926811089276,-0.0289808360896591));
#4820=CARTESIAN_POINT('',(-0.0117288623912255,0.030539501182454,-0.0290767614475919));
#4821=CARTESIAN_POINT('',(0.0117088510362429,0.0303175330033807,-0.0291));
#4822=CARTESIAN_POINT('',(0.0116958050549415,0.0305917592146036,-0.0291));
#4823=CARTESIAN_POINT('',(0.0116773396338597,0.0311387821887783,-0.0289085470674503));
#4824=CARTESIAN_POINT('',(0.0116907888188879,0.0313938787905511,-0.0283750073621996));
#4825=CARTESIAN_POINT('',(0.0117029597936023,0.0313893410582213,-0.0281));
#4826=CARTESIAN_POINT('',(0.0117088288690674,0.0303179919460673,-0.0291));
#4827=CARTESIAN_POINT('',(-3.46944695195361E-18,1.7347234759768E-18,-0.0291));
#4828=CARTESIAN_POINT('',(-3.46944695195361E-18,1.7347234759768E-18,-0.0281));
#4829=CARTESIAN_POINT('',(0.0191773056341797,0.0274646789234827,-0.0280283155457593));
#4830=CARTESIAN_POINT('',(0.0193728858201168,0.0273163528061027,-0.0278941363262498));
#4831=CARTESIAN_POINT('',(0.0195098023923261,0.0271604069964722,-0.0276994448049241));
#4832=CARTESIAN_POINT('',(0.0195838526333793,0.0269548606977556,-0.0275248388758143));
#4833=CARTESIAN_POINT('',(0.0195838526333797,0.0269548606977556,-0.0275248388758145));
#4834=CARTESIAN_POINT('',(0.0191030206995054,0.0262930523171858,-0.0281));
#4835=CARTESIAN_POINT('',(0.0191030206995054,0.0262930523171858,-0.0291));
#4836=CARTESIAN_POINT('',(-3.46944695195361E-18,1.7347234759768E-18,-0.0291));
#4837=CARTESIAN_POINT('',(0.,0.0234897397458554,0.));
#4838=CARTESIAN_POINT('',(-0.0236664791295,0.0155610978280113,0.));
#4839=CARTESIAN_POINT('',(-0.0262664250466159,0.0191396163825325,0.));
#4840=CARTESIAN_POINT('',(-0.0236540988888614,0.0155467747052744,0.));
#4841=CARTESIAN_POINT('',(-0.0147561979526563,0.0220114656936339,0.));
#4842=CARTESIAN_POINT('',(-0.0224228074110647,0.0141233037142979,0.));
#4843=CARTESIAN_POINT('',(4.33680868994202E-18,-1.7347234759768E-18,0.));
#4844=CARTESIAN_POINT('',(-0.0264811253537307,0.001,0.));
#4845=CARTESIAN_POINT('',(-2.75419877934187E-18,0.001,0.));
#4846=CARTESIAN_POINT('',(-0.0324846117415616,0.001,0.));
#4847=CARTESIAN_POINT('',(-3.46944695195361E-18,1.7347234759768E-18,0.));
#4848=CARTESIAN_POINT('',(-0.0295,0.0755828125717179,0.005));
#4849=CARTESIAN_POINT('',(-0.0295,0.0062,0.005));
#4850=CARTESIAN_POINT('',(-0.03125,0.0062,0.005));
#4851=CARTESIAN_POINT('',(0.0295,0.0755828125717179,0.005));
#4852=CARTESIAN_POINT('',(0.0295,0.0062,0.005));
#4853=CARTESIAN_POINT('',(0.02775,0.0062,0.005));
#4854=CARTESIAN_POINT('',(0.0295,0.,0.01));
#4855=CARTESIAN_POINT('',(0.0295,0.,0.005));
#4856=CARTESIAN_POINT('',(0.03225,0.,0.005));
#4857=CARTESIAN_POINT('',(0.0264811253537308,0.,0.));
#4858=CARTESIAN_POINT('',(0.0264811253537308,0.,0.009));
#4859=CARTESIAN_POINT('',(0.0264811253537308,0.,0.001));
#4860=CARTESIAN_POINT('',(0.0295,0.,0.001));
#4861=CARTESIAN_POINT('',(0.0324846117415616,0.,0.001));
#4862=CARTESIAN_POINT('',(0.0324846117415616,0.,0.01));
#4863=CARTESIAN_POINT('',(0.0324846117415616,0.,0.009));
#4864=CARTESIAN_POINT('',(0.0255,0.,0.009));
#4865=CARTESIAN_POINT('',(-0.0295,4.89858719658941E-19,0.01));
#4866=CARTESIAN_POINT('',(-0.0295,4.33680868994202E-19,0.005));
#4867=CARTESIAN_POINT('',(-0.02675,9.69029992286802E-20,0.005));
#4868=CARTESIAN_POINT('',(-0.0324846117415616,8.55368241259039E-19,0.01));
#4869=CARTESIAN_POINT('',(-0.0324846117415616,8.55368241259039E-19,0.009));
#4870=CARTESIAN_POINT('',(-0.0324846117415616,8.55368241259039E-19,0.001));
#4871=CARTESIAN_POINT('',(-0.0295,4.89858719658941E-19,0.001));
#4872=CARTESIAN_POINT('',(-0.0264811253537307,1.20153202400863E-19,0.001));
#4873=CARTESIAN_POINT('',(-0.0264811253537307,1.20153202400863E-19,0.01));
#4874=CARTESIAN_POINT('',(-0.0264811253537307,1.20153202400863E-19,0.009));
#4875=CARTESIAN_POINT('',(-0.0335,9.79717439317881E-19,0.009));
#4876=CARTESIAN_POINT('',(0.,0.0234897397458554,0.01));
#4877=CARTESIAN_POINT('',(0.0335,0.001,0.01));
#4878=CARTESIAN_POINT('',(0.0264811253537308,0.001,0.01));
#4879=CARTESIAN_POINT('',(0.0324846117415616,0.001,0.01));
#4880=CARTESIAN_POINT('',(-3.46944695195361E-18,1.7347234759768E-18,0.01));
#4881=CARTESIAN_POINT('',(-0.0324846117415616,0.001,0.01));
#4882=CARTESIAN_POINT('',(-0.0255,0.001,0.01));
#4883=CARTESIAN_POINT('',(-0.0264811253537307,0.001,0.01));
#4884=CARTESIAN_POINT('',(4.33680868994202E-18,-1.7347234759768E-18,0.01));
#4885=CARTESIAN_POINT('',(0.,0.0234897397458554,0.));
#4886=CARTESIAN_POINT('',(4.33680868994202E-18,-1.7347234759768E-18,0.));
#4887=CARTESIAN_POINT('',(0.0264811253537308,0.001,0.));
#4888=CARTESIAN_POINT('',(0.0224228074110648,0.0141233037142979,0.));
#4889=CARTESIAN_POINT('',(0.0147561979526563,0.0220114656936339,0.));
#4890=CARTESIAN_POINT('',(0.0236540988888614,0.0155467747052744,0.));
#4891=CARTESIAN_POINT('',(0.019260204969436,0.0094963817374599,0.));
#4892=CARTESIAN_POINT('',(0.026266425046616,0.0191396163825325,0.));
#4893=CARTESIAN_POINT('',(-3.46944695195361E-18,1.7347234759768E-18,0.));
#4894=CARTESIAN_POINT('',(0.0324846117415616,0.001,0.));
#4895=CARTESIAN_POINT('',(0.,0.001,0.));
#4896=CARTESIAN_POINT('',(-0.0295,0.0755828125717179,0.005));
#4897=CARTESIAN_POINT('',(-0.0295,0.001,0.005));
#4898=CARTESIAN_POINT('',(-0.02775,0.001,0.005));
#4899=CARTESIAN_POINT('',(-0.0295,0.0035,0.005));
#4900=CARTESIAN_POINT('',(-0.03125,0.0035,0.005));
#4901=CARTESIAN_POINT('',(0.0295,0.0755828125717179,0.005));
#4902=CARTESIAN_POINT('',(0.0295,0.001,0.005));
#4903=CARTESIAN_POINT('',(0.03125,0.001,0.005));
#4904=CARTESIAN_POINT('',(0.0295,0.0035,0.005));
#4905=CARTESIAN_POINT('',(0.02775,0.0035,0.005));
#4906=CARTESIAN_POINT('',(0.0295,0.0062,0.00790118510267787));
#4907=CARTESIAN_POINT('',(0.0295,0.0035,0.00790118510267787));
#4908=CARTESIAN_POINT('',(0.027825,0.0035,0.00790118510267786));
#4909=CARTESIAN_POINT('',(0.027825,0.0062,0.00790118510267786));
#4910=CARTESIAN_POINT('',(0.027825,0.0062,0.00790118510267786));
#4911=CARTESIAN_POINT('',(0.0295,0.0062,0.00790118510267787));
#4912=CARTESIAN_POINT('',(0.0295,0.0062,0.00209881489732214));
#4913=CARTESIAN_POINT('',(0.0295,0.0062,0.00209881489732214));
#4914=CARTESIAN_POINT('',(0.027825,0.0062,0.00209881489732214));
#4915=CARTESIAN_POINT('',(0.027825,0.0062,0.00209881489732214));
#4916=CARTESIAN_POINT('',(0.027825,0.0035,0.00209881489732214));
#4917=CARTESIAN_POINT('',(0.0295,0.0035,0.00209881489732214));
#4918=CARTESIAN_POINT('',(0.,0.0062,0.005));
#4919=CARTESIAN_POINT('',(0.0269875,0.0062,0.00645059255133893));
#4920=CARTESIAN_POINT('',(0.02615,0.0062,0.005));
#4921=CARTESIAN_POINT('',(0.0269875,0.0062,0.00354940744866107));
#4922=CARTESIAN_POINT('',(0.,0.0035,0.005));
#4923=CARTESIAN_POINT('',(0.0269875,0.0035,0.00354940744866107));
#4924=CARTESIAN_POINT('',(0.02615,0.0035,0.005));
#4925=CARTESIAN_POINT('',(0.0269875,0.0035,0.00645059255133893));
#4926=CARTESIAN_POINT('',(0.0269875,0.0062,0.00645059255133893));
#4927=CARTESIAN_POINT('',(0.02615,0.0062,0.005));
#4928=CARTESIAN_POINT('',(0.0269875,0.0062,0.00354940744866107));
#4929=CARTESIAN_POINT('',(-0.0323375,0.0062,0.00209881489732214));
#4930=CARTESIAN_POINT('',(-0.0323375,0.0035,0.00209881489732214));
#4931=CARTESIAN_POINT('',(-0.027825,0.0035,0.00209881489732214));
#4932=CARTESIAN_POINT('',(-0.027825,0.0062,0.00209881489732214));
#4933=CARTESIAN_POINT('',(-0.027825,0.0062,0.00209881489732214));
#4934=CARTESIAN_POINT('',(-0.0323375,0.0062,0.00209881489732214));
#4935=CARTESIAN_POINT('',(-0.0323375,0.0062,0.00790118510267786));
#4936=CARTESIAN_POINT('',(-0.0323375,0.0062,0.00790118510267786));
#4937=CARTESIAN_POINT('',(-0.027825,0.0062,0.00790118510267785));
#4938=CARTESIAN_POINT('',(-0.027825,0.0062,0.00790118510267785));
#4939=CARTESIAN_POINT('',(-0.027825,0.0035,0.00790118510267785));
#4940=CARTESIAN_POINT('',(-0.0323375,0.0035,0.00790118510267786));
#4941=CARTESIAN_POINT('',(0.,0.0062,0.005));
#4942=CARTESIAN_POINT('',(-0.0269875,0.0062,0.00354940744866107));
#4943=CARTESIAN_POINT('',(-0.02615,0.0062,0.005));
#4944=CARTESIAN_POINT('',(-0.0269875,0.0062,0.00645059255133892));
#4945=CARTESIAN_POINT('',(0.,0.0035,0.005));
#4946=CARTESIAN_POINT('',(-0.0269875,0.0035,0.00645059255133892));
#4947=CARTESIAN_POINT('',(-0.02615,0.0035,0.005));
#4948=CARTESIAN_POINT('',(-0.0269875,0.0035,0.00354940744866107));
#4949=CARTESIAN_POINT('',(-0.0269875,0.0062,0.00354940744866107));
#4950=CARTESIAN_POINT('',(-0.02615,0.0062,0.005));
#4951=CARTESIAN_POINT('',(-0.0269875,0.0062,0.00645059255133892));
#4952=CARTESIAN_POINT('',(0.0173396649426279,0.0238660013340609,-0.0291));
#4953=CARTESIAN_POINT('',(0.0196908059517979,0.0271020693115607,-0.0291));
#4954=CARTESIAN_POINT('',(0.0196908059517979,0.0271020693115607,-0.0270886315764375));
#4955=CARTESIAN_POINT('',(0.0196908059517979,0.0271020693115607,-0.00972124031228356));
#4956=CARTESIAN_POINT('',(0.0191919168329763,0.0264154073480949,-0.00990790509741179));
#4957=CARTESIAN_POINT('',(0.0186870140893196,0.0257204683401296,-0.01));
#4958=CARTESIAN_POINT('',(0.0181762551028664,0.0250174689054572,-0.01));
#4959=CARTESIAN_POINT('',(0.0181762551028664,0.0250174689054572,-0.01));
#4960=CARTESIAN_POINT('',(0.0173396649426279,0.0238660013340609,-0.01));
#4961=CARTESIAN_POINT('',(0.0155652149470313,0.0214236804413414,-0.01));
#4962=CARTESIAN_POINT('',(0.0155652149470313,0.0214236804413414,-0.0291));
#4963=CARTESIAN_POINT('',(0.0155652149470313,0.0214236804413414,-0.0290998218579968));
#4964=CARTESIAN_POINT('',(0.0155763091857505,0.0214389503509361,-0.0281));
#4965=CARTESIAN_POINT('',(0.0155763091857505,0.0214389503509361,-0.0291));
#4966=CARTESIAN_POINT('',(0.0173396649426279,0.0238660013340609,-0.0291));
#4967=CARTESIAN_POINT('',(0.0195838526333797,0.0269548606977556,-0.0275248388758145));
#4968=CARTESIAN_POINT('',(0.0196493337137425,0.0270449876728999,-0.0274063941572496));
#4969=CARTESIAN_POINT('',(0.0196908059517979,0.0271020693115607,-0.02725164657585));
#4970=CARTESIAN_POINT('',(0.0196908059517979,0.0271020693115607,-0.0270886315764375));
#4971=CARTESIAN_POINT('',(-0.0173396649426279,0.0238660013340609,-0.0291));
#4972=CARTESIAN_POINT('',(-0.0191030206995054,0.0262930523171858,-0.01));
#4973=CARTESIAN_POINT('',(-0.0155652149470313,0.0214236804413414,-0.01));
#4974=CARTESIAN_POINT('',(-0.0181762551028665,0.0250174689054573,-0.01));
#4975=CARTESIAN_POINT('',(-0.0181762551028665,0.0250174689054573,-0.01));
#4976=CARTESIAN_POINT('',(-0.0186870140893197,0.0257204683401297,-0.00999999999999999));
#4977=CARTESIAN_POINT('',(-0.0191919168329763,0.026415407348095,-0.00990790509741178));
#4978=CARTESIAN_POINT('',(-0.0196908059517979,0.0271020693115607,-0.00972124031228356));
#4979=CARTESIAN_POINT('',(-0.0191030206995054,0.0262930523171858,-0.0281));
#4980=CARTESIAN_POINT('',(-0.0191030206995054,0.0262930523171858,-0.0291));
#4981=CARTESIAN_POINT('',(-0.0173396649426279,0.0238660013340609,-0.0291));
#4982=CARTESIAN_POINT('',(-0.0155763091857505,0.0214389503509361,-0.0291));
#4983=CARTESIAN_POINT('',(-0.0155763091857505,0.0214389503509361,-0.0281));
#4984=CARTESIAN_POINT('',(-0.0155652149470313,0.0214236804413414,-0.0290998218579968));
#4985=CARTESIAN_POINT('',(-0.0155652149470313,0.0214236804413414,0.));
#4986=CARTESIAN_POINT('',(0.,0.0234897397458554,-0.0291));
#4987=CARTESIAN_POINT('',(4.33680868994202E-18,-1.7347234759768E-18,-0.0291));
#4988=CARTESIAN_POINT('',(-3.46944695195361E-18,1.7347234759768E-18,-0.0291));
#4989=CARTESIAN_POINT('',(-0.0145338612096605,0.0290716966523399,-0.0290999999730754));
#4990=CARTESIAN_POINT('',(-0.000241076545849463,0.000442961561386749,-0.0291));
#4991=CARTESIAN_POINT('',(0.000241076545849463,0.000442961561386749,-0.0291));
#4992=CARTESIAN_POINT('',(-3.46944695195361E-18,1.7347234759768E-18,-0.0281));
#4993=CARTESIAN_POINT('',(-0.0191000649688343,0.0267316714366518,-0.0290351911252668));
#4994=CARTESIAN_POINT('',(-0.0191448698422628,0.0271415197322626,-0.0288990462575187));
#4995=CARTESIAN_POINT('',(-0.0191577142921584,0.0274815233108878,-0.0285333358700706));
#4996=CARTESIAN_POINT('',(-0.0191197251742018,0.0275079281165084,-0.0281));
#4997=CARTESIAN_POINT('',(-0.0191000649688343,0.0267316714366519,-0.0290351911252668));
#4998=CARTESIAN_POINT('',(-0.0191000649688343,0.026731671436652,-0.0290351911252667));
#4999=CARTESIAN_POINT('',(-0.0176852520666169,0.0277029268692154,-0.0290474059389157));
#5000=CARTESIAN_POINT('',(-0.0161979556544183,0.0285634570803904,-0.0290569276204533));
#5001=CARTESIAN_POINT('',(-0.0146506288374193,0.0293056914628495,-0.0290645862179574));
#5002=CARTESIAN_POINT('',(-0.0146506288374193,0.0293056914628495,-0.0290645862179574));
#5003=CARTESIAN_POINT('',(-0.0146506288374194,0.0293056914628494,-0.0290645862179574));
#5004=CARTESIAN_POINT('',(-0.0146128190793673,0.0292299702701867,-0.0290877301138514));
#5005=CARTESIAN_POINT('',(-0.014573642158905,0.0291515150465177,-0.0290996688865683));
#5006=CARTESIAN_POINT('',(-0.0145344426212642,0.029073015315293,-0.029099993170441));
#5007=CARTESIAN_POINT('',(0.0100647088456664,0.0799056006188265,-0.0308288894375294));
#5008=CARTESIAN_POINT('',(0.0103888614859096,0.0716783530733559,-0.0301173674437797));
#5009=CARTESIAN_POINT('',(0.0106981377610496,0.0634503301196281,-0.0294061123228769));
#5010=CARTESIAN_POINT('',(0.0112760634552481,0.0469913254552327,-0.0279945917992288));
#5011=CARTESIAN_POINT('',(0.0115442819872699,0.0387603351867731,-0.02729421336844));
#5012=CARTESIAN_POINT('',(0.0117891874162316,0.030526818907691,-0.0266100710084873));
#5013=CARTESIAN_POINT('',(0.00921347045539253,0.0796697976849701,-0.0331676476933798));
#5014=CARTESIAN_POINT('',(0.00962936720137696,0.0714444206056913,-0.0324897064111499));
#5015=CARTESIAN_POINT('',(0.0100452639473614,0.0632190435264125,-0.0318117651289199));
#5016=CARTESIAN_POINT('',(0.0108770574393302,0.0467682893678549,-0.03045588256446));
#5017=CARTESIAN_POINT('',(0.0112929541853146,0.038542912288576,-0.0297779412822299));
#5018=CARTESIAN_POINT('',(0.0117088509312991,0.0303175352092972,-0.0291));
#5019=CARTESIAN_POINT('',(0.00949749453317012,0.0793183285287827,-0.0324067016915832));
#5020=CARTESIAN_POINT('',(0.00948678657243075,0.0792602746647939,-0.0324388359173547));
#5021=CARTESIAN_POINT('',(0.00949655760567461,0.079177295356494,-0.0324158223810771));
#5022=CARTESIAN_POINT('',(0.00951762096358362,0.0791481411830182,-0.0323590329175939));
#5023=CARTESIAN_POINT('',(0.00949749453317012,0.0793183285287827,-0.0324067016915832));
#5024=CARTESIAN_POINT('',(0.00951762096358632,0.0791481411830301,-0.0323590329175832));
#5025=CARTESIAN_POINT('',(0.0104670536447927,0.0792726497943354,-0.0326472605872581));
#5026=CARTESIAN_POINT('',(0.00953077613770383,0.0792727050820054,-0.0323064801409209));
#5027=CARTESIAN_POINT('',(0.00979902618095955,0.0811081590457033,-0.0315588465595521));
#5028=CARTESIAN_POINT('',(0.0104611606933458,0.0549936664471337,-0.0311338238466899));
#5029=CARTESIAN_POINT('',(0.00951762096358531,0.0791481411830158,-0.0323590329175893));
#5030=CARTESIAN_POINT('',(0.00971984384215102,0.078868240850539,-0.0318138145897511));
#5031=CARTESIAN_POINT('',(0.00992274806289286,0.0786101102464547,-0.0312579925981379));
#5032=CARTESIAN_POINT('',(0.0101251786352902,0.0783663821642371,-0.0306957774616636));
#5033=CARTESIAN_POINT('',(0.0185750205282988,0.0669792255650808,-0.0347723989837142));
#5034=CARTESIAN_POINT('',(0.0179900151934833,0.0796723689595282,-0.0363413432301703));
#5035=CARTESIAN_POINT('',(0.0179290142583406,0.0796706598506849,-0.0363329029385657));
#5036=CARTESIAN_POINT('',(0.0178695507897884,0.0796697834974905,-0.0363182098139595));
#5037=CARTESIAN_POINT('',(0.0178116555346072,0.0796697814586915,-0.0362971386033029));
#5038=CARTESIAN_POINT('',(0.0179900148110508,0.0796723688268235,-0.0363413441616727));
#5039=CARTESIAN_POINT('',(0.0178116579355836,0.0796697976849701,-0.0362971320048097));
#5040=CARTESIAN_POINT('',(0.0187494386382972,0.0796698038860648,-0.0366384036159224));
#5041=CARTESIAN_POINT('',(0.0184963234140117,0.0796706856783853,-0.0365393174292876));
#5042=CARTESIAN_POINT('',(0.0182431820539943,0.0796715404221717,-0.0364402977749375));
#5043=CARTESIAN_POINT('',(0.0179900144269585,0.0796723686940909,-0.0363413450927961));
#5044=CARTESIAN_POINT('',(-0.0034723799252172,0.0796697976849701,-0.0285503757584833));
#5045=CARTESIAN_POINT('',(0.0187483620157412,0.080203180608006,-0.0367145436696167));
#5046=CARTESIAN_POINT('',(0.0187513505563696,0.0796697976849701,-0.0366391521481354));
#5047=CARTESIAN_POINT('',(0.0190502046192086,0.0263315053813851,-0.0291));
#5048=CARTESIAN_POINT('',(0.0179512384454707,0.0801990770922513,-0.0364223587113414));
#5049=CARTESIAN_POINT('',(0.0179565272146214,0.0796697976849701,-0.0363498601102391));
#5050=CARTESIAN_POINT('',(0.0184854041296969,0.0267418569568536,-0.0291));
#5051=CARTESIAN_POINT('',(0.0171542492070248,0.0801951584753563,-0.0361301737530662));
#5052=CARTESIAN_POINT('',(0.0171617038728734,0.0796697976849701,-0.0360605680723428));
#5053=CARTESIAN_POINT('',(0.0179071704577272,0.0271337186463473,-0.0291));
#5054=CARTESIAN_POINT('',(0.0155605146447453,0.080187707811165,-0.0355458038365156));
#5055=CARTESIAN_POINT('',(0.0155720571893772,0.0796697976849701,-0.0354819839965501));
#5056=CARTESIAN_POINT('',(0.0167263116525709,0.0278787850654804,-0.0291));
#5057=CARTESIAN_POINT('',(0.0147637693165083,0.0801841757667226,-0.0352536188782404));
#5058=CARTESIAN_POINT('',(0.0147772338476291,0.0796697976849701,-0.0351926919586539));
#5059=CARTESIAN_POINT('',(0.0161236869597098,0.028231989509719,-0.0291));
#5060=CARTESIAN_POINT('',(0.0131704967678882,0.0801775133735856,-0.0346692489616899));
#5061=CARTESIAN_POINT('',(0.0131875871641329,0.0796697976849701,-0.0346141078828613));
#5062=CARTESIAN_POINT('',(0.0148966267886041,0.0288982288234202,-0.0291));
#5063=CARTESIAN_POINT('',(0.0123739695437531,0.0801743830269281,-0.0343770640034146));
#5064=CARTESIAN_POINT('',(0.0123927638223849,0.0796697976849701,-0.034324815844965));
#5065=CARTESIAN_POINT('',(0.0142721916855575,0.0292112634891668,-0.0291));
#5066=CARTESIAN_POINT('',(0.0107811064641922,0.0801685374342357,-0.0337926940868641));
#5067=CARTESIAN_POINT('',(0.0108031171388887,0.0796697976849701,-0.0337462317691724));
#5068=CARTESIAN_POINT('',(0.0130041846085368,0.0297958227584119,-0.0291));
#5069=CARTESIAN_POINT('',(0.00998477060397462,0.0801658221903392,-0.0335005091285889));
#5070=CARTESIAN_POINT('',(0.0100082937971406,0.0796697976849701,-0.0334569397312761));
#5071=CARTESIAN_POINT('',(0.0123606131137382,0.0300673471480626,-0.0291));
#5072=CARTESIAN_POINT('',(0.00918851665063346,0.0801633203097268,-0.0332083241703136));
#5073=CARTESIAN_POINT('',(0.00921347045539253,0.0796697976849701,-0.0331676476933798));
#5074=CARTESIAN_POINT('',(0.0117088509312991,0.0303175352092972,-0.0291));
#5075=CARTESIAN_POINT('',(0.0101531630761784,0.0796697976849701,-0.0335096678367055));
#5076=CARTESIAN_POINT('',(0.0100328050001682,0.0796697976849701,-0.0334658610795842));
#5077=CARTESIAN_POINT('',(0.00980023539177482,0.0795653855720897,-0.0333702055369799));
#5078=CARTESIAN_POINT('',(0.00966493518567,0.0791873160750888,-0.0332822093955963));
#5079=CARTESIAN_POINT('',(0.00982615465859989,0.0788096461072726,-0.0333014427619549));
#5080=CARTESIAN_POINT('',(0.0100654548390833,0.0787036103675924,-0.0333761757549572));
#5081=CARTESIAN_POINT('',(0.0101860365594083,0.0787026415760837,-0.0334193486838273));
#5082=CARTESIAN_POINT('',(0.0101860365594095,0.0787026415761002,-0.0334193486838295));
#5083=CARTESIAN_POINT('',(0.0101860365594095,0.0787026415761002,-0.0334193486838295));
#5084=CARTESIAN_POINT('',(0.0127437151069268,0.0786820923813223,-0.0343350967234752));
#5085=CARTESIAN_POINT('',(0.0153009870652347,0.0786650137420181,-0.0352520569908917));
#5086=CARTESIAN_POINT('',(0.0178575349310478,0.0786514084174622,-0.0361710859956992));
#5087=CARTESIAN_POINT('',(0.0178575349310477,0.0786514084174645,-0.0361710859956995));
#5088=CARTESIAN_POINT('',(0.0178575349310477,0.0786514084174645,-0.0361710859956995));
#5089=CARTESIAN_POINT('',(0.0179854526959764,0.0786507276703009,-0.0362170699327779));
#5090=CARTESIAN_POINT('',(0.0182318561643322,0.07876029172455,-0.0363212338464879));
#5091=CARTESIAN_POINT('',(0.0183714634055431,0.0791596511456101,-0.0364284320025871));
#5092=CARTESIAN_POINT('',(0.0181950302713493,0.0795590848859022,-0.0364211303175214));
#5093=CARTESIAN_POINT('',(0.0179393926173348,0.0796697976849701,-0.0363436236268506));
#5094=CARTESIAN_POINT('',(0.0178116579355836,0.0796697976849701,-0.0362971320048097));
#5095=CARTESIAN_POINT('',(-0.0217451709999693,0.0794264908488673,-0.0192518087411683));
#5096=CARTESIAN_POINT('',(-0.0200010373657521,0.0624850559283321,-0.0216505842912675));
#5097=CARTESIAN_POINT('',(-0.0183022434115662,0.0455379696417919,-0.0240454561432308));
#5098=CARTESIAN_POINT('',(-0.0166832802604824,0.0285869643944481,-0.0264750833398629));
#5099=CARTESIAN_POINT('',(-0.0195984491829761,0.0794482828378105,-0.0200308351842645));
#5100=CARTESIAN_POINT('',(-0.018039081392671,0.0628253942990262,-0.0221698345289769));
#5101=CARTESIAN_POINT('',(-0.0165289378023855,0.046197127883757,-0.024306833495259));
#5102=CARTESIAN_POINT('',(-0.0150946620067951,0.0295664838569473,-0.0264847166443685));
#5103=CARTESIAN_POINT('',(-0.017451766792837,0.0794732252734298,-0.020809969951752));
#5104=CARTESIAN_POINT('',(-0.0160517852488045,0.0631206428189455,-0.0226896594036666));
#5105=CARTESIAN_POINT('',(-0.014704365972006,0.0467629833130259,-0.0245694188312731));
#5106=CARTESIAN_POINT('',(-0.0134287376697014,0.0304039955453616,-0.0264954271124073));
#5107=CARTESIAN_POINT('',(-0.015305123829552,0.0795013181557252,-0.0215892130436307));
#5108=CARTESIAN_POINT('',(-0.0140391489341526,0.06337080148809,-0.0232100589153365));
#5109=CARTESIAN_POINT('',(-0.012828527920428,0.0472355359295987,-0.0248332121512733));
#5110=CARTESIAN_POINT('',(-0.0116855072492012,0.0310994994596912,-0.0265072147439791));
#5111=CARTESIAN_POINT('',(-0.015305123829552,0.0795013181557252,-0.0215892130436307));
#5112=CARTESIAN_POINT('',(-0.0140474151996943,0.06346685399429,-0.0231995433471109));
#5113=CARTESIAN_POINT('',(-0.0128440762976566,0.047427826250188,-0.0248131035231081));
#5114=CARTESIAN_POINT('',(-0.0117059863854898,0.0313882124808458,-0.0264772541947043));
#5115=CARTESIAN_POINT('',(-0.015305123829552,0.0795013181557253,-0.0215892130436307));
#5116=CARTESIAN_POINT('',(-0.015305123829552,0.0795013181557253,-0.0215892130436307));
#5117=CARTESIAN_POINT('',(-0.0153119379784372,0.0792063573250724,-0.0216079347638256));
#5118=CARTESIAN_POINT('',(-0.0153188021444122,0.0789114064453068,-0.0216267939048454));
#5119=CARTESIAN_POINT('',(-0.0153257167371054,0.078616465597924,-0.0216457915921347));
#5120=CARTESIAN_POINT('',(-0.0153257167371056,0.078616465597924,-0.0216457915921347));
#5121=CARTESIAN_POINT('',(-0.0153257167371056,0.078616465597924,-0.0216457915921347));
#5122=CARTESIAN_POINT('',(-0.0153320745858983,0.0783452725727277,-0.0216632596381291));
#5123=CARTESIAN_POINT('',(-0.0155335668737424,0.0778081829607019,-0.021630528557382));
#5124=CARTESIAN_POINT('',(-0.016036829717477,0.0775614036830388,-0.0214719416615867));
#5125=CARTESIAN_POINT('',(-0.0162935525720161,0.0775624577420618,-0.0213810942941275));
#5126=CARTESIAN_POINT('',(-0.0162935525720161,0.0775624577420618,-0.0213810942941275));
#5127=CARTESIAN_POINT('',(-0.0214847652474789,0.0775813455428875,-0.0195380957086778));
#5128=CARTESIAN_POINT('',(-0.0197549829527825,0.0775758568603813,-0.0201541873737999));
#5129=CARTESIAN_POINT('',(-0.0180245805963076,0.0775695650395842,-0.0207685296695743));
#5130=CARTESIAN_POINT('',(-0.016293552572016,0.0775624577420618,-0.0213810942941275));
#5131=CARTESIAN_POINT('',(-0.0164722856930834,0.0292914521595498,-0.0263997073085311));
#5132=CARTESIAN_POINT('',(-0.0163194485051124,0.0292978488830599,-0.0264126444153088));
#5133=CARTESIAN_POINT('',(-0.0161709423679323,0.0293389534488264,-0.0264201172049974));
#5134=CARTESIAN_POINT('',(-0.0160361596707236,0.0294124392564619,-0.0264220181217685));
#5135=CARTESIAN_POINT('',(-0.0256961104068039,0.0796697976849701,-0.0204615993688313));
#5136=CARTESIAN_POINT('',(-0.0245884594422047,0.0707800823010393,-0.0219013328073593));
#5137=CARTESIAN_POINT('',(-0.0234808084776055,0.0618903669171085,-0.0233410662458875));
#5138=CARTESIAN_POINT('',(-0.021268934574073,0.044138448581839,-0.0262160773482122));
#5139=CARTESIAN_POINT('',(-0.0201647116351398,0.0352762456305005,-0.0276513550120088));
#5140=CARTESIAN_POINT('',(-0.0190604886962065,0.0264140426791618,-0.0290866326758054));
#5141=CARTESIAN_POINT('',(-0.0253381757244511,0.0795551267132618,-0.019478181911427));
#5142=CARTESIAN_POINT('',(-0.0242594396049046,0.0706602024072212,-0.0209079985911606));
#5143=CARTESIAN_POINT('',(-0.0231852341683593,0.0617646777909224,-0.0223375931801557));
#5144=CARTESIAN_POINT('',(-0.0210536093768333,0.0439997579500744,-0.0251940649632428));
#5145=CARTESIAN_POINT('',(-0.0199961951951216,0.0351303469327147,-0.026620847314097));
#5146=CARTESIAN_POINT('',(-0.0189482354226095,0.0262603336638097,-0.0280511862414278));
#5147=CARTESIAN_POINT('',(-0.0254319925485039,0.0793788095312948,-0.0198427822428997));
#5148=CARTESIAN_POINT('',(-0.0254585588491121,0.0792601671705804,-0.0199818799658121));
#5149=CARTESIAN_POINT('',(-0.0254276795075901,0.0790304010838112,-0.0200114628334004));
#5150=CARTESIAN_POINT('',(-0.0253667920811685,0.0788926806086167,-0.0199043628459663));
#5151=CARTESIAN_POINT('',(-0.0254319947684041,0.0793787020424207,-0.0198426901370906));
#5152=CARTESIAN_POINT('',(-0.0253403105237494,0.0795558106355583,-0.0194840472242943));
#5153=CARTESIAN_POINT('',(-0.0253886705218499,0.0795713036521544,-0.0196169152270804));
#5154=CARTESIAN_POINT('',(-0.0254117493821994,0.079468973515976,-0.0197369164187686));
#5155=CARTESIAN_POINT('',(-0.0254319538456016,0.0793789821447039,-0.0198425797190022));
#5156=CARTESIAN_POINT('',(-0.0253403105237494,0.0795558106355583,-0.0194840472242943));
#5157=CARTESIAN_POINT('',(-0.0254432776415475,0.0795889367630049,-0.0197669463585618));
#5158=CARTESIAN_POINT('',(-0.0254089513398558,0.0795780050253678,-0.0196726352916065));
#5159=CARTESIAN_POINT('',(-0.025374625038164,0.0795670732877306,-0.0195783242246511));
#5160=CARTESIAN_POINT('',(-0.0253402987364723,0.0795561415500935,-0.0194840131576958));
#5161=CARTESIAN_POINT('',(-0.025443282526824,0.0795887996143678,-0.0197669604775776));
#5162=CARTESIAN_POINT('',(-0.0256961208294588,0.0796694585570043,-0.020461629725225));
#5163=CARTESIAN_POINT('',(-0.0256118397668217,0.0796426179590045,-0.0202300686030039));
#5164=CARTESIAN_POINT('',(-0.0255275587041846,0.0796157773610047,-0.0199985074807829));
#5165=CARTESIAN_POINT('',(-0.0254432776415475,0.0795889367630049,-0.0197669463585618));
#5166=CARTESIAN_POINT('',(-0.0223731575130062,0.0530006515331776,-0.0247807996844157));
#5167=CARTESIAN_POINT('',(-0.016158230305827,0.0796697976849701,-0.0239331038235868));
#5168=CARTESIAN_POINT('',(-0.015416667076739,0.0714444206056913,-0.0247942531863223));
#5169=CARTESIAN_POINT('',(-0.014675103847651,0.0632190435264125,-0.0256554025490579));
#5170=CARTESIAN_POINT('',(-0.013191977389475,0.0467682893678549,-0.0273777012745289));
#5171=CARTESIAN_POINT('',(-0.0124504141603871,0.0385429122885761,-0.0282388506372644));
#5172=CARTESIAN_POINT('',(-0.0117088509312991,0.0303175352092972,-0.0291));
#5173=CARTESIAN_POINT('',(-0.015305123829552,0.0795013181557253,-0.0215892130436307));
#5174=CARTESIAN_POINT('',(-0.0146589902472823,0.0712637935634234,-0.0224165020221143));
#5175=CARTESIAN_POINT('',(-0.0140264643767177,0.0630252041049477,-0.0232453566211786));
#5176=CARTESIAN_POINT('',(-0.0127944770154332,0.0465464127011125,-0.024916117951453));
#5177=CARTESIAN_POINT('',(-0.0121953022040299,0.0383061924684917,-0.0257580713995127));
#5178=CARTESIAN_POINT('',(-0.0116123062928398,0.030066027827392,-0.0266145577517005));
#5179=CARTESIAN_POINT('',(-0.013933540618563,0.0549936664471337,-0.0265165519117934));
#5180=CARTESIAN_POINT('',(-0.015305123829552,0.0795013181557252,-0.0215892130436307));
#5181=CARTESIAN_POINT('',(-0.0154687970028174,0.0795336418807802,-0.0220389013913477));
#5182=CARTESIAN_POINT('',(-0.0156324701760827,0.0795659656058352,-0.0224885897390648));
#5183=CARTESIAN_POINT('',(-0.0157961433493481,0.0795982893308902,-0.0229382780867818));
#5184=CARTESIAN_POINT('',(-0.0256961104068039,0.0796697976849701,-0.0204615993688313));
#5185=CARTESIAN_POINT('',(-0.0190502046192086,0.0263315053813851,-0.0291));
#5186=CARTESIAN_POINT('',(-0.0249012870650559,0.0796697976849701,-0.0207508914067275));
#5187=CARTESIAN_POINT('',(-0.0184854041296969,0.0267418569568536,-0.0291));
#5188=CARTESIAN_POINT('',(-0.0241064637233078,0.0796697976849701,-0.0210401834446238));
#5189=CARTESIAN_POINT('',(-0.0179071704577272,0.0271337186463473,-0.0291));
#5190=CARTESIAN_POINT('',(-0.0225168170398117,0.0796697976849701,-0.0216187675204164));
#5191=CARTESIAN_POINT('',(-0.0167263116525709,0.0278787850654804,-0.0291));
#5192=CARTESIAN_POINT('',(-0.0217219936980635,0.0796697976849701,-0.0219080595583127));
#5193=CARTESIAN_POINT('',(-0.0161236869597098,0.028231989509719,-0.0291));
#5194=CARTESIAN_POINT('',(-0.0201323470145674,0.0796697976849701,-0.0224866436341053));
#5195=CARTESIAN_POINT('',(-0.0148966267886041,0.0288982288234202,-0.0291));
#5196=CARTESIAN_POINT('',(-0.0193375236728193,0.0796697976849701,-0.0227759356720016));
#5197=CARTESIAN_POINT('',(-0.0142721916855575,0.0292112634891668,-0.0291));
#5198=CARTESIAN_POINT('',(-0.0177478769893232,0.0796697976849701,-0.0233545197477942));
#5199=CARTESIAN_POINT('',(-0.0130041846085368,0.0297958227584119,-0.0291));
#5200=CARTESIAN_POINT('',(-0.0169530536475751,0.0796697976849701,-0.0236438117856905));
#5201=CARTESIAN_POINT('',(-0.0123606131137382,0.0300673471480626,-0.0291));
#5202=CARTESIAN_POINT('',(-0.016158230305827,0.0796697976849701,-0.0239331038235868));
#5203=CARTESIAN_POINT('',(-0.0117088509312991,0.0303175352092972,-0.0291));
#5204=CARTESIAN_POINT('',(-0.0170979229266129,0.0796697976849701,-0.0235910836802611));
#5205=CARTESIAN_POINT('',(-0.0169337937369332,0.0796697976849701,-0.0236508218198788));
#5206=CARTESIAN_POINT('',(-0.0166475892972597,0.0793409228283942,-0.0237795086393067));
#5207=CARTESIAN_POINT('',(-0.0169500155407975,0.079011013596627,-0.0236953738267053));
#5208=CARTESIAN_POINT('',(-0.0171142872983167,0.0790126209440814,-0.0236360444220009));
#5209=CARTESIAN_POINT('',(-0.0171142872983167,0.0790126209440814,-0.0236360444220009));
#5210=CARTESIAN_POINT('',(-0.0247779906238557,0.0790777813265889,-0.0208628903969895));
#5211=CARTESIAN_POINT('',(-0.0249256280812813,0.079078832146497,-0.020809376929665));
#5212=CARTESIAN_POINT('',(-0.0251777071399915,0.0793738776264956,-0.020684196590535));
#5213=CARTESIAN_POINT('',(-0.024903988843077,0.0796697976849706,-0.0207499080399482));
#5214=CARTESIAN_POINT('',(-0.0247564177860172,0.0796697976849701,-0.0208036195121572));
#5215=CARTESIAN_POINT('',(-0.0247779906238557,0.0790777813265889,-0.0208628903969895));
#5216=CARTESIAN_POINT('',(-0.0171142872983167,0.0790126209440814,-0.0236360444220009));
#5217=CARTESIAN_POINT('',(-0.019669392702914,0.0790376218464263,-0.0227132267392723));
#5218=CARTESIAN_POINT('',(-0.0222238960468975,0.0790596023801486,-0.02178866126213));
#5219=CARTESIAN_POINT('',(-0.0247779906238565,0.0790777813265719,-0.0208628903969912));
#5220=CARTESIAN_POINT('',(-0.0253318551558648,0.079612798956927,-0.020037290770388));
#5221=CARTESIAN_POINT('',(-0.0244003249567476,0.0795577899305676,-0.0198252625045068));
#5222=CARTESIAN_POINT('',(-0.0252543778079274,0.079646633036824,-0.020394135086518));
#5223=CARTESIAN_POINT('',(-0.0256961075732389,0.0796697975327282,-0.020461598921577));
#5224=CARTESIAN_POINT('',(-0.025548979370348,0.0796618926229983,-0.0204383759859046));
#5225=CARTESIAN_POINT('',(-0.0254017386721075,0.0796541507859321,-0.0204158778522455));
#5226=CARTESIAN_POINT('',(-0.0252543860245821,0.0796465728476263,-0.0203941004343016));
#5227=CARTESIAN_POINT('',(-0.0238271684935353,0.0200084196380651,-0.0487924786305465));
#5228=CARTESIAN_POINT('',(-0.0247405678016132,0.079819193239719,-0.0207405643522671));
#5229=CARTESIAN_POINT('',(-0.0249487886084098,0.0797860467517144,-0.0206783641189781));
#5230=CARTESIAN_POINT('',(-0.0251293085608926,0.0797256588085619,-0.0205570863792831));
#5231=CARTESIAN_POINT('',(-0.0252543798038281,0.07964649581879,-0.0203942033085841));
#5232=CARTESIAN_POINT('',(-0.0247405528509189,0.0798187677838179,-0.0207407410288279));
#5233=CARTESIAN_POINT('',(-0.0256961912844185,0.0796698650715967,-0.0204617482774119));
#5234=CARTESIAN_POINT('',(-0.0253776358454133,0.0797197124947302,-0.0205545999871607));
#5235=CARTESIAN_POINT('',(-0.0250590867769329,0.0797694784752205,-0.0206475171574903));
#5236=CARTESIAN_POINT('',(-0.0247405438481513,0.0798191629212074,-0.0207404990462545));
#5237=CARTESIAN_POINT('',(-0.0360192586059636,0.083550255497233,-0.056714555729702));
#5238=CARTESIAN_POINT('',(-0.0249916366146945,0.0796646923660665,-0.0206793695902451));
#5239=CARTESIAN_POINT('',(-0.0249204577341023,0.0797399475749037,-0.0206933198139587));
#5240=CARTESIAN_POINT('',(-0.0248341513454621,0.0798048188615365,-0.0207131480942871));
#5241=CARTESIAN_POINT('',(-0.0247341146586873,0.0798204890618441,-0.0207423421734327));
#5242=CARTESIAN_POINT('',(-0.0137673960393806,0.0692180228062603,0.000531717569894714));
#5243=CARTESIAN_POINT('',(-0.0140302654490892,0.0621609097924495,0.000460579315892533));
#5244=CARTESIAN_POINT('',(-0.0143234605910161,0.0551053615429912,0.000389387366458434));
#5245=CARTESIAN_POINT('',(-0.0149609323177992,0.0409981669499874,0.000218795526518242));
#5246=CARTESIAN_POINT('',(-0.0153047242759981,0.0339465005723676,0.000119352596983979));
#5247=CARTESIAN_POINT('',(-0.0156645227190566,0.0268965845326924,4.33680868994202E-19));
#5248=CARTESIAN_POINT('',(-0.015198642993714,0.0692658618722059,0.00107467926780876));
#5249=CARTESIAN_POINT('',(-0.0154981483188291,0.0622151306351448,0.0009064064630892));
#5250=CARTESIAN_POINT('',(-0.0158164590243502,0.0551653697287812,0.000738100361134933));
#5251=CARTESIAN_POINT('',(-0.0164847567015764,0.0410682675385868,0.000383996046615218));
#5252=CARTESIAN_POINT('',(-0.0168344431499971,0.0340209138313662,0.000198171144989432));
#5253=CARTESIAN_POINT('',(-0.0171940554275646,0.0269746455314378,4.33680868994202E-19));
#5254=CARTESIAN_POINT('',(-0.0175349556228339,0.0693439525284659,0.00196098911680041));
#5255=CARTESIAN_POINT('',(-0.0178942640109946,0.0623036386589816,0.00163415759733367));
#5256=CARTESIAN_POINT('',(-0.0182535723991552,0.0552633247894975,0.00130732607786694));
#5257=CARTESIAN_POINT('',(-0.0189721891754766,0.0411826970505291,0.000653663038933469));
#5258=CARTESIAN_POINT('',(-0.0193314975636372,0.0341423831810449,0.000326831519466734));
#5259=CARTESIAN_POINT('',(-0.0196908059517979,0.0271020693115607,4.33680868994202E-19));
#5260=CARTESIAN_POINT('',(-0.0155477222284976,0.0296735291717295,4.6468346844341E-5));
#5261=CARTESIAN_POINT('',(-0.0158611383775149,0.0295093118587619,4.97815088102305E-5));
#5262=CARTESIAN_POINT('',(-0.0166566427457695,0.0295511995431186,6.31990396541985E-5));
#5263=CARTESIAN_POINT('',(-0.0170273140448237,0.0302561541676202,9.14185193176003E-5));
#5264=CARTESIAN_POINT('',(-0.0170094650761071,0.0306094119727311,0.000101145543269342));
#5265=CARTESIAN_POINT('',(-0.0166006674136129,0.0693127241823599,0.00160655502638447));
#5266=CARTESIAN_POINT('',(-0.0169120968166866,0.0693231336310619,0.00172469972318978));
#5267=CARTESIAN_POINT('',(-0.0172235262197603,0.0693335430797639,0.00184284441999509));
#5268=CARTESIAN_POINT('',(-0.0175349556228339,0.0693439525284659,0.00196098911680041));
#5269=CARTESIAN_POINT('',(-0.0165950616843576,0.0693125368122832,0.00160442842184198));
#5270=CARTESIAN_POINT('',(-0.0166997752148461,0.0694486906045602,0.00131640738382498));
#5271=CARTESIAN_POINT('',(-0.0168045072578776,0.0695848155196817,0.00102837977021249));
#5272=CARTESIAN_POINT('',(-0.0169092572499467,0.0697209120225566,0.000740345591153852));
#5273=CARTESIAN_POINT('',(-0.0175349556228339,0.0693439525284659,0.00196098911680041));
#5274=CARTESIAN_POINT('',(-0.0176402135935092,0.0694771294544587,0.0016717952191524));
#5275=CARTESIAN_POINT('',(-0.0177454715641846,0.0696103063804516,0.0013826013215044));
#5276=CARTESIAN_POINT('',(-0.0178507295348599,0.0697434833064445,0.00109340742385639));
#5277=CARTESIAN_POINT('',(-0.0178488461914482,0.0697411004191007,0.00109858186735307));
#5278=CARTESIAN_POINT('',(-0.017765991999547,0.0696362697206536,0.00132622188870861));
#5279=CARTESIAN_POINT('',(-0.017400395627064,0.0694255593698983,0.00169592876026074));
#5280=CARTESIAN_POINT('',(-0.0168478295246495,0.0693212132619618,0.0016997523399727));
#5281=CARTESIAN_POINT('',(-0.0166011528797384,0.0693129694956486,0.00160617309799463));
#5282=CARTESIAN_POINT('',(0.0164337247364789,0.0686196011707763,-0.040811530178991));
#5283=CARTESIAN_POINT('',(0.018131448082702,0.0796777300802606,-0.036349517944264));
#5284=CARTESIAN_POINT('',(0.0180241031108011,0.0796957457363765,-0.0363423898686737));
#5285=CARTESIAN_POINT('',(0.0179195428191458,0.0797068859505825,-0.0363193193429884));
#5286=CARTESIAN_POINT('',(0.0178178185144452,0.0797114217356058,-0.0362802059454367));
#5287=CARTESIAN_POINT('',(0.0178178185252922,0.0797114217913905,-0.0362802059236953));
#5288=CARTESIAN_POINT('',(0.0178177931481586,0.0797114530491524,-0.036280275584432));
#5289=CARTESIAN_POINT('',(0.0181283454516601,0.0796975858061967,-0.0363996311655489));
#5290=CARTESIAN_POINT('',(0.0184388900786115,0.0796836853777346,-0.0365190028554658));
#5291=CARTESIAN_POINT('',(0.0187494271701535,0.0796697516327993,-0.0366383902664765));
#5292=CARTESIAN_POINT('',(0.0159092585024794,0.0785371666097193,-0.0433388571628922));
#5293=CARTESIAN_POINT('',(0.0178177955984479,0.0797113037211665,-0.0362802519516053));
#5294=CARTESIAN_POINT('',(0.0178767329714414,0.0797086916030427,-0.0363029067344906));
#5295=CARTESIAN_POINT('',(0.0179340792008339,0.0796952248796539,-0.0363231286259242));
#5296=CARTESIAN_POINT('',(0.0179900135551233,0.0796723658894696,-0.036341344300536));
#5297=CARTESIAN_POINT('',(0.0189978803484416,0.0793578775551863,-0.0359618171111944));
#5298=CARTESIAN_POINT('',(0.0196908059517979,0.0271020693115607,-0.0272511633658961));
#5299=CARTESIAN_POINT('',(0.0216360886790742,0.0760199025462795,-0.0287133992949642));
#5300=CARTESIAN_POINT('',(0.0196908059517979,0.0271020693115607,-0.0181674422439308));
#5301=CARTESIAN_POINT('',(0.0242742970097069,0.0726819275373727,-0.0214649814787339));
#5302=CARTESIAN_POINT('',(0.0196908059517979,0.0271020693115607,-0.00908372112196537));
#5303=CARTESIAN_POINT('',(0.0269125053403396,0.0693439525284659,-0.0142165636625037));
#5304=CARTESIAN_POINT('',(0.0196908059517979,0.0271020693115607,0.));
#5305=CARTESIAN_POINT('',(0.0263483246062361,0.069211888262614,-0.0152315806788185));
#5306=CARTESIAN_POINT('',(0.0239935719298669,0.072507003795141,-0.0220390692761653));
#5307=CARTESIAN_POINT('',(0.021573453557168,0.0758038960262684,-0.0288228881937771));
#5308=CARTESIAN_POINT('',(0.0191203747180139,0.079074836729745,-0.0356072624333836));
#5309=CARTESIAN_POINT('',(0.0263483246062361,0.069211888262614,-0.0152315806788185));
#5310=CARTESIAN_POINT('',(0.0191203747180121,0.079074836729737,-0.0356072624333868));
#5311=CARTESIAN_POINT('',(0.0265986147717253,0.0697411004191006,-0.015078970911951));
#5312=CARTESIAN_POINT('',(0.0266494123160191,0.0696768291743328,-0.01493940580604));
#5313=CARTESIAN_POINT('',(0.0266131014856369,0.0692952413329221,-0.0147606625916249));
#5314=CARTESIAN_POINT('',(0.0263964353863427,0.0691445645982637,-0.0150924944850654));
#5315=CARTESIAN_POINT('',(0.026348324606236,0.0692118882626139,-0.0152315806788185));
#5316=CARTESIAN_POINT('',(0.0265986147717253,0.0697411004191006,-0.015078970911951));
#5317=CARTESIAN_POINT('',(0.0187513505563696,0.0796697976849701,-0.0366391521481354));
#5318=CARTESIAN_POINT('',(0.0269125053403396,0.0693439525284659,-0.0142165636625037));
#5319=CARTESIAN_POINT('',(0.0233016556460687,0.0482230109200133,-0.00710828183125185));
#5320=CARTESIAN_POINT('',(0.0196908059517979,0.0271020693115607,-0.0270886315764375));
#5321=CARTESIAN_POINT('',(0.019476442269765,0.0444298984413789,-0.0299046437681059));
#5322=CARTESIAN_POINT('',(0.0192906717133988,0.0617557777905916,-0.0327348447530739));
#5323=CARTESIAN_POINT('',(0.0191203747180122,0.079074836729737,-0.0356072624333869));
#5324=CARTESIAN_POINT('',(0.0195713026475981,0.0675989050912143,-0.0325245659663027));
#5325=CARTESIAN_POINT('',(0.0195712842004168,0.0675926614941018,-0.0325236664742847));
#5326=CARTESIAN_POINT('',(0.0195712657456488,0.0675864178970055,-0.0325227669818519));
#5327=CARTESIAN_POINT('',(0.0195712472832912,0.0675801742999252,-0.0325218674890048));
#5328=CARTESIAN_POINT('',(0.0195713613030863,0.067598910468014,-0.0325245274416703));
#5329=CARTESIAN_POINT('',(0.019571266844247,0.0675801760931818,-0.0325218546400832));
#5330=CARTESIAN_POINT('',(0.019571358234928,0.0675986579836219,-0.0325245482690347));
#5331=CARTESIAN_POINT('',(0.0195331375575734,0.0667819405088033,-0.0325219998736436));
#5332=CARTESIAN_POINT('',(0.0195086333602287,0.0651546826031708,-0.0323554944833176));
#5333=CARTESIAN_POINT('',(0.0195029828018029,0.0619244494499828,-0.0318804459040564));
#5334=CARTESIAN_POINT('',(0.0195221452402432,0.0595140758573086,-0.03143728300544));
#5335=CARTESIAN_POINT('',(0.0195361052167275,0.0579102925721577,-0.0311288549155163));
#5336=CARTESIAN_POINT('',(0.0195361444528157,0.0579103184160093,-0.0311286944084802));
#5337=CARTESIAN_POINT('',(0.0195361704781743,0.0579103486447168,-0.0311285439373594));
#5338=CARTESIAN_POINT('',(0.0195404289105136,0.0611340263186147,-0.0315903791797674));
#5339=CARTESIAN_POINT('',(0.019551916717863,0.0643573552676781,-0.0320544526137064));
#5340=CARTESIAN_POINT('',(0.0195712472832908,0.067580174299811,-0.0325218674889884));
#5341=CARTESIAN_POINT('',(0.0269125053403396,0.0693439525284659,-0.0142165636625037));
#5342=CARTESIAN_POINT('',(0.0257088887755826,0.0623036386589817,-0.0118471363854197));
#5343=CARTESIAN_POINT('',(0.0245052722108257,0.0552633247894975,-0.0094777091083358));
#5344=CARTESIAN_POINT('',(0.0220980390813117,0.0411826970505291,-0.0047388545541679));
#5345=CARTESIAN_POINT('',(0.0208944225165548,0.0341423831810449,-0.00236942727708396));
#5346=CARTESIAN_POINT('',(0.0196908059517979,0.0271020693115607,-8.67361737988404E-19));
#5347=CARTESIAN_POINT('',(0.0247958889590319,0.0700790078206817,-0.0131076773690697));
#5348=CARTESIAN_POINT('',(0.0234663745064762,0.0629901409579711,-0.0109463763880988));
#5349=CARTESIAN_POINT('',(0.0221779437755142,0.0558937686390831,-0.00878669337738982));
#5350=CARTESIAN_POINT('',(0.0196646830197298,0.0417041919614895,-0.00442542008077806));
#5351=CARTESIAN_POINT('',(0.0184382842623023,0.0346111053956193,-0.00222433981934064));
#5352=CARTESIAN_POINT('',(0.0172265585386459,0.0275233586263717,-8.67361737988404E-19));
#5353=CARTESIAN_POINT('',(0.0236568201785749,0.0704745818806138,-0.0125109240938508));
#5354=CARTESIAN_POINT('',(0.0222595530832714,0.0633595859567893,-0.0104616274271184));
#5355=CARTESIAN_POINT('',(0.0209254791409471,0.0562330454741468,-0.00841481945026895));
#5356=CARTESIAN_POINT('',(0.0183551590332569,0.0419848373242903,-0.00425674359007794));
#5357=CARTESIAN_POINT('',(0.0171164999131815,0.0348633508407757,-0.00214626020368107));
#5358=CARTESIAN_POINT('',(0.0159004102009347,0.0277500777948896,-8.67361737988404E-19));
#5359=CARTESIAN_POINT('',(0.0269125053403396,0.0693439525284659,-0.0142165636625037));
#5360=CARTESIAN_POINT('',(0.0266145871815426,0.0694474130899568,-0.0140604856099229));
#5361=CARTESIAN_POINT('',(0.0263166690227455,0.0695508736514477,-0.0139044075573421));
#5362=CARTESIAN_POINT('',(0.0260187508639485,0.0696543342129386,-0.0137483295047614));
#5363=CARTESIAN_POINT('',(0.0260187508639486,0.0696543342129386,-0.0137483295047613));
#5364=CARTESIAN_POINT('',(0.0258541971496857,0.0697114801745738,-0.0136621205157867));
#5365=CARTESIAN_POINT('',(0.017655589968218,0.0300292940444778,-0.000785403772324603));
#5366=CARTESIAN_POINT('',(0.0176030085030707,0.0297226261132658,-0.000689414077556744));
#5367=CARTESIAN_POINT('',(0.0172014923612466,0.0291671259160923,-0.000493479631708421));
#5368=CARTESIAN_POINT('',(0.0164779041793582,0.0291690630801813,-0.000449074242013337));
#5369=CARTESIAN_POINT('',(0.0161934749989042,0.0293261209071344,-0.000476401417240119));
#5370=CARTESIAN_POINT('',(0.0269125053403396,0.0693439525284659,-0.0142165636625037));
#5371=CARTESIAN_POINT('',(0.0268072473696642,0.0694771294544587,-0.0145057575601517));
#5372=CARTESIAN_POINT('',(0.0267019893989889,0.0696103063804516,-0.0147949514577997));
#5373=CARTESIAN_POINT('',(0.0265967314283136,0.0697434833064444,-0.0150841453554477));
#5374=CARTESIAN_POINT('',(0.0260133883370902,0.0696561965030454,-0.0137455200998149));
#5375=CARTESIAN_POINT('',(0.0259061126886888,0.0697852915670751,-0.0140358595211263));
#5376=CARTESIAN_POINT('',(0.0257988782119745,0.0699144081442858,-0.0143262039964166));
#5377=CARTESIAN_POINT('',(0.0256916838900993,0.0700435466210436,-0.0146165529804707));
#5378=CARTESIAN_POINT('',(0.0260187508639486,0.0696543342129386,-0.0137483295047613));
#5379=CARTESIAN_POINT('',(0.026248610410802,0.0695745089418724,-0.0138687519408587));
#5380=CARTESIAN_POINT('',(0.0266391431266863,0.0694946168628177,-0.0142817112241143));
#5381=CARTESIAN_POINT('',(0.0266839743740733,0.0696330997672569,-0.0148444473319662));
#5382=CARTESIAN_POINT('',(0.0265986147717253,0.0697411004191006,-0.015078970911951));
#5383=CARTESIAN_POINT('',(0.0195715522727111,0.0676570435814745,-0.0325328894485555));
#5384=CARTESIAN_POINT('',(0.0195619272655615,0.0643887689856604,-0.0320620370577644));
#5385=CARTESIAN_POINT('',(0.0195501980556862,0.0611204962896567,-0.0315910883156464));
#5386=CARTESIAN_POINT('',(0.0195359436285612,0.0578522082749599,-0.03112014744662));
#5387=CARTESIAN_POINT('',(0.0195028392878391,0.0676261308306836,-0.0327488686230715));
#5388=CARTESIAN_POINT('',(0.0194957709457608,0.0643577574924948,-0.0322788161230147));
#5389=CARTESIAN_POINT('',(0.0194867909253232,0.061089385880293,-0.0318086760873111));
#5390=CARTESIAN_POINT('',(0.0194755167327936,0.0578210003509844,-0.0313385432043494));
#5391=CARTESIAN_POINT('',(0.0195712472832912,0.0675801742999252,-0.0325218674890048));
#5392=CARTESIAN_POINT('',(0.0195617160331443,0.0643568976791567,-0.0320575014789511));
#5393=CARTESIAN_POINT('',(0.0195501697840371,0.061133626145227,-0.0315930196052164));
#5394=CARTESIAN_POINT('',(0.0195361704413333,0.0579103401622274,-0.0311285427150291));
#5395=CARTESIAN_POINT('',(0.0195714186274207,0.0676381932795636,-0.0325302260652425));
#5396=CARTESIAN_POINT('',(0.0195617957440543,0.0643762370973987,-0.0320602902762964));
#5397=CARTESIAN_POINT('',(0.0195501135508718,0.061114286406841,-0.0315902340035028));
#5398=CARTESIAN_POINT('',(0.0195359181872557,0.057852321012871,-0.0311201821322264));
#5399=CARTESIAN_POINT('',(0.0195688773662546,0.0676384949710189,-0.0325294610291739));
#5400=CARTESIAN_POINT('',(0.0195592987470985,0.0643766239809032,-0.0320595845201225));
#5401=CARTESIAN_POINT('',(0.0195476606676346,0.0611147584351545,-0.0315895876264494));
#5402=CARTESIAN_POINT('',(0.0195335092975627,0.0578528781262414,-0.0311195952886424));
#5403=CARTESIAN_POINT('',(0.0195663361050885,0.0676387966624741,-0.0325286959931052));
#5404=CARTESIAN_POINT('',(0.0195568017501426,0.0643770108644076,-0.0320588787639487));
#5405=CARTESIAN_POINT('',(0.0195452077843975,0.0611152304634679,-0.031588941249396));
#5406=CARTESIAN_POINT('',(0.0195311004078697,0.0578534352396118,-0.0311190084450584));
#5407=CARTESIAN_POINT('',(0.0195637948439224,0.0676390983539293,-0.0325279309570365));
#5408=CARTESIAN_POINT('',(0.0195543047531867,0.064377397747912,-0.0320581730077748));
#5409=CARTESIAN_POINT('',(0.0195427549011603,0.0611157024917814,-0.0315882948723427));
#5410=CARTESIAN_POINT('',(0.0195286915181766,0.0578539923529821,-0.0311184216014743));
#5411=CARTESIAN_POINT('',(0.0324846117415616,0.001,0.01));
#5412=CARTESIAN_POINT('',(0.0324846117415616,0.001,0.001));
#5413=CARTESIAN_POINT('',(0.0324846117415616,0.001,0.009));
#5414=CARTESIAN_POINT('',(0.0295,0.001,0.001));
#5415=CARTESIAN_POINT('',(0.0324846117415616,0.001,0.001));
#5416=CARTESIAN_POINT('',(0.0264811253537308,0.001,0.001));
#5417=CARTESIAN_POINT('',(0.0324846117415616,0.001,0.009));
#5418=CARTESIAN_POINT('',(0.0324846117415616,0.001,0.009));
#5419=CARTESIAN_POINT('',(0.0324846117415616,0.001,0.009));
#5420=CARTESIAN_POINT('',(0.,0.001,0.009));
#5421=CARTESIAN_POINT('',(0.0264811253537308,0.001,0.009));
#5422=CARTESIAN_POINT('',(0.0264811253537308,0.001,0.01));
#5423=CARTESIAN_POINT('',(0.0264811253537308,0.001,0.001));
#5424=CARTESIAN_POINT('',(0.0264811253537308,0.001,0.009));
#5425=CARTESIAN_POINT('',(0.0264811253537308,0.001,0.001));
#5426=CARTESIAN_POINT('',(0.0264811253537308,0.001,0.001));
#5427=CARTESIAN_POINT('',(-3.46944695195361E-18,1.7347234759768E-18,0.009));
#5428=CARTESIAN_POINT('',(-0.0324846117415616,0.001,0.009));
#5429=CARTESIAN_POINT('',(0.0264811253537308,0.001,0.009));
#5430=CARTESIAN_POINT('',(0.0264811253537308,0.001,0.009));
#5431=CARTESIAN_POINT('',(4.33680868994202E-18,-1.7347234759768E-18,0.001));
#5432=CARTESIAN_POINT('',(0.0224228074110648,0.0141233037142979,0.));
#5433=CARTESIAN_POINT('',(0.0224321104037097,0.0140646412682625,-4.49197536394167E-19));
#5434=CARTESIAN_POINT('',(0.0224485146537515,0.01395411634112,2.3470086647217E-7));
#5435=CARTESIAN_POINT('',(0.022403642746123,0.0137411570088526,1.93534142124595E-5));
#5436=CARTESIAN_POINT('',(0.0222002331451252,0.0138013514838857,6.4903800180586E-5));
#5437=CARTESIAN_POINT('',(0.0220235202640467,0.0139368362924318,9.99023652650752E-5));
#5438=CARTESIAN_POINT('',(0.0218051334965473,0.0141364807593392,0.000140601859412776));
#5439=CARTESIAN_POINT('',(0.0214848541621614,0.0144723485479521,0.000195792833437262));
#5440=CARTESIAN_POINT('',(0.0210945430287854,0.0149069319224183,0.000257879361928913));
#5441=CARTESIAN_POINT('',(0.0206301502398372,0.015431364782562,0.000325703306270703));
#5442=CARTESIAN_POINT('',(0.0201619621945784,0.0159530185920041,0.000389346945198101));
#5443=CARTESIAN_POINT('',(0.0195290524898295,0.0166402975275619,0.000470083223999699));
#5444=CARTESIAN_POINT('',(0.0187167787108119,0.0174793021289443,0.000565254042755542));
#5445=CARTESIAN_POINT('',(0.0177011604881317,0.0184459666774303,0.000673826635750544));
#5446=CARTESIAN_POINT('',(0.0162865782036952,0.0196773245640319,0.000814054407094777));
#5447=CARTESIAN_POINT('',(0.0151630303962608,0.020524996388685,0.000915766971813135));
#5448=CARTESIAN_POINT('',(0.0143883136214937,0.0210531080194416,0.000983519875321535));
#5449=CARTESIAN_POINT('',(-0.0324846117415616,0.001,0.009));
#5450=CARTESIAN_POINT('',(-0.0324846117415616,0.001,0.009));
#5451=CARTESIAN_POINT('',(-0.0324846117415616,0.001,0.009));
#5452=CARTESIAN_POINT('',(-2.75419877934187E-18,0.001,0.009));
#5453=CARTESIAN_POINT('',(-0.0264811253537307,0.001,0.009));
#5454=CARTESIAN_POINT('',(4.33680868994202E-18,-1.7347234759768E-18,0.009));
#5455=CARTESIAN_POINT('',(-0.0264811253537307,0.001,0.009));
#5456=CARTESIAN_POINT('',(0.0147561979526563,0.0220114656936339,0.01));
#5457=CARTESIAN_POINT('',(0.0147561979526563,0.0220114656936339,-0.01));
#5458=CARTESIAN_POINT('',(0.0154531625264629,0.0212943601345572,-0.00999996353344482));
#5459=CARTESIAN_POINT('',(0.0154531624488753,0.0212943600591488,-0.01));
#5460=CARTESIAN_POINT('',(0.0154108520007485,0.0212532379723245,-0.01));
#5461=CARTESIAN_POINT('',(0.0153429905854511,0.021200086726448,-0.00990171733222022));
#5462=CARTESIAN_POINT('',(0.0152629132487096,0.0211476094572557,-0.00969880003783487));
#5463=CARTESIAN_POINT('',(0.0151870205993587,0.0211076501789389,-0.00942034513248464));
#5464=CARTESIAN_POINT('',(0.0151157211948211,0.0210774558691187,-0.00908744369698719));
#5465=CARTESIAN_POINT('',(0.0150336338425964,0.0210491997333352,-0.00863766363363653));
#5466=CARTESIAN_POINT('',(0.0149477403720766,0.0210284507521836,-0.00807141721077952));
#5467=CARTESIAN_POINT('',(0.0148596815055624,0.021015685417768,-0.00739050590249726));
#5468=CARTESIAN_POINT('',(0.0147819005448781,0.0210108930320569,-0.00670856528223156));
#5469=CARTESIAN_POINT('',(0.0146881980533013,0.021011990920986,-0.00579832863875446));
#5470=CARTESIAN_POINT('',(0.0145854608822975,0.021023875679988,-0.0046591222548577));
#5471=CARTESIAN_POINT('',(0.0144773253498915,0.0210491726492438,-0.00329052875007908));
#5472=CARTESIAN_POINT('',(0.0143478566068361,0.0210943644606796,-0.0014645402186819));
#5473=CARTESIAN_POINT('',(0.0142630702761895,0.0211391934209981,-9.46034000934302E-5));
#5474=CARTESIAN_POINT('',(0.0142098739589978,0.0211738917602089,0.000818718628536474));
#5475=CARTESIAN_POINT('',(0.0155652149470313,0.0214236804413414,-0.0290998218579968));
#5476=CARTESIAN_POINT('',(0.0153789390571539,0.0211672936742946,-0.0290938392002902));
#5477=CARTESIAN_POINT('',(0.0148168858536753,0.0209180880270371,-0.0287726613204246));
#5478=CARTESIAN_POINT('',(0.0143805195505691,0.0210593975567844,-0.0283223362124012));
#5479=CARTESIAN_POINT('',(0.0141993602940655,0.0211808443467044,-0.0281));
#5480=CARTESIAN_POINT('',(-0.0324846117415616,0.001,0.01));
#5481=CARTESIAN_POINT('',(-0.0324846117415616,0.001,0.001));
#5482=CARTESIAN_POINT('',(-0.0264811253537307,0.001,0.009));
#5483=CARTESIAN_POINT('',(-0.0264811253537307,0.001,0.009));
#5484=CARTESIAN_POINT('',(4.33680868994202E-18,-1.7347234759768E-18,-0.0281));
#5485=CARTESIAN_POINT('',(-0.0155652149470313,0.0214236804413414,-0.0290998218579968));
#5486=CARTESIAN_POINT('',(-0.0153789390571539,0.0211672936742946,-0.0290938392002902));
#5487=CARTESIAN_POINT('',(-0.014816885853665,0.0209180880270441,-0.0287726613204368));
#5488=CARTESIAN_POINT('',(-0.0143805195505899,0.0210593975567705,-0.0283223362123767));
#5489=CARTESIAN_POINT('',(-0.0141993602940655,0.0211808443467043,-0.0281));
#5490=CARTESIAN_POINT('',(-0.0295,0.001,0.001));
#5491=CARTESIAN_POINT('',(-0.0324846117415616,0.001,0.001));
#5492=CARTESIAN_POINT('',(-0.0264811253537307,0.001,0.001));
#5493=CARTESIAN_POINT('',(-0.0264811253537307,0.001,0.01));
#5494=CARTESIAN_POINT('',(-0.0264811253537307,0.001,0.001));
#5495=CARTESIAN_POINT('',(-0.0147561979526563,0.0220114656936339,0.01));
#5496=CARTESIAN_POINT('',(-0.0154531624488752,0.0212943600591488,-0.01));
#5497=CARTESIAN_POINT('',(-0.0154110259739302,0.0212534070591718,-0.01));
#5498=CARTESIAN_POINT('',(-0.0153433359906582,0.0212003392302565,-0.00990236322681804));
#5499=CARTESIAN_POINT('',(-0.0152634198018557,0.021147914460659,-0.00970031681244272));
#5500=CARTESIAN_POINT('',(-0.0151876935232874,0.0211079757944489,-0.00942308433599736));
#5501=CARTESIAN_POINT('',(-0.015116546597987,0.0210777772845455,-0.00909157877687274));
#5502=CARTESIAN_POINT('',(-0.0150346385754461,0.0210494955976775,-0.00864369719449711));
#5503=CARTESIAN_POINT('',(-0.0149489278398814,0.0210286885595588,-0.0080798105357717));
#5504=CARTESIAN_POINT('',(-0.0148610505466726,0.021015833006147,-0.00740171208155572));
#5505=CARTESIAN_POINT('',(-0.0147834274332535,0.0210109369782684,-0.00672259268647028));
#5506=CARTESIAN_POINT('',(-0.0146899109997368,0.0210118831055467,-0.0058161181251734));
#5507=CARTESIAN_POINT('',(-0.0145873721426282,0.0210235573549677,-0.00468161746410715));
#5508=CARTESIAN_POINT('',(-0.0144794414024247,0.0210485718286843,-0.00331867834318689));
#5509=CARTESIAN_POINT('',(-0.0143502157654026,0.0210933415111063,-0.0015002097573238));
#5510=CARTESIAN_POINT('',(-0.0142655928823903,0.0211377905595797,-0.000135911696237526));
#5511=CARTESIAN_POINT('',(-0.0142125015806078,0.0211721837058483,0.000773653610276621));
#5512=CARTESIAN_POINT('',(-0.015453183851329,0.0212943808610991,-0.00999997757708953));
#5513=CARTESIAN_POINT('',(-0.0147561979526563,0.0220114656936339,-0.01));
#5514=CARTESIAN_POINT('',(-0.0264811253537307,0.001,0.001));
#5515=CARTESIAN_POINT('',(-0.0264811253537307,0.001,0.001));
#5516=CARTESIAN_POINT('',(4.33680868994202E-18,-1.7347234759768E-18,0.001));
#5517=CARTESIAN_POINT('',(-0.0224228074110647,0.0141233037142979,0.));
#5518=CARTESIAN_POINT('',(-0.0224320635272325,0.014064936860113,3.08660596617792E-19));
#5519=CARTESIAN_POINT('',(-0.0224480922321006,0.0139550726319822,2.99744475880596E-7));
#5520=CARTESIAN_POINT('',(-0.0224053498766531,0.0137427600517904,1.88813682987413E-5));
#5521=CARTESIAN_POINT('',(-0.0222026499768904,0.01379964589458,6.44101688135372E-5));
#5522=CARTESIAN_POINT('',(-0.0220263510122441,0.0139346059028212,9.93514741584347E-5));
#5523=CARTESIAN_POINT('',(-0.0218089143315592,0.0141326842367054,0.000139924540505182));
#5524=CARTESIAN_POINT('',(-0.0214900036079407,0.014466774180758,0.000194937465566845));
#5525=CARTESIAN_POINT('',(-0.0211015750510981,0.0148989958578002,0.000256800394561419));
#5526=CARTESIAN_POINT('',(-0.0206395279906734,0.0154208053880846,0.000324375416652778));
#5527=CARTESIAN_POINT('',(-0.0201738169742797,0.0159399312941769,0.000387780138878204));
#5528=CARTESIAN_POINT('',(-0.019544372771496,0.0166240102905249,0.00046820858448074));
#5529=CARTESIAN_POINT('',(-0.0187367432333557,0.0174593237621092,0.000563007214778582));
#5530=CARTESIAN_POINT('',(-0.0177272208868461,0.0184220525623933,0.000671134518586141));
#5531=CARTESIAN_POINT('',(-0.0163213996950486,0.0196489103591599,0.000810759496898413));
#5532=CARTESIAN_POINT('',(-0.0152048916405567,0.0204942188024983,0.000912009647437961));
#5533=CARTESIAN_POINT('',(-0.0144351260629385,0.0210211306476721,0.000979423055479663));
#5534=CARTESIAN_POINT('',(-0.0295,0.001,0.005));
#5535=CARTESIAN_POINT('',(0.0295,0.001,0.005));
#5536=CARTESIAN_POINT('',(0.0191172008977694,0.0793977390683926,-0.0356608215312735));
#5537=CARTESIAN_POINT('',(0.0189032333681967,0.0793121104260763,-0.036195805405857));
#5538=CARTESIAN_POINT('',(0.0183264098933299,0.0792958178636211,-0.0362753751577227));
#5539=CARTESIAN_POINT('',(0.0192896889624956,0.0618420314116259,-0.0327486351785469));
#5540=CARTESIAN_POINT('',(0.0191605065425036,0.061729241900925,-0.0333151687119032));
#5541=CARTESIAN_POINT('',(0.0185940842871758,0.0617066369191735,-0.0334842245891217));
#5542=CARTESIAN_POINT('',(0.0194779349735116,0.0442793457709703,-0.0298795853511715));
#5543=CARTESIAN_POINT('',(0.019423378740294,0.044181581415085,-0.030457799443657));
#5544=CARTESIAN_POINT('',(0.0188850459661748,0.0441409502576726,-0.0306931325132996));
#5545=CARTESIAN_POINT('',(0.019695609271224,0.0267141323254855,-0.0270255930577448));
#5546=CARTESIAN_POINT('',(0.0196979962276664,0.0266232310257626,-0.0276052240494576));
#5547=CARTESIAN_POINT('',(0.019187031979202,0.0265723638354171,-0.0278890706561733));
#5548=CARTESIAN_POINT('',(0.0191203747180136,0.079074836729745,-0.0356072624333843));
#5549=CARTESIAN_POINT('',(0.0190972925216974,0.0791056145809354,-0.0356710998672184));
#5550=CARTESIAN_POINT('',(0.0190621104805241,0.0790322429430399,-0.0357301369070504));
#5551=CARTESIAN_POINT('',(0.0190261238742998,0.0789906260436399,-0.0357795393871244));
#5552=CARTESIAN_POINT('',(-3.46944695195361E-18,1.7347234759768E-18,0.001));
#5553=CARTESIAN_POINT('',(-0.0253938033480484,0.021849593852533,0.001));
#5554=CARTESIAN_POINT('',(-0.0253938033480484,0.021849593852533,0.000862593040624569));
#5555=CARTESIAN_POINT('',(-0.0254259860678825,0.0217209157748895,0.000610473091881887));
#5556=CARTESIAN_POINT('',(-0.0255447358077233,0.0212806290038331,0.000302324395320003));
#5557=CARTESIAN_POINT('',(-0.025732101575619,0.0206592594607799,0.000113620404477016));
#5558=CARTESIAN_POINT('',(-0.0259889780378667,0.0198979865639091,1.52585775416893E-5));
#5559=CARTESIAN_POINT('',(-0.0261725931796243,0.0193922194061235,6.05080745342586E-19));
#5560=CARTESIAN_POINT('',(-0.026266425046616,0.0191396163825325,-1.82361509633633E-18));
#5561=CARTESIAN_POINT('',(-0.0324846117415616,0.001,0.001));
#5562=CARTESIAN_POINT('',(-0.0324846117415616,0.001,0.001));
#5563=CARTESIAN_POINT('',(-3.46944695195361E-18,1.7347234759768E-18,0.001));
#5564=CARTESIAN_POINT('',(0.026266425046616,0.0191396163825325,-8.67361737988407E-19));
#5565=CARTESIAN_POINT('',(0.0261726142543308,0.0193921626712982,-6.42108920911071E-19));
#5566=CARTESIAN_POINT('',(0.0259890316189149,0.0198978463939737,1.53060136832852E-5));
#5567=CARTESIAN_POINT('',(0.0257322410795986,0.0206588110766002,0.000113372988774422));
#5568=CARTESIAN_POINT('',(0.02554478942849,0.0212804772424888,0.000302699720443379));
#5569=CARTESIAN_POINT('',(0.0254262497720301,0.0217198994040879,0.000609077929552057));
#5570=CARTESIAN_POINT('',(0.0253938033480484,0.0218495938525331,0.000862896181443299));
#5571=CARTESIAN_POINT('',(0.0253938033480484,0.0218495938525331,0.001));
#5572=CARTESIAN_POINT('',(0.0324846117415616,0.001,0.001));
#5573=CARTESIAN_POINT('',(0.0324846117415616,0.001,0.001));
#5574=CARTESIAN_POINT('',(-0.0160381413232522,0.0294113587393611,-0.0265811107265306));
#5575=CARTESIAN_POINT('',(-0.0173467612766767,0.0286977626101431,-0.0265593762314246));
#5576=CARTESIAN_POINT('',(-0.0175107407588228,0.030179390354688,-0.0265676201651385));
#5577=CARTESIAN_POINT('',(-0.0159270175967802,0.0294719549887665,-0.0176417903042068));
#5578=CARTESIAN_POINT('',(-0.0172916055410411,0.0287344450287957,-0.0173475999370743));
#5579=CARTESIAN_POINT('',(-0.017400948906629,0.0302841747398667,-0.0176254902403484));
#5580=CARTESIAN_POINT('',(-0.0157846102042083,0.0295494613091707,-0.00870271268677054));
#5581=CARTESIAN_POINT('',(-0.0172165355594229,0.0287841826466141,-0.00822761610035994));
#5582=CARTESIAN_POINT('',(-0.0172577443152865,0.0304152563804158,-0.00868264894458683));
#5583=CARTESIAN_POINT('',(-0.015542684044949,0.0296761684298848,0.000233141132486331));
#5584=CARTESIAN_POINT('',(-0.0170933813800306,0.0288640016306073,0.000288237385388557));
#5585=CARTESIAN_POINT('',(-0.0170049812164584,0.0306129195580217,0.000260233346207332));
#5586=CARTESIAN_POINT('',(0.0161968430048781,0.0293242608888158,-0.000296701744797063));
#5587=CARTESIAN_POINT('',(0.0174144281420863,0.0286517448657451,-0.000327365356065651));
#5588=CARTESIAN_POINT('',(0.0176639306924726,0.0300204612633823,-0.000317591672889039));
#5589=CARTESIAN_POINT('',(0.0160295707052486,0.0294166513905385,-0.00922378978954651));
#5590=CARTESIAN_POINT('',(0.0173359658107631,0.0287046043605682,-0.00970828260708626));
#5591=CARTESIAN_POINT('',(0.0175050688357699,0.0301891985531802,-0.00924466401720333));
#5592=CARTESIAN_POINT('',(0.0158569278244076,0.0295100522617743,-0.018150760437567));
#5593=CARTESIAN_POINT('',(0.0172516924724015,0.0287604068416524,-0.0185119961278554));
#5594=CARTESIAN_POINT('',(0.0173303668159997,0.0303463200365921,-0.0181708064859023));
#5595=CARTESIAN_POINT('',(0.0156908237799149,0.0295981088772181,-0.0270779182077693));
#5596=CARTESIAN_POINT('',(0.0171691319730409,0.0288144144375845,-0.0271142066191455));
#5597=CARTESIAN_POINT('',(0.0171590047451552,0.0304878811246802,-0.0270970129048121));
#5598=CARTESIAN_POINT('',(2.08166817117217E-17,0.177996627545261,0.0059));
#5599=CARTESIAN_POINT('',(2.08166817117217E-17,0.029,0.0059));
#5600=CARTESIAN_POINT('',(0.00290000000000002,0.029,0.0059));
#5601=CARTESIAN_POINT('',(-6.93889390390723E-18,0.029,-0.00955));
#5602=CARTESIAN_POINT('',(0.,0.177996627545261,-0.0243));
#5603=CARTESIAN_POINT('',(0.,0.029,-0.0243));
#5604=CARTESIAN_POINT('',(0.0029,0.029,-0.0243));
#5605=CARTESIAN_POINT('',(-6.93889390390723E-18,0.029,-0.00955));
#5606=CARTESIAN_POINT('',(0.017339664942628,0.0238660013340609,0.0059));
#5607=CARTESIAN_POINT('',(0.017339664942628,0.0238660013340609,0.0059));
#5608=CARTESIAN_POINT('',(0.0196858142263153,0.0221614241024128,0.0059));
#5609=CARTESIAN_POINT('',(0.0145013768434184,0.0259281383448682,-0.00955));
#5610=CARTESIAN_POINT('',(-0.0173396649426279,0.0238660013340609,0.0059));
#5611=CARTESIAN_POINT('',(-0.0173396649426279,0.0238660013340609,0.0059));
#5612=CARTESIAN_POINT('',(-0.0149935156589406,0.0255705785657091,0.0059));
#5613=CARTESIAN_POINT('',(-0.0145013768434185,0.0259281383448682,-0.00950983100961894));
#5614=CARTESIAN_POINT('',(0.010937889497714,0.0786769279583832,-0.0313536497130871));
#5615=CARTESIAN_POINT('',(0.0108020569192376,0.0777591733326992,-0.0317268466552772));
#5616=CARTESIAN_POINT('',(0.0150395795955297,0.0723976768091297,-0.0200843487877378));
#5617=CARTESIAN_POINT('',(0.0151754121740061,0.0733154314348137,-0.0197111518455475));
#5618=CARTESIAN_POINT('',(0.0142357195532202,0.0733154314348137,-0.0193691317022219));
#5619=CARTESIAN_POINT('',(0.00999819687692811,0.0786769279583832,-0.0310116295697613));
#5620=CARTESIAN_POINT('',(0.0104670536447927,0.0792726497943354,-0.0326472605872581));
#5621=CARTESIAN_POINT('',(0.0102698620338809,0.0805124372097511,-0.030265235685381));
#5622=CARTESIAN_POINT('',(0.014507384710173,0.0751509406861816,-0.0186227378178415));
#5623=CARTESIAN_POINT('',(0.0144394684209348,0.0746920633733396,-0.0188093362889366));
#5624=CARTESIAN_POINT('',(0.0145964137052419,0.0744934894280222,-0.0183781326642129));
#5625=CARTESIAN_POINT('',(0.0102019457446427,0.0800535598969092,-0.0304518341564761));
#5626=CARTESIAN_POINT('',(0.0102698620338809,0.0805124372097511,-0.030265235685381));
#5627=CARTESIAN_POINT('',(0.0103377783231191,0.0809713145225931,-0.0300786372142859));
#5628=CARTESIAN_POINT('',(0.0103377783231191,0.0809713145225931,-0.0300786372142859));
#5629=CARTESIAN_POINT('',(0.00986694247019775,0.0815670363585453,-0.0313722480884569));
#5630=CARTESIAN_POINT('',(0.00979902618095955,0.0811081590457033,-0.0315588465595521));
#5631=CARTESIAN_POINT('',(-0.0209186798894566,0.0792726497943354,-0.0212237878001808));
#5632=CARTESIAN_POINT('',(0.0104670536447927,0.0792726497943354,-0.0326472605872581));
#5633=CARTESIAN_POINT('',(-0.0034723799252172,0.0796697976849701,-0.0285503757584833));
#5634=CARTESIAN_POINT('',(0.0181255485041979,0.0792726497943354,-0.0354347247553623));
#5635=CARTESIAN_POINT('',(0.0104670536447927,0.0792726497943354,-0.0326472605872581));
#5636=CARTESIAN_POINT('',(0.0181255485041979,0.0792726497943354,-0.0354347247553623));
#5637=CARTESIAN_POINT('',(-0.0163131965050774,0.0786769279583832,-0.0214350655566427));
#5638=CARTESIAN_POINT('',(-0.0158443397372128,0.0792726497943354,-0.0230706965741394));
#5639=CARTESIAN_POINT('',(-0.0111359812079993,0.0733154314348137,-0.0101345878324288));
#5640=CARTESIAN_POINT('',(-0.0120756738287852,0.0733154314348137,-0.00979256768910316));
#5641=CARTESIAN_POINT('',(-0.0122115064072616,0.0723976768091297,-0.0101657646312933));
#5642=CARTESIAN_POINT('',(-0.0122115064072616,0.0723976768091297,-0.0101657646312933));
#5643=CARTESIAN_POINT('',(-0.0244425272174038,0.0792726497943354,-0.0199412122627096));
#5644=CARTESIAN_POINT('',(-0.0244425272174038,0.0792726497943354,-0.0199412122627096));
#5645=CARTESIAN_POINT('',(-0.0253822198381897,0.0792726497943354,-0.0195991921193839));
#5646=CARTESIAN_POINT('',(-0.0244425272174038,0.0792726497943354,-0.0199412122627096));
#5647=CARTESIAN_POINT('',(-0.0239331550481173,0.0827142296406503,-0.0185417237294964));
#5648=CARTESIAN_POINT('',(-0.0248728476689033,0.0827142296406503,-0.0181997035861707));
#5649=CARTESIAN_POINT('',(-0.0239331550481173,0.0827142296406503,-0.0185417237294964));
#5650=CARTESIAN_POINT('',(-0.0248728476689033,0.0827142296406503,-0.0181997035861707));
#5651=CARTESIAN_POINT('',(-0.0203835809502584,0.113046020019506,-0.00586554464678483));
#5652=CARTESIAN_POINT('',(-0.0194438883294725,0.113046020019506,-0.0062075647901105));
#5653=CARTESIAN_POINT('',(-0.0197577788980868,0.113443167910141,-0.00706997203955786));
#5654=CARTESIAN_POINT('',(-0.0216798098835277,0.100456939956712,-0.0123507087715491));
#5655=CARTESIAN_POINT('',(0.0212021564066882,0.100059792066077,-0.0269818140147545));
#5656=CARTESIAN_POINT('',(0.0181255485041979,0.0792726497943354,-0.0354347247553623));
#5657=CARTESIAN_POINT('',(0.0190652411249837,0.0792726497943354,-0.035776744898688));
#5658=CARTESIAN_POINT('',(0.0240638800129151,0.113046020019506,-0.0220430974260889));
#5659=CARTESIAN_POINT('',(0.0212021564066882,0.100059792066077,-0.0269818140147545));
#5660=CARTESIAN_POINT('',(0.0240638800129151,0.113046020019506,-0.0220430974260889));
#5661=CARTESIAN_POINT('',(0.0240638800129151,0.113046020019506,-0.0220430974260889));
#5662=CARTESIAN_POINT('',(0.0178116579355837,0.0796697976849701,-0.0362971320048097));
#5663=CARTESIAN_POINT('',(0.022810296823515,0.113443167910141,-0.0225634845322107));
#5664=CARTESIAN_POINT('',(0.0231241873921292,0.113046020019506,-0.0217010772827632));
#5665=CARTESIAN_POINT('',(0.00437488429013855,0.0697411004191006,-0.00699019452229901));
#5666=CARTESIAN_POINT('',(-0.0169091535706622,0.0697411004191006,0.000756561724027365));
#5667=CARTESIAN_POINT('',(-0.016595263002048,0.0693439525284659,0.00161896897347474));
#5668=CARTESIAN_POINT('',(-0.0170449861491387,0.0688233457934167,0.000383364781837177));
#5669=CARTESIAN_POINT('',(0.0259728127195537,0.0693439525284659,-0.013874543519178));
#5670=CARTESIAN_POINT('',(-0.0205836766150117,0.0777591733326992,-0.0203033738682));
#5671=CARTESIAN_POINT('',(0.00141403659413405,0.0723976768091297,-0.0151250567095156));
#5672=CARTESIAN_POINT('',(-0.0151018387273387,0.0805124372097511,-0.0210306918155879));
#5673=CARTESIAN_POINT('',(-0.0155047582910218,0.0815670363585453,-0.0221377042186639));
#5674=CARTESIAN_POINT('',(-0.0155047582910218,0.0815670363585453,-0.0221377042186639));
#5675=CARTESIAN_POINT('',(-0.0150339224381005,0.0809713145225931,-0.0208440933444929));
#5676=CARTESIAN_POINT('',(-0.0150339224381005,0.0809713145225931,-0.0208440933444929));
#5677=CARTESIAN_POINT('',(-0.0151018387273387,0.0805124372097511,-0.0210306918155879));
#5678=CARTESIAN_POINT('',(-0.0151697550165768,0.0800535598969091,-0.021217290286683));
#5679=CARTESIAN_POINT('',(-0.0107752870559776,0.0744934894280222,-0.00914358879441985));
#5680=CARTESIAN_POINT('',(-0.0109322323402847,0.0746920633733396,-0.00957479241914354));
#5681=CARTESIAN_POINT('',(-0.0108643160510465,0.0751509406861816,-0.00938819394804844));
#5682=CARTESIAN_POINT('',(0.000388954398808705,0.0994640702301254,-0.017941446894257));
#5683=CARTESIAN_POINT('',(0.00820098323811899,0.0951047357581265,-0.0227923136595914));
#5684=CARTESIAN_POINT('',(0.0080311925150235,0.0939575424760215,-0.0232588098373292));
#5685=CARTESIAN_POINT('',(0.00949139273364475,0.103823404702124,-0.0192469427087846));
#5686=CARTESIAN_POINT('',(0.00932160201054926,0.102676211420019,-0.0197134388865223));
#5687=CARTESIAN_POINT('',(-0.00871348393602736,0.0951047357581264,-0.0166359510797294));
#5688=CARTESIAN_POINT('',(-0.00888327465912285,0.0939575424760214,-0.0171024472574671));
#5689=CARTESIAN_POINT('',(0.0117635739974883,0.086477842276697,-0.0280617686543065));
#5690=CARTESIAN_POINT('',(0.0115937832743928,0.085330648994592,-0.0285282648320442));
#5691=CARTESIAN_POINT('',(-0.0148297271707529,0.086477842276697,-0.01838259859819));
#5692=CARTESIAN_POINT('',(-0.0149995178938484,0.085330648994592,-0.0188490947759278));
#5693=CARTESIAN_POINT('',(0.00174728018357265,0.108641616486965,-0.0142094774723551));
#5694=CARTESIAN_POINT('',(0.00152994805801042,0.107173209085871,-0.0148065925798594));
#5695=CARTESIAN_POINT('',(-0.000969371385955231,0.0902865239732856,-0.021673416316159));
#5696=CARTESIAN_POINT('',(-0.00118670351151746,0.0888181165721912,-0.0222705314236633));
#5697=CARTESIAN_POINT('',(-0.0109856651998709,0.112450298183554,-0.00782112513420761));
#5698=CARTESIAN_POINT('',(-0.0111554559229664,0.111303104901449,-0.00828762131194535));
#5699=CARTESIAN_POINT('',(-0.0074230744405016,0.103823404702124,-0.0130905801289226));
#5700=CARTESIAN_POINT('',(-0.00759286516359709,0.102676211420019,-0.0135570763066603));
#5701=CARTESIAN_POINT('',(0.0156076359683703,0.112450298183554,-0.017500295190324));
#5702=CARTESIAN_POINT('',(0.0154378452452748,0.111303104901449,-0.0179667913680617));
#5703=CARTESIAN_POINT('',(0.0105073458463981,0.0800535598969092,-0.030562990703057));
#5704=CARTESIAN_POINT('',(0.0108127459481536,0.0800535598969091,-0.0306741472496378));
#5705=CARTESIAN_POINT('',(0.0117635739974883,0.086477842276697,-0.0280617686543065));
#5706=CARTESIAN_POINT('',(0.0183414223429897,0.086477842276697,-0.0304559096575862));
#5707=CARTESIAN_POINT('',(0.0202634533284306,0.0994640702301254,-0.0251751729255949));
#5708=CARTESIAN_POINT('',(0.0221854843138716,0.112450298183554,-0.0198944361936037));
#5709=CARTESIAN_POINT('',(0.0156076359683703,0.112450298183554,-0.017500295190324));
#5710=CARTESIAN_POINT('',(0.016558464017705,0.118874580563342,-0.0148879165949927));
#5711=CARTESIAN_POINT('',(0.00326181343358444,0.118874580563342,-0.0100483315669345));
#5712=CARTESIAN_POINT('',(-0.0100348371505362,0.118874580563342,-0.00520874653887626));
#5713=CARTESIAN_POINT('',(-0.0109856651998709,0.112450298183554,-0.00782112513420761));
#5714=CARTESIAN_POINT('',(-0.0175635135453723,0.112450298183554,-0.00542698413092792));
#5715=CARTESIAN_POINT('',(-0.0194855445308132,0.0994640702301254,-0.0107077208629191));
#5716=CARTESIAN_POINT('',(-0.0214075755162542,0.086477842276697,-0.0159884575949104));
#5717=CARTESIAN_POINT('',(-0.0148297271707529,0.086477842276697,-0.01838259859819));
#5718=CARTESIAN_POINT('',(-0.0157805552200876,0.0800535598969091,-0.0209949771935214));
#5719=CARTESIAN_POINT('',(-0.0154751551183322,0.0800535598969092,-0.0211061337401022));
#5720=CARTESIAN_POINT('',(-0.0140942298173145,0.0809713145225931,-0.0211861134878186));
#5721=CARTESIAN_POINT('',(-0.0139583972388381,0.0818890691482771,-0.0208129165456283));
#5722=CARTESIAN_POINT('',(-0.00221223947901428,0.0818890691482771,-0.0250881683371992));
#5723=CARTESIAN_POINT('',(0.00953391828080958,0.0818890691482771,-0.02936342012877));
#5724=CARTESIAN_POINT('',(0.00939808570233316,0.0809713145225931,-0.0297366170709602));
#5725=CARTESIAN_POINT('',(-0.0140942298173145,0.0809713145225931,-0.0211861134878186));
#5726=CARTESIAN_POINT('',(-0.0145650656702359,0.0815670363585453,-0.0224797243619896));
#5727=CARTESIAN_POINT('',(-0.0144292330917595,0.0824847909842293,-0.0221065274197994));
#5728=CARTESIAN_POINT('',(-0.0139583972388381,0.0818890691482771,-0.0208129165456283));
#5729=CARTESIAN_POINT('',(-0.00221223947901428,0.0818890691482771,-0.0250881683371992));
#5730=CARTESIAN_POINT('',(-0.00268307533193563,0.0824847909842293,-0.0263817792113702));
#5731=CARTESIAN_POINT('',(0.00906308242788823,0.0824847909842293,-0.0306570310029411));
#5732=CARTESIAN_POINT('',(0.00953391828080958,0.0818890691482771,-0.02936342012877));
#5733=CARTESIAN_POINT('',(0.00939808570233316,0.0809713145225931,-0.0297366170709602));
#5734=CARTESIAN_POINT('',(0.00892724984941181,0.0815670363585453,-0.0310302279451313));
#5735=CARTESIAN_POINT('',(0.0226126848803955,0.0994640702301254,-0.0260302232839091));
#5736=CARTESIAN_POINT('',(0.0245347158658364,0.112450298183554,-0.0207494865519179));
#5737=CARTESIAN_POINT('',(0.0315972536596566,0.103514470644271,-0.001345323439352));
#5738=CARTESIAN_POINT('',(0.0296752226742156,0.0905282426908428,-0.00662606017134322));
#5739=CARTESIAN_POINT('',(0.0187513505563696,0.0796697976849701,-0.0366391521481354));
#5740=CARTESIAN_POINT('',(0.0156076359683703,0.112450298183554,-0.017500295190324));
#5741=CARTESIAN_POINT('',(0.0168980454638961,0.121168967127551,-0.0139549242395172));
#5742=CARTESIAN_POINT('',(0.0239605832577162,0.112233139588269,0.00544923887304867));
#5743=CARTESIAN_POINT('',(0.0164272096109747,0.121764688963504,-0.0152485351136882));
#5744=CARTESIAN_POINT('',(0.0226701737621905,0.103514470644271,0.00190386792224185));
#5745=CARTESIAN_POINT('',(0.0151368001154489,0.113046020019506,-0.0187939060644951));
#5746=CARTESIAN_POINT('',(0.00360139487977543,0.121168967127551,-0.00911533921145899));
#5747=CARTESIAN_POINT('',(-0.00969525570434517,0.121168967127551,-0.00427575418340078));
#5748=CARTESIAN_POINT('',(-0.00263271791052499,0.112233139588269,0.015128408929165));
#5749=CARTESIAN_POINT('',(-0.0101660915572665,0.121764688963504,-0.00556936505757185));
#5750=CARTESIAN_POINT('',(0.0106639326735956,0.112233139588269,0.0102888239011069));
#5751=CARTESIAN_POINT('',(-0.0101660915572665,0.121764688963504,-0.00556936505757184));
#5752=CARTESIAN_POINT('',(-0.0109856651998709,0.112450298183554,-0.0078211251342076));
#5753=CARTESIAN_POINT('',(-0.0199127450973371,0.112450298183554,-0.00457193377261377));
#5754=CARTESIAN_POINT('',(-0.0128502073035169,0.103514470644271,0.0148322293399521));
#5755=CARTESIAN_POINT('',(-0.00392312740605076,0.103514470644271,0.0115830379783583));
#5756=CARTESIAN_POINT('',(-0.0114565010527923,0.113046020019506,-0.00911473600837866));
#5757=CARTESIAN_POINT('',(-0.0074230744405016,0.103823404702124,-0.0130905801289226));
#5758=CARTESIAN_POINT('',(-0.00789391029342294,0.104419126538076,-0.0143841910030937));
#5759=CARTESIAN_POINT('',(-0.00789391029342294,0.103283733781233,-0.0149070516802407));
#5760=CARTESIAN_POINT('',(-0.0109856651998709,0.112450298183554,-0.00782112513420761));
#5761=CARTESIAN_POINT('',(-0.0114565010527923,0.113046020019506,-0.00911473600837867));
#5762=CARTESIAN_POINT('',(-0.0114565010527923,0.111910627262662,-0.00963759668552566));
#5763=CARTESIAN_POINT('',(-0.000969371385955231,0.0902865239732856,-0.021673416316159));
#5764=CARTESIAN_POINT('',(-0.00144020723887658,0.0908822458092377,-0.02296702719033));
#5765=CARTESIAN_POINT('',(-0.00144020723887658,0.0894289430804776,-0.0236362888570781));
#5766=CARTESIAN_POINT('',(0.00174728018357265,0.108641616486965,-0.0142094774723551));
#5767=CARTESIAN_POINT('',(0.0012764443306513,0.109237338322917,-0.0155030883465261));
#5768=CARTESIAN_POINT('',(0.0012764443306513,0.107784035594157,-0.0161723500132743));
#5769=CARTESIAN_POINT('',(-0.0148297271707529,0.086477842276697,-0.01838259859819));
#5770=CARTESIAN_POINT('',(-0.0153005630236742,0.0870735641126492,-0.0196762094723611));
#5771=CARTESIAN_POINT('',(-0.0153005630236742,0.0859381713558054,-0.0201990701495081));
#5772=CARTESIAN_POINT('',(0.0117635739974883,0.086477842276697,-0.0280617686543065));
#5773=CARTESIAN_POINT('',(0.011292738144567,0.0870735641126492,-0.0293553795284775));
#5774=CARTESIAN_POINT('',(0.011292738144567,0.0859381713558054,-0.0298782402056245));
#5775=CARTESIAN_POINT('',(-0.0244020118159819,0.0821185078046981,-0.0169060927119996));
#5776=CARTESIAN_POINT('',(-0.0249113839852684,0.0786769279583832,-0.0183055812452128));
#5777=CARTESIAN_POINT('',(-0.0128502073035169,0.103514470644271,0.0148322293399521));
#5778=CARTESIAN_POINT('',(-0.00871348393602736,0.0951047357581264,-0.0166359510797294));
#5779=CARTESIAN_POINT('',(-0.0091843197889487,0.0957004575940786,-0.0179295619539005));
#5780=CARTESIAN_POINT('',(-0.0091843197889487,0.0945650648372348,-0.0184524226310475));
#5781=CARTESIAN_POINT('',(0.00949139273364475,0.103823404702124,-0.0192469427087846));
#5782=CARTESIAN_POINT('',(0.0090205568807234,0.104419126538076,-0.0205405535829557));
#5783=CARTESIAN_POINT('',(0.0090205568807234,0.103283733781233,-0.0210634142601027));
#5784=CARTESIAN_POINT('',(0.00820098323811899,0.0951047357581265,-0.0227923136595914));
#5785=CARTESIAN_POINT('',(0.00773014738519764,0.0957004575940786,-0.0240859245337625));
#5786=CARTESIAN_POINT('',(0.00773014738519764,0.0945650648372348,-0.0246087852109095));
#5787=CARTESIAN_POINT('',(0.0156076359683703,0.112450298183554,-0.017500295190324));
#5788=CARTESIAN_POINT('',(0.0151368001154489,0.113046020019506,-0.0187939060644951));
#5789=CARTESIAN_POINT('',(0.0151368001154489,0.111910627262662,-0.0193167667416421));
#5790=CARTESIAN_POINT('',(-0.00039577202272687,0.100456939956712,-0.0200974650178754));
#5791=CARTESIAN_POINT('',(-0.0216798098835277,0.100456939956712,-0.0123507087715491));
#5792=CARTESIAN_POINT('',(-0.0117703916214065,0.113443167910141,-0.00997714325782603));
#5793=CARTESIAN_POINT('',(-0.0106158147043571,0.121244082228454,-0.0068049692492094));
#5794=CARTESIAN_POINT('',(0.015977486463884,0.121244082228454,-0.0164841393053258));
#5795=CARTESIAN_POINT('',(0.015977486463884,0.121244082228454,-0.0164841393053258));
#5796=CARTESIAN_POINT('',(0.0148229095468347,0.113443167910141,-0.0196563133139425));
#5797=CARTESIAN_POINT('',(0.0178116579355837,0.0796697976849701,-0.0362971320048097));
#5798=CARTESIAN_POINT('',(0.0132297709786688,0.100456939956712,-0.0250567570960976));
#5799=CARTESIAN_POINT('',(0.0104927445223694,0.0819641842491801,-0.03257667548123));
#5800=CARTESIAN_POINT('',(0.00861335928079759,0.0819641842491801,-0.0318926351945786));
#5801=CARTESIAN_POINT('',(0.00888502443775042,0.0837996935005481,-0.0311462413101983));
#5802=CARTESIAN_POINT('',(-0.00286113332207343,0.0837996935005481,-0.0268709895186275));
#5803=CARTESIAN_POINT('',(-0.0146072910818973,0.0837996935005481,-0.0225957377270566));
#5804=CARTESIAN_POINT('',(-0.0148789562388501,0.0819641842491801,-0.0233421316114369));
#5805=CARTESIAN_POINT('',(-0.016758341480422,0.0819641842491801,-0.0226580913247856));
#5806=CARTESIAN_POINT('',(-0.0170979229266129,0.0796697976849701,-0.0235910836802611));
#5807=CARTESIAN_POINT('',(-0.0034723799252172,0.0796697976849701,-0.0285503757584833));
#5808=CARTESIAN_POINT('',(-0.00949821035756293,0.0960976054847134,-0.0187919692033479));
#5809=CARTESIAN_POINT('',(-0.00949821035756293,0.0940538985223945,-0.0197331184222124));
#5810=CARTESIAN_POINT('',(-0.00820780086203717,0.104816274428711,-0.015246598252541));
#5811=CARTESIAN_POINT('',(-0.00820780086203717,0.102772567466392,-0.0161877474714056));
#5812=CARTESIAN_POINT('',(0.00741625681658342,0.0960976054847134,-0.0249483317832098));
#5813=CARTESIAN_POINT('',(0.00741625681658342,0.0940538985223945,-0.0258894810020744));
#5814=CARTESIAN_POINT('',(0.00870666631210917,0.104816274428711,-0.0214029608324031));
#5815=CARTESIAN_POINT('',(0.00870666631210917,0.102772567466392,-0.0223441100512676));
#5816=CARTESIAN_POINT('',(0.0148229095468347,0.113443167910141,-0.0196563133139425));
#5817=CARTESIAN_POINT('',(0.0148229095468347,0.111399460947822,-0.020597462532807));
#5818=CARTESIAN_POINT('',(0.0109788475759528,0.087470712003284,-0.0302177867779248));
#5819=CARTESIAN_POINT('',(0.0109788475759528,0.0854270050409651,-0.0311589359967894));
#5820=CARTESIAN_POINT('',(-0.0156144535922885,0.087470712003284,-0.0205386167218084));
#5821=CARTESIAN_POINT('',(-0.0156144535922885,0.0854270050409651,-0.021479765940673));
#5822=CARTESIAN_POINT('',(-0.0117703916214065,0.113443167910141,-0.00997714325782604));
#5823=CARTESIAN_POINT('',(-0.0117703916214065,0.111399460947822,-0.0109182924766906));
#5824=CARTESIAN_POINT('',(-0.00175409780749081,0.0912793936998725,-0.0238294344397773));
#5825=CARTESIAN_POINT('',(-0.00175409780749081,0.0889177767656374,-0.0249169846482431));
#5826=CARTESIAN_POINT('',(0.000962553762037074,0.109634486213552,-0.0163654955959736));
#5827=CARTESIAN_POINT('',(0.000962553762037074,0.107272869279317,-0.0174530458044393));
#5828=CARTESIAN_POINT('',(-0.011080687157733,0.0744934894280222,-0.00903243224783902));
#5829=CARTESIAN_POINT('',(0.00175361804032503,0.0746920633733396,-0.0141920643540401));
#5830=CARTESIAN_POINT('',(-0.0113860872594884,0.0744934894280222,-0.00892127570125819));
#5831=CARTESIAN_POINT('',(-0.00840412685765323,0.0707205844669918,-0.000728406831508158));
#5832=CARTESIAN_POINT('',(0.00489252372646734,0.0707205844669918,-0.00556799185956635));
#5833=CARTESIAN_POINT('',(0.018189174310588,0.0707205844669918,-0.0104075768876246));
#5834=CARTESIAN_POINT('',(0.0152072139087528,0.0744934894280222,-0.0186004457573746));
#5835=CARTESIAN_POINT('',(-0.0104352592101537,0.0809177718078101,-0.00630889710592683));
#5836=CARTESIAN_POINT('',(-0.017013107555655,0.0809177718078101,-0.00391475610264716));
#5837=CARTESIAN_POINT('',(-0.0140311471538198,0.0771448668467797,0.00427811276710285));
#5838=CARTESIAN_POINT('',(-0.00745329880831849,0.0771448668467797,0.00188397176382319));
#5839=CARTESIAN_POINT('',(-0.015091076570214,0.0939039997612384,0.00136598062934405));
#5840=CARTESIAN_POINT('',(-0.0131690455847731,0.106890227714667,0.00664671736133528));
#5841=CARTESIAN_POINT('',(-0.0101870851829379,0.103117322753636,0.0148395862310853));
#5842=CARTESIAN_POINT('',(-0.0121091161683788,0.090131094800208,0.00955884949909407));
#5843=CARTESIAN_POINT('',(-0.0065911972392717,0.106890227714667,0.00425257635805559));
#5844=CARTESIAN_POINT('',(-0.00564036918993694,0.113314510094455,0.00686495495338693));
#5845=CARTESIAN_POINT('',(-0.00265840878810175,0.109541605133424,0.015057823823137));
#5846=CARTESIAN_POINT('',(-0.00360923683743651,0.103117322753636,0.0124454452278056));
#5847=CARTESIAN_POINT('',(0.00765628139418367,0.113314510094455,0.00202536992532873));
#5848=CARTESIAN_POINT('',(0.0209529319783043,0.113314510094455,-0.00281421510272948));
#5849=CARTESIAN_POINT('',(0.0239348923801395,0.109541605133424,0.00537865376702056));
#5850=CARTESIAN_POINT('',(0.0106382417960188,0.109541605133424,0.0102182387950788));
#5851=CARTESIAN_POINT('',(0.0200021039289695,0.106890227714667,-0.00542659369806081));
#5852=CARTESIAN_POINT('',(0.0265799522744708,0.106890227714667,-0.0078207347013405));
#5853=CARTESIAN_POINT('',(0.029561912676306,0.103117322753636,0.000372134168409529));
#5854=CARTESIAN_POINT('',(0.0229840643308047,0.103117322753636,0.00276627517168922));
#5855=CARTESIAN_POINT('',(0.0246579212890299,0.0939039997612384,-0.0131014714333317));
#5856=CARTESIAN_POINT('',(0.0227358903035889,0.0809177718078101,-0.018382208165323));
#5857=CARTESIAN_POINT('',(0.0257178507054242,0.0771448668467797,-0.0101893392955729));
#5858=CARTESIAN_POINT('',(0.0276398816908651,0.090131094800208,-0.00490860256358168));
#5859=CARTESIAN_POINT('',(0.0161580419580876,0.0809177718078101,-0.0159880671620433));
#5860=CARTESIAN_POINT('',(0.0191400023599228,0.0771448668467797,-0.00779519829229321));
#5861=CARTESIAN_POINT('',(0.00776538276124312,0.090131094800208,0.0023251234677562));
#5862=CARTESIAN_POINT('',(0.029049420622044,0.090131094800208,-0.00542163277857018));
#5863=CARTESIAN_POINT('',(0.030971451607485,0.103117322753636,-0.000140896046578971));
#5864=CARTESIAN_POINT('',(0.0229840643308047,0.103117322753636,0.00276627517168922));
#5865=CARTESIAN_POINT('',(0.0241386412478541,0.11091823707195,0.00593844918030585));
#5866=CARTESIAN_POINT('',(0.0108419906637334,0.11091823707195,0.010778034208364));
#5867=CARTESIAN_POINT('',(-0.00245465992038716,0.11091823707195,0.0156176192364222));
#5868=CARTESIAN_POINT('',(-0.00360923683743654,0.103117322753636,0.0124454452278056));
#5869=CARTESIAN_POINT('',(-0.0115966241141167,0.103117322753636,0.0153526164460738));
#5870=CARTESIAN_POINT('',(-0.016595263002048,0.0693439525284659,0.00161896897347474));
#5871=CARTESIAN_POINT('',(0.00462647707510081,0.0941025737065558,-0.00629894902671751));
#5872=CARTESIAN_POINT('',(-0.0239716913644825,0.0786769279583832,-0.0186476013885385));
#5873=CARTESIAN_POINT('',(-0.0209186798894566,0.0792726497943354,-0.0212237878001808));
#5874=CARTESIAN_POINT('',(-0.0167840323579987,0.0792726497943354,-0.0227286764308138));
#5875=CARTESIAN_POINT('',(-0.0244425272174038,0.0792726497943354,-0.0199412122627096));
#5876=CARTESIAN_POINT('',(0.0185963843571192,0.0786769279583832,-0.0341411138811912));
#5877=CARTESIAN_POINT('',(0.0181255485041979,0.0792726497943354,-0.0354347247553623));
#5878=CARTESIAN_POINT('',(0.0256589221509394,0.0697411004191006,-0.0147369507686254));
#5879=CARTESIAN_POINT('',(0.0256589221509394,0.0697411004191006,-0.0147369507686254));
#5880=CARTESIAN_POINT('',(0.0287355300534297,0.0905282426908428,-0.00628404002801755));
#5881=CARTESIAN_POINT('',(0.0306575610388707,0.103514470644271,-0.00100330329602634));
#5882=CARTESIAN_POINT('',(0.0226701737621905,0.103514470644271,0.00190386792224185));
#5883=CARTESIAN_POINT('',(0.0238247506792399,0.111315384962585,0.00507604193085847));
#5884=CARTESIAN_POINT('',(-0.0169091535706622,0.0697411004191006,0.000756561724027369));
#5885=CARTESIAN_POINT('',(-0.0169091535706622,0.0697411004191006,0.000756561724027375));
#5886=CARTESIAN_POINT('',(0.0105281000951192,0.111315384962585,0.00991562695891667));
#5887=CARTESIAN_POINT('',(-0.00276855048900139,0.111315384962585,0.0147552119869749));
#5888=CARTESIAN_POINT('',(-0.0138325456681719,0.0905282426908428,0.00920947246463522));
#5889=CARTESIAN_POINT('',(-0.011910514682731,0.103514470644271,0.0144902091966264));
#5890=CARTESIAN_POINT('',(-0.00392312740605076,0.103514470644271,0.0115830379783583));
#5891=CARTESIAN_POINT('',(-0.0091843197889487,0.0957004575940786,-0.0179295619539005));
#5892=CARTESIAN_POINT('',(-0.00789391029342294,0.104419126538076,-0.0143841910030936));
#5893=CARTESIAN_POINT('',(0.00773014738519764,0.0957004575940786,-0.0240859245337625));
#5894=CARTESIAN_POINT('',(0.0090205568807234,0.104419126538076,-0.0205405535829557));
#5895=CARTESIAN_POINT('',(0.0151368001154489,0.113046020019506,-0.0187939060644951));
#5896=CARTESIAN_POINT('',(0.011292738144567,0.0870735641126492,-0.0293553795284775));
#5897=CARTESIAN_POINT('',(-0.0153005630236742,0.0870735641126492,-0.0196762094723611));
#5898=CARTESIAN_POINT('',(-0.0114565010527923,0.113046020019506,-0.00911473600837867));
#5899=CARTESIAN_POINT('',(-0.00144020723887658,0.0908822458092377,-0.02296702719033));
#5900=CARTESIAN_POINT('',(0.0012764443306513,0.109237338322917,-0.0155030883465261));
#5901=CARTESIAN_POINT('',(0.0104670536447927,0.0792726497943354,-0.0326472605872581));
#5902=CARTESIAN_POINT('',(0.0107387188017455,0.0811081590457033,-0.0319008667028777));
#5903=CARTESIAN_POINT('',(0.0108066350909837,0.0815670363585453,-0.0317142682317827));
#5904=CARTESIAN_POINT('',(0.00892724984941182,0.0815670363585453,-0.0310302279451313));
#5905=CARTESIAN_POINT('',(0.00919891500636465,0.0834025456099133,-0.0302838340607509));
#5906=CARTESIAN_POINT('',(-0.00254724275345924,0.0834025456099133,-0.0260085822691801));
#5907=CARTESIAN_POINT('',(-0.0142934005132831,0.0834025456099133,-0.0217333304776092));
#5908=CARTESIAN_POINT('',(-0.0145650656702359,0.0815670363585453,-0.0224797243619896));
#5909=CARTESIAN_POINT('',(-0.0164444509118077,0.0815670363585453,-0.0217956840753382));
#5910=CARTESIAN_POINT('',(-0.0137074244555083,0.100059792066077,-0.0142757656902059));
#5911=CARTESIAN_POINT('',(-0.0167840323579987,0.0792726497943354,-0.0227286764308138));
#5912=CARTESIAN_POINT('',(-0.0244425272174038,0.0792726497943354,-0.0199412122627096));
#5913=CARTESIAN_POINT('',(-0.0239331550481173,0.0827142296406503,-0.0185417237294964));
#5914=CARTESIAN_POINT('',(-0.0114565010527923,0.113046020019506,-0.00911473600837866));
#5915=CARTESIAN_POINT('',(-0.0103019241357429,0.12084693433782,-0.00594256199976204));
#5916=CARTESIAN_POINT('',(0.00299472644837769,0.12084693433782,-0.0107821470278202));
#5917=CARTESIAN_POINT('',(0.0162913770324983,0.12084693433782,-0.0156217320558785));
#5918=CARTESIAN_POINT('',(0.0151368001154489,0.113046020019506,-0.0187939060644951));
#5919=CARTESIAN_POINT('',(0.0212021564066882,0.100059792066077,-0.0269818140147545));
#5920=CARTESIAN_POINT('',(0.0181255485041979,0.0792726497943354,-0.0354347247553623));
#5921=CARTESIAN_POINT('',(0.026266425046616,0.0191396163825325,0.));
#5922=CARTESIAN_POINT('',(0.0181762551028665,0.0250174689054572,1.90819582357449E-17));
#5923=CARTESIAN_POINT('',(0.0181762551028664,0.0250174689054572,-0.01));
#5924=CARTESIAN_POINT('',(0.0261834755400506,0.0193629232060223,-4.00418420094077E-19));
#5925=CARTESIAN_POINT('',(0.0182530240492462,0.0251231322953418,-0.000196415926456966));
#5926=CARTESIAN_POINT('',(0.0186143369584818,0.0256204368512127,-0.0099999999993432));
#5927=CARTESIAN_POINT('',(0.0260328514511362,0.0197774069445685,1.22209176501088E-5));
#5928=CARTESIAN_POINT('',(0.0184381196597389,0.0253778945471339,-0.000524848234412772));
#5929=CARTESIAN_POINT('',(0.0194750197410089,0.0268050650723438,-0.0098655699061459));
#5930=CARTESIAN_POINT('',(0.0257792741816529,0.0205134463982221,8.62859253952191E-5));
#5931=CARTESIAN_POINT('',(0.018896297204148,0.0260085218356469,-0.000921665918962474));
#5932=CARTESIAN_POINT('',(0.0211605792105631,0.0291250386521172,-0.00905085482048091));
#5933=CARTESIAN_POINT('',(0.025559673273643,0.0212236822380519,0.000269067887590008));
#5934=CARTESIAN_POINT('',(0.0195238178473454,0.0268722299036621,-0.000892003729147312));
#5935=CARTESIAN_POINT('',(0.0230252625919505,0.0316915551456619,-0.00704025323656949));
#5936=CARTESIAN_POINT('',(0.0254206233217402,0.0217404654309545,0.000606225832638742));
#5937=CARTESIAN_POINT('',(0.0200982777598296,0.0276629061412155,-0.000135179594054008));
#5938=CARTESIAN_POINT('',(0.0245444836592982,0.0337825835559582,-0.00333151584095359));
#5939=CARTESIAN_POINT('',(0.0253931276099717,0.0218522728828038,0.00087578818069333));
#5940=CARTESIAN_POINT('',(0.0202358636046023,0.0278522768105435,0.00064367127259943));
#5941=CARTESIAN_POINT('',(0.0248920787010962,0.0342610070871344,-0.000366330012380887));
#5942=CARTESIAN_POINT('',(0.0253938284229635,0.0218494944392059,0.00100957407558561));
#5943=CARTESIAN_POINT('',(0.0202325638784112,0.0278477351270233,0.0010274690457121));
#5944=CARTESIAN_POINT('',(0.0248835687182144,0.0342492941005523,0.00110531483144168));
#5945=CARTESIAN_POINT('',(0.0262664250466159,0.0191396163825324,-0.01));
#5946=CARTESIAN_POINT('',(0.0118807925630317,0.0218719662581215,-0.00463005563705806));
#5947=CARTESIAN_POINT('',(0.0120312875802249,0.0217967666264127,-0.00483949166923434));
#5948=CARTESIAN_POINT('',(0.012333794718135,0.0216501351881829,-0.00526350009170946));
#5949=CARTESIAN_POINT('',(0.0127936043490929,0.0214435361595975,-0.00591842453077363));
#5950=CARTESIAN_POINT('',(0.0132607471136771,0.0212569737555686,-0.0065945138093254));
#5951=CARTESIAN_POINT('',(0.0136169439442182,0.0211404758924646,-0.00711659738434838));
#5952=CARTESIAN_POINT('',(0.0138586265448652,0.0210783556176721,-0.00747026902883968));
#5953=CARTESIAN_POINT('',(0.0139803610064769,0.0210508038363844,-0.0076481860520241));
#5954=CARTESIAN_POINT('',(0.0140824941222341,0.0210311491057204,-0.00779731654180094));
#5955=CARTESIAN_POINT('',(0.0141644390208587,0.021017666141826,-0.00791712032408123));
#5956=CARTESIAN_POINT('',(0.0142259366552905,0.0210087432617983,-0.00800721883590717));
#5957=CARTESIAN_POINT('',(0.0142873652765791,0.0210010806440873,-0.00809756048236237));
#5958=CARTESIAN_POINT('',(0.0143690004606676,0.0209926397638914,-0.00821833979392373));
#5959=CARTESIAN_POINT('',(0.014470159516688,0.0209855956256446,-0.0083699272023597));
#5960=CARTESIAN_POINT('',(0.0145891042195791,0.0209833166057487,-0.00855286903344463));
#5961=CARTESIAN_POINT('',(0.01474426870351,0.0209893279564986,-0.0087983010844678));
#5962=CARTESIAN_POINT('',(0.0148946717466508,0.0210101552955642,-0.00904610342309995));
#5963=CARTESIAN_POINT('',(0.0150368371510673,0.0210479325311587,-0.00929557322316512));
#5964=CARTESIAN_POINT('',(0.0151395096434893,0.0210854457211619,-0.00948332488782127));
#5965=CARTESIAN_POINT('',(0.0152380244469213,0.0211329445662694,-0.0096715178839505));
#5966=CARTESIAN_POINT('',(0.0153303270779297,0.021190318150251,-0.00985979521784187));
#5967=CARTESIAN_POINT('',(0.0154006139027946,0.0212453689660313,-0.0100165025203429));
#5968=CARTESIAN_POINT('',(0.0154529086432907,0.0212932896097716,-0.0101416951520179));
#5969=CARTESIAN_POINT('',(0.0154901459078947,0.0213309817957242,-0.0102354660052744));
#5970=CARTESIAN_POINT('',(0.0155252294659729,0.0213705163393848,-0.010329077974923));
#5971=CARTESIAN_POINT('',(0.0155586469586214,0.0214116779174184,-0.0104225235002797));
#5972=CARTESIAN_POINT('',(0.0155916254474597,0.0214537925065122,-0.0105158002470767));
#5973=CARTESIAN_POINT('',(0.0156361149814726,0.0215105704922314,-0.0106399317491495));
#5974=CARTESIAN_POINT('',(0.0156931240501673,0.0215823088156927,-0.0107946225138469));
#5975=CARTESIAN_POINT('',(0.015786438880613,0.0216980199773941,-0.0110410361246609));
#5976=CARTESIAN_POINT('',(0.0159060697371604,0.0218436689786803,-0.0113467480707016));
#5977=CARTESIAN_POINT('',(0.0161040423339217,0.0220789182358041,-0.0118282332198354));
#5978=CARTESIAN_POINT('',(0.0163659408981401,0.0223744916199584,-0.0124169382726196));
#5979=CARTESIAN_POINT('',(0.016829545753916,0.0228310693952932,-0.0133912895836272));
#5980=CARTESIAN_POINT('',(0.0175293128119326,0.0233579682410653,-0.014543994127606));
#5981=CARTESIAN_POINT('',(0.018191939267937,0.0237087220033035,-0.015372437432978));
#5982=CARTESIAN_POINT('',(0.0185339445709288,0.0238764586731411,-0.0157465843937655));
#5983=CARTESIAN_POINT('',(0.0118866298784203,0.0218712108079545,-0.00461519927371085));
#5984=CARTESIAN_POINT('',(0.0120371122114715,0.0217960119887137,-0.00482452650640701));
#5985=CARTESIAN_POINT('',(0.0123395945727989,0.0216493845828467,-0.00524831795394325));
#5986=CARTESIAN_POINT('',(0.0127993903793832,0.0214428274753678,-0.00590289180339441));
#5987=CARTESIAN_POINT('',(0.0132665606638307,0.0212563770307988,-0.00657857995411341));
#5988=CARTESIAN_POINT('',(0.0136227174955391,0.0211400514203506,-0.00710031484563739));
#5989=CARTESIAN_POINT('',(0.0138643136803835,0.0210781035495006,-0.00745374713918376));
#5990=CARTESIAN_POINT('',(0.0139859979973243,0.0210506507906754,-0.00763154438710213));
#5991=CARTESIAN_POINT('',(0.0140880887580753,0.0210310905837143,-0.00778057578328082));
#5992=CARTESIAN_POINT('',(0.0141700035423587,0.0210176916255693,-0.00790030097615908));
#5993=CARTESIAN_POINT('',(0.0142314811344005,0.0210088363252638,-0.00799034091136446));
#5994=CARTESIAN_POINT('',(0.0142928924038596,0.0210012462814453,-0.0080806243547481));
#5995=CARTESIAN_POINT('',(0.0143745069520477,0.0209929093898772,-0.00820132657325083));
#5996=CARTESIAN_POINT('',(0.0144756400947917,0.0209860098170135,-0.00835281866390543));
#5997=CARTESIAN_POINT('',(0.0145945205626234,0.020983928338955,-0.00853564823799428));
#5998=CARTESIAN_POINT('',(0.0147495302658874,0.020990234396357,-0.00878093498303124));
#5999=CARTESIAN_POINT('',(0.0148997674386491,0.0210114203748955,-0.00902860625248951));
#6000=CARTESIAN_POINT('',(0.0150416621249766,0.0210496082603062,-0.00927795873665342));
#6001=CARTESIAN_POINT('',(0.015144026434676,0.0210874286980064,-0.00946562855410863));
#6002=CARTESIAN_POINT('',(0.0152421063978648,0.0211352113596346,-0.00965374382068044));
#6003=CARTESIAN_POINT('',(0.0153339708098382,0.02119286768007,-0.00984194130803473));
#6004=CARTESIAN_POINT('',(0.0154039584261495,0.0212481986244965,-0.00999857325707651));
#6005=CARTESIAN_POINT('',(0.015455955233761,0.0212962954709625,-0.0101236927028062));
#6006=CARTESIAN_POINT('',(0.0154929764177392,0.0213341257910653,-0.0102174057153465));
#6007=CARTESIAN_POINT('',(0.0155278440388175,0.0213738239923666,-0.0103109572593302));
#6008=CARTESIAN_POINT('',(0.0155610824760895,0.0214151548955786,-0.0104043411725945));
#6009=CARTESIAN_POINT('',(0.0155939682785883,0.0214574005245891,-0.0104975549984107));
#6010=CARTESIAN_POINT('',(0.015638412268112,0.0215143119443982,-0.0106216006457645));
#6011=CARTESIAN_POINT('',(0.0156953921501065,0.0215861831215183,-0.0107761804052306));
#6012=CARTESIAN_POINT('',(0.0157886316526873,0.0217020546916133,-0.0110224145373052));
#6013=CARTESIAN_POINT('',(0.0159081476993662,0.0218478305967601,-0.0113279074310892));
#6014=CARTESIAN_POINT('',(0.0161059164307181,0.0220832311985952,-0.0118090385080625));
#6015=CARTESIAN_POINT('',(0.016367488928376,0.0223789335158057,-0.0123972027583161));
#6016=CARTESIAN_POINT('',(0.0168304118401695,0.0228357841664206,-0.0133710716636905));
#6017=CARTESIAN_POINT('',(0.0175292094359612,0.0233632661792344,-0.0145226878751899));
#6018=CARTESIAN_POINT('',(0.0181911990407487,0.0237143649057358,-0.0153507392664129));
#6019=CARTESIAN_POINT('',(0.0185328743265843,0.0238823035096198,-0.0157245434755513));
#6020=CARTESIAN_POINT('',(0.0118982996852956,0.0218696955355858,-0.00458550532695824));
#6021=CARTESIAN_POINT('',(0.0120487565958862,0.0217944982663116,-0.00479461481623782));
#6022=CARTESIAN_POINT('',(0.0123511887393792,0.0216478785787283,-0.00521797126143251));
#6023=CARTESIAN_POINT('',(0.0128109546539597,0.0214414046901503,-0.00587184287907132));
#6024=CARTESIAN_POINT('',(0.0132781794854614,0.0212551776935197,-0.00654672802972552));
#6025=CARTESIAN_POINT('',(0.0136342568882025,0.0211391967747236,-0.00706776458309968));
#6026=CARTESIAN_POINT('',(0.0138756764556407,0.0210775943754104,-0.00742071739170155));
#6027=CARTESIAN_POINT('',(0.0139972573011495,0.0210503400624839,-0.00759827473817688));
#6028=CARTESIAN_POINT('',(0.0140992597104003,0.0210309692685196,-0.00774710771171349));
#6029=CARTESIAN_POINT('',(0.0141811110699574,0.0210177386177483,-0.00786667557507948));
#6030=CARTESIAN_POINT('',(0.0142425461944402,0.0210090187023822,-0.00795659825791638));
#6031=CARTESIAN_POINT('',(0.0143039205685682,0.0210015740560935,-0.00804676520546902));
#6032=CARTESIAN_POINT('',(0.0143854913643875,0.0209934455122541,-0.00816731311612918));
#6033=CARTESIAN_POINT('',(0.0144865707841457,0.0209868357344597,-0.00831861441240551));
#6034=CARTESIAN_POINT('',(0.0146053203268103,0.0209851503716293,-0.00850121924440077));
#6035=CARTESIAN_POINT('',(0.0147600093170487,0.0209920463216307,-0.00874621478287964));
#6036=CARTESIAN_POINT('',(0.0149099023925502,0.0210139492100148,-0.00899362304589291));
#6037=CARTESIAN_POINT('',(0.0150512544535864,0.0210529618728506,-0.00924273947159906));
#6038=CARTESIAN_POINT('',(0.0151530046611467,0.021091401292791,-0.0094302439732346));
#6039=CARTESIAN_POINT('',(0.015250220029216,0.0211397561645613,-0.00961820155754228));
#6040=CARTESIAN_POINT('',(0.0153412116954013,0.021197980502291,-0.00980623626062486));
#6041=CARTESIAN_POINT('',(0.0154105893257841,0.0212538575763303,-0.00996271611117444));
#6042=CARTESIAN_POINT('',(0.0154619996910681,0.0213023078112288,-0.0100876896627665));
#6043=CARTESIAN_POINT('',(0.0154985969609926,0.0213404136391498,-0.0101812872469786));
#6044=CARTESIAN_POINT('',(0.0155330402504283,0.0213804435635896,-0.0102747182905622));
#6045=CARTESIAN_POINT('',(0.0155659308411034,0.0214221145501911,-0.010367979281535));
#6046=CARTESIAN_POINT('',(0.0155986512278898,0.021464614657924,-0.0104610673704142));
#6047=CARTESIAN_POINT('',(0.0156430230193533,0.0215217840586793,-0.0105849412553455));
#6048=CARTESIAN_POINT('',(0.0156999467747805,0.0215939161890695,-0.010739298573819));
#6049=CARTESIAN_POINT('',(0.0157930341730663,0.0217101027747043,-0.0109851731512493));
#6050=CARTESIAN_POINT('',(0.0159123192335415,0.0218561298501907,-0.0112902269152742));
#6051=CARTESIAN_POINT('',(0.016109679318194,0.0220918323432458,-0.0117706499067103));
#6052=CARTESIAN_POINT('',(0.0163705981604822,0.0223877927508775,-0.0123577306446257));
#6053=CARTESIAN_POINT('',(0.0168321550605047,0.0228451952072733,-0.0133306261781568));
#6054=CARTESIAN_POINT('',(0.0175290038843344,0.023373852786168,-0.0144800547714999));
#6055=CARTESIAN_POINT('',(0.0181897118637048,0.0237256461881934,-0.0153073272129118));
#6056=CARTESIAN_POINT('',(0.0185307260616853,0.0238939898815778,-0.0156804414806162));
#6057=CARTESIAN_POINT('',(0.0119157899445582,0.0218674095279284,-0.00454102086407008));
#6058=CARTESIAN_POINT('',(0.0120662085341169,0.0217922143220681,-0.00474980322830419));
#6059=CARTESIAN_POINT('',(0.0123685633689307,0.0216456051873594,-0.00517250402083017));
#6060=CARTESIAN_POINT('',(0.0128282776646311,0.0214392542422318,-0.00582531911941377));
#6061=CARTESIAN_POINT('',(0.0132955828309236,0.0212533610049946,-0.00649899755253925));
#6062=CARTESIAN_POINT('',(0.01365154291892,0.02113789766636,-0.0070189836801219));
#6063=CARTESIAN_POINT('',(0.013892686320388,0.0210768154730358,-0.00737121490018087));
#6064=CARTESIAN_POINT('',(0.014014102410535,0.0210498600401815,-0.00754841133038858));
#6065=CARTESIAN_POINT('',(0.0141159612721322,0.0210307744693558,-0.00769694596505043));
#6066=CARTESIAN_POINT('',(0.0141977077714518,0.0210177971650496,-0.00781627738314204));
#6067=CARTESIAN_POINT('',(0.0142590719355314,0.0210092809996245,-0.00790602389398917));
#6068=CARTESIAN_POINT('',(0.0143203842455838,0.0210020551763077,-0.00799601583383904));
#6069=CARTESIAN_POINT('',(0.0144018819341844,0.020994240272886,-0.00811633192393359));
#6070=CARTESIAN_POINT('',(0.0145028751795405,0.0209880671016376,-0.0082673465424804));
#6071=CARTESIAN_POINT('',(0.0146214222615676,0.0209869793049982,-0.00844961362340172));
#6072=CARTESIAN_POINT('',(0.014775595500668,0.0209947613285948,-0.00869417054196529));
#6073=CARTESIAN_POINT('',(0.0149249344971128,0.0210177383684604,-0.00894118173725886));
#6074=CARTESIAN_POINT('',(0.01506546895348,0.0210579981210108,-0.00918993977527683));
#6075=CARTESIAN_POINT('',(0.0151663056825091,0.0210973805665594,-0.0093771916259488));
#6076=CARTESIAN_POINT('',(0.0152622381560557,0.0211466063630278,-0.00956490571331506));
#6077=CARTESIAN_POINT('',(0.0153519336966075,0.0212056922305821,-0.00975268737048519));
#6078=CARTESIAN_POINT('',(0.0154203546839241,0.0212623402346857,-0.0099089339990007));
#6079=CARTESIAN_POINT('',(0.0154709187740962,0.021311328842823,-0.0100336907497829));
#6080=CARTESIAN_POINT('',(0.0155069066572071,0.0213498420272029,-0.0101271157915298));
#6081=CARTESIAN_POINT('',(0.0155407327042629,0.0213903894430225,-0.0102203673402664));
#6082=CARTESIAN_POINT('',(0.0155731295985324,0.0214325768177894,-0.0103134448995284));
#6083=CARTESIAN_POINT('',(0.0156056742031767,0.0214754280306178,-0.0104063446359686));
#6084=CARTESIAN_POINT('',(0.015649992303124,0.0215329586996933,-0.0105299607132592));
#6085=CARTESIAN_POINT('',(0.0157068340553536,0.0216054689047869,-0.0106839829646722));
#6086=CARTESIAN_POINT('',(0.0157996889305549,0.0217221104358408,-0.0109293164955881));
#6087=CARTESIAN_POINT('',(0.0159186233469355,0.0218685066651521,-0.0112337083371512));
#6088=CARTESIAN_POINT('',(0.0161153678012322,0.0221046596224839,-0.0117130695558268));
#6089=CARTESIAN_POINT('',(0.016375301533564,0.0224010078232792,-0.0122985192333549));
#6090=CARTESIAN_POINT('',(0.0168348031338674,0.0228592562062609,-0.0132699290441164));
#6091=CARTESIAN_POINT('',(0.0175286991078056,0.0233897049071795,-0.0144160430132405));
#6092=CARTESIAN_POINT('',(0.0181874609451914,0.0237425544899107,-0.0152421622280643));
#6093=CARTESIAN_POINT('',(0.0185274801751876,0.0239115096477799,-0.0156142276952652));
#6094=CARTESIAN_POINT('',(0.0119332658011179,0.0218651104555256,-0.00449659317199515));
#6095=CARTESIAN_POINT('',(0.0120836458301886,0.0217899169722977,-0.00470504773076627));
#6096=CARTESIAN_POINT('',(0.012385921395902,0.0216433173881247,-0.00512708971278818));
#6097=CARTESIAN_POINT('',(0.0128455771538642,0.021437087469923,-0.00577884509846106));
#6098=CARTESIAN_POINT('',(0.0133129611390534,0.0212515265737528,-0.00645131463045636));
#6099=CARTESIAN_POINT('',(0.0136688060876599,0.0211365813156418,-0.00697024740656777));
#6100=CARTESIAN_POINT('',(0.0139096624188298,0.0210760213452393,-0.00732175463938982));
#6101=CARTESIAN_POINT('',(0.0140309042211,0.0210493660263291,-0.00749858906365216));
#6102=CARTESIAN_POINT('',(0.0141326082712877,0.0210305668022235,-0.00764682465438959));
#6103=CARTESIAN_POINT('',(0.0142142398449863,0.0210178437266976,-0.007765919180723));
#6104=CARTESIAN_POINT('',(0.0142755254821243,0.0210095319740442,-0.00785548923449322));
#6105=CARTESIAN_POINT('',(0.0143367686678316,0.0210025256541286,-0.00794530591485594));
#6106=CARTESIAN_POINT('',(0.0144181855533725,0.0209950255100689,-0.0080653898459487));
#6107=CARTESIAN_POINT('',(0.0145190872751698,0.0209892907227288,-0.0082161172758895));
#6108=CARTESIAN_POINT('',(0.0146374286664136,0.0209888044639878,-0.00839804606794577));
#6109=CARTESIAN_POINT('',(0.0147910502344505,0.0209974738090664,-0.00864216257511927));
#6110=CARTESIAN_POINT('',(0.0149397922384043,0.0210215226659287,-0.0088887741899925));
#6111=CARTESIAN_POINT('',(0.0150795073102114,0.0210630392516088,-0.00913716955955258));
#6112=CARTESIAN_POINT('',(0.0151794356528305,0.0211033794775789,-0.00932416456880958));
#6113=CARTESIAN_POINT('',(0.0152741006037421,0.021153488382668,-0.00951162755973555));
#6114=CARTESIAN_POINT('',(0.0153625134533524,0.0212134453472614,-0.00969914794758687));
#6115=CARTESIAN_POINT('',(0.0154299330280471,0.0212708128581831,-0.00985515586896059));
#6116=CARTESIAN_POINT('',(0.0154796837743141,0.02132035204244,-0.00997969737098027));
#6117=CARTESIAN_POINT('',(0.0155150952346354,0.0213592658057534,-0.0100729505873869));
#6118=CARTESIAN_POINT('',(0.0155483089660536,0.0214003674281322,-0.010166024406326));
#6119=CARTESIAN_POINT('',(0.0155802525705614,0.0214430690654106,-0.0102589194267071));
#6120=CARTESIAN_POINT('',(0.0156127160660229,0.0214862273651632,-0.0103516308710389));
#6121=CARTESIAN_POINT('',(0.0156570240155125,0.021544097804777,-0.0104749889275924));
#6122=CARTESIAN_POINT('',(0.0157137773588483,0.0216169735047851,-0.0106286744783991));
#6123=CARTESIAN_POINT('',(0.0158063945494669,0.0217340525571385,-0.0108734654530313));
#6124=CARTESIAN_POINT('',(0.0159249743609014,0.0218808110336521,-0.011177191696864));
#6125=CARTESIAN_POINT('',(0.0161211005678066,0.0221174121950336,-0.0116554919135699));
#6126=CARTESIAN_POINT('',(0.0163800444926671,0.0224141487777221,-0.0122393047541683));
#6127=CARTESIAN_POINT('',(0.0168374847201441,0.0228732614923213,-0.0132092029502268));
#6128=CARTESIAN_POINT('',(0.017528397773601,0.0234055292547001,-0.0143519684319815));
#6129=CARTESIAN_POINT('',(0.0181851898808158,0.023759449043997,-0.0151769509438949));
#6130=CARTESIAN_POINT('',(0.0185242103625407,0.0239290199194244,-0.0155479522763554));
#6131=CARTESIAN_POINT('',(0.0119565478223558,0.0218620276531081,-0.00443743256891342));
#6132=CARTESIAN_POINT('',(0.0121068760395611,0.02178683588807,-0.00464544886875168));
#6133=CARTESIAN_POINT('',(0.0124090433263868,0.0216402477154802,-0.00506660815730007));
#6134=CARTESIAN_POINT('',(0.0128686115282942,0.021434176562615,-0.00571694631091156));
#6135=CARTESIAN_POINT('',(0.0133360985085491,0.0212490568726475,-0.00638780111663525));
#6136=CARTESIAN_POINT('',(0.0136917935481428,0.021134802973986,-0.00690532551967253));
#6137=CARTESIAN_POINT('',(0.0139322533020708,0.0210749420200437,-0.00725586415603144));
#6138=CARTESIAN_POINT('',(0.0140532500942871,0.0210486885448607,-0.00743221440909945));
#6139=CARTESIAN_POINT('',(0.0141547322801688,0.0210302726555521,-0.00758005032981204));
#6140=CARTESIAN_POINT('',(0.014236196568654,0.0210178897366368,-0.00769882841389439));
#6141=CARTESIAN_POINT('',(0.0142973667998079,0.0210098513905773,-0.00778816282568221));
#6142=CARTESIAN_POINT('',(0.0143585078118204,0.0210031386155033,-0.00787774551057926));
#6143=CARTESIAN_POINT('',(0.0144398059808392,0.0209960595321778,-0.00799751949183598));
#6144=CARTESIAN_POINT('',(0.0145405789470577,0.0209909116482785,-0.00814786328409665));
#6145=CARTESIAN_POINT('',(0.0146586460469037,0.0209912331751982,-0.008329340431451));
#6146=CARTESIAN_POINT('',(0.0148114862091167,0.0210010889488835,-0.00857286760430895));
#6147=CARTESIAN_POINT('',(0.0149593598103627,0.0210265591452716,-0.00881894293476968));
#6148=CARTESIAN_POINT('',(0.0150979875467761,0.0210697675662412,-0.00906684941940236));
#6149=CARTESIAN_POINT('',(0.0151966967681049,0.0211113980149702,-0.00925349701100615));
#6150=CARTESIAN_POINT('',(0.0152897080760449,0.0211627077899079,-0.0094406144929447));
#6151=CARTESIAN_POINT('',(0.0153764202163397,0.0212238276180268,-0.00962777583926702));
#6152=CARTESIAN_POINT('',(0.0154424638035721,0.0212821117836944,-0.00978345911118049));
#6153=CARTESIAN_POINT('',(0.0154911660282898,0.0213323883123802,-0.00990771436070902));
#6154=CARTESIAN_POINT('',(0.0155258421636335,0.021371841140154,-0.0100007391279201));
#6155=CARTESIAN_POINT('',(0.0155582200735576,0.0214137553389141,-0.0100935794582597));
#6156=CARTESIAN_POINT('',(0.0155896787263144,0.021457091619782,-0.0101862314152722));
#6157=CARTESIAN_POINT('',(0.0156221743744714,0.0215005959993755,-0.0102786916932938));
#6158=CARTESIAN_POINT('',(0.0156664940429861,0.0215589000164175,-0.0104017051846518));
#6159=CARTESIAN_POINT('',(0.015723111676073,0.0216322455854866,-0.0105549393993636));
#6160=CARTESIAN_POINT('',(0.0158154025893711,0.0217498858206435,-0.0107990053354661));
#6161=CARTESIAN_POINT('',(0.0159335053279277,0.0218971194550077,-0.0111018382405944));
#6162=CARTESIAN_POINT('',(0.0161288034629191,0.0221343154030511,-0.0115787254848242));
#6163=CARTESIAN_POINT('',(0.016386421402559,0.0224315704859837,-0.012160348684575));
#6164=CARTESIAN_POINT('',(0.0168411054051367,0.0228918606252504,-0.0131281957743274));
#6165=CARTESIAN_POINT('',(0.0175280004193709,0.0234265913147715,-0.0142664507122549));
#6166=CARTESIAN_POINT('',(0.0181821348799686,0.023781956578099,-0.0150899418420004));
#6167=CARTESIAN_POINT('',(0.0185198178308299,0.0239523548762546,-0.0154595012278856));
#6168=CARTESIAN_POINT('',(0.0119856146659065,0.0218581416450058,-0.00436362641140757));
#6169=CARTESIAN_POINT('',(0.0121358772312304,0.0217829507093048,-0.00457109212106093));
#6170=CARTESIAN_POINT('',(0.0124379043651933,0.0216363743002942,-0.00499113976443388));
#6171=CARTESIAN_POINT('',(0.0128973446089361,0.0214304966313893,-0.00563969832966676));
#6172=CARTESIAN_POINT('',(0.0133649561943482,0.0212459247774964,-0.00630852947116906));
#6173=CARTESIAN_POINT('',(0.0137204723031276,0.0211325359849699,-0.00682428609656454));
#6174=CARTESIAN_POINT('',(0.0139604122995797,0.0210735539560444,-0.00717360763532099));
#6175=CARTESIAN_POINT('',(0.0140810794958169,0.0210478060666674,-0.00734934977644687));
#6176=CARTESIAN_POINT('',(0.0141822545492729,0.0210298723470954,-0.00749668432121543));
#6177=CARTESIAN_POINT('',(0.0142634820067981,0.0210179168820583,-0.00761506577105022));
#6178=CARTESIAN_POINT('',(0.0143244865473136,0.0210102218790525,-0.00770410496980674));
#6179=CARTESIAN_POINT('',(0.0143854796138903,0.0210038775908109,-0.00779339461313247));
#6180=CARTESIAN_POINT('',(0.0144666068824087,0.0209973272249106,-0.00791278049648545));
#6181=CARTESIAN_POINT('',(0.0145672059120839,0.0209929174740546,-0.0080626434007816));
#6182=CARTESIAN_POINT('',(0.0146849388252037,0.0209942601494105,-0.00824355486769163));
#6183=CARTESIAN_POINT('',(0.014836727529709,0.0210056103186705,-0.00848634276126859));
#6184=CARTESIAN_POINT('',(0.0149833419611524,0.0210328320185354,-0.0087317398723626));
#6185=CARTESIAN_POINT('',(0.0151206295511179,0.0210781906720851,-0.00897902759886645));
#6186=CARTESIAN_POINT('',(0.0152177778797382,0.0211214471193301,-0.00916523153001029));
#6187=CARTESIAN_POINT('',(0.0153088231257686,0.0211743099692526,-0.00935189650725894));
#6188=CARTESIAN_POINT('',(0.0153934138767234,0.0212368749884257,-0.0095385897869624));
#6189=CARTESIAN_POINT('',(0.015457714426649,0.0212962759691056,-0.00969385678946305));
#6190=CARTESIAN_POINT('',(0.0155051528277499,0.0213474772286929,-0.00981775362086916));
#6191=CARTESIAN_POINT('',(0.0155389450889457,0.0213876905442513,-0.00991049663893372));
#6192=CARTESIAN_POINT('',(0.0155701310459068,0.0214307411572102,-0.0100030495491316));
#6193=CARTESIAN_POINT('',(0.0156015434885696,0.0214745956678276,-0.0100953966884646));
#6194=CARTESIAN_POINT('',(0.0156341968495388,0.0215184909538732,-0.0101875423440639));
#6195=CARTESIAN_POINT('',(0.0156785323930785,0.0215772980292482,-0.010310123365849));
#6196=CARTESIAN_POINT('',(0.0157349219952423,0.0216512028800986,-0.0104627889532137));
#6197=CARTESIAN_POINT('',(0.0158267894764838,0.0217695027961269,-0.0107059463353868));
#6198=CARTESIAN_POINT('',(0.0159442873813468,0.0219173209402285,-0.0110076490437591));
#6199=CARTESIAN_POINT('',(0.016138543820252,0.0221552545537646,-0.0114827744428624));
#6200=CARTESIAN_POINT('',(0.0163944921672671,0.0224531591565549,-0.0120616495342229));
#6201=CARTESIAN_POINT('',(0.0168457175884928,0.0229149689234236,-0.0130268616954736));
#6202=CARTESIAN_POINT('',(0.0175275116187852,0.0234528491822008,-0.0141593921589135));
#6203=CARTESIAN_POINT('',(0.0181782654546665,0.0238100558070912,-0.0149810685174538));
#6204=CARTESIAN_POINT('',(0.0185142635661635,0.0239815023318122,-0.0153487764079043));
#6205=CARTESIAN_POINT('',(0.0120204383083648,0.021853426479366,-0.00427529647368775));
#6206=CARTESIAN_POINT('',(0.0121706203020914,0.0217782337662185,-0.004482095382057));
#6207=CARTESIAN_POINT('',(0.012472471762248,0.0216316671577582,-0.00490079443213661));
#6208=CARTESIAN_POINT('',(0.0129317258825981,0.0214260134547981,-0.00554720464551028));
#6209=CARTESIAN_POINT('',(0.013399479428835,0.0212420926981439,-0.0062135992902687));
#6210=CARTESIAN_POINT('',(0.0137548007456006,0.0211297427428586,-0.00672722299194562));
#6211=CARTESIAN_POINT('',(0.0139940871239739,0.0210718237735301,-0.00707507305924549));
#6212=CARTESIAN_POINT('',(0.0141143238827739,0.0210466882640636,-0.00725008051422335));
#6213=CARTESIAN_POINT('',(0.0142150808237236,0.0210293385196652,-0.00739681046938567));
#6214=CARTESIAN_POINT('',(0.0142959752236531,0.0210178999235932,-0.00751471427458309));
#6215=CARTESIAN_POINT('',(0.0143567419240999,0.0210106195967365,-0.00760339823564425));
#6216=CARTESIAN_POINT('',(0.0144175189972908,0.0210047198488002,-0.00769233548383817));
#6217=CARTESIAN_POINT('',(0.014498396393688,0.0209988071486838,-0.0078112549364273));
#6218=CARTESIAN_POINT('',(0.0145987554536118,0.020995290121356,-0.00796053932395835));
#6219=CARTESIAN_POINT('',(0.0147161252666132,0.0209978777746411,-0.00814076855342877));
#6220=CARTESIAN_POINT('',(0.0148666083657897,0.0210110607888372,-0.00838267274956953));
#6221=CARTESIAN_POINT('',(0.0150113156604215,0.0210403228919153,-0.00862723713050857));
#6222=CARTESIAN_POINT('',(0.0151469614994747,0.0210883042786079,-0.00887378277785024));
#6223=CARTESIAN_POINT('',(0.0152422656585925,0.0211335397438087,-0.00905943010606227));
#6224=CARTESIAN_POINT('',(0.0153310944183461,0.0211883209914393,-0.00924552407967727));
#6225=CARTESIAN_POINT('',(0.01541321719401,0.0212526324445587,-0.00943162680060877));
#6226=CARTESIAN_POINT('',(0.0154754797474279,0.0213134221430012,-0.00958637924988677));
#6227=CARTESIAN_POINT('',(0.0155214856243696,0.0213658635498172,-0.00970984365071064));
#6228=CARTESIAN_POINT('',(0.0155539938894793,0.0214073467302685,-0.00980225303886468));
#6229=CARTESIAN_POINT('',(0.0155848759098144,0.0214510558083503,-0.00989445860326562));
#6230=CARTESIAN_POINT('',(0.0156164636754225,0.021495438605855,-0.00998644238766188));
#6231=CARTESIAN_POINT('',(0.0156491194504603,0.0215398250346177,-0.0100782045113398));
#6232=CARTESIAN_POINT('',(0.0156932826319646,0.0215991716134793,-0.0102002614422583));
#6233=CARTESIAN_POINT('',(0.0157493292466933,0.0216736987123274,-0.0103522428649108));
#6234=CARTESIAN_POINT('',(0.0158406521531078,0.0217927396022999,-0.0105943067834478));
#6235=CARTESIAN_POINT('',(0.015957421218927,0.0219412615915454,-0.0108946214304023));
#6236=CARTESIAN_POINT('',(0.016150411640718,0.0221800690043354,-0.0113676414130628));
#6237=CARTESIAN_POINT('',(0.0164043388988585,0.0224787559926289,-0.0119432187655898));
#6238=CARTESIAN_POINT('',(0.0168513964291598,0.0229424709211576,-0.0129051274249696));
#6239=CARTESIAN_POINT('',(0.0175269369599541,0.0234842451138387,-0.0140306597538043));
#6240=CARTESIAN_POINT('',(0.0181735393000342,0.0238437174673806,-0.0148502459234485));
#6241=CARTESIAN_POINT('',(0.0185074881565051,0.02401645074244,-0.0152156340246712));
#6242=CARTESIAN_POINT('',(0.0120552058017894,0.0218486591370242,-0.00418721156496348));
#6243=CARTESIAN_POINT('',(0.0122053051635975,0.021773461345346,-0.00439333610657199));
#6244=CARTESIAN_POINT('',(0.0125069739135309,0.0216268996251616,-0.00481066998140939));
#6245=CARTESIAN_POINT('',(0.0129660054108967,0.021421461464584,-0.00545491909633012));
#6246=CARTESIAN_POINT('',(0.0134338920713334,0.0212381848491307,-0.0061188694287095));
#6247=CARTESIAN_POINT('',(0.013789045170843,0.0211268736044627,-0.00663034879303005));
#6248=CARTESIAN_POINT('',(0.0140276600359919,0.0210700259212851,-0.00697671559398514));
#6249=CARTESIAN_POINT('',(0.0141474362562486,0.0210455089741039,-0.00715098310901576));
#6250=CARTESIAN_POINT('',(0.0142477259910681,0.0210287494185297,-0.00729710544027388));
#6251=CARTESIAN_POINT('',(0.0143282352926273,0.0210178323274609,-0.007414529954196));
#6252=CARTESIAN_POINT('',(0.0143887206163691,0.0210109697330072,-0.00750285773914452));
#6253=CARTESIAN_POINT('',(0.0144492369228562,0.0210055172806516,-0.00759144193786578));
#6254=CARTESIAN_POINT('',(0.0145298067511007,0.0210002450563447,-0.00770989452064589));
#6255=CARTESIAN_POINT('',(0.0146298729568467,0.0209976263655102,-0.00785860066272659));
#6256=CARTESIAN_POINT('',(0.0147469155164667,0.0210014800775575,-0.00803814197412165));
#6257=CARTESIAN_POINT('',(0.014896174458017,0.0210165525484647,-0.00827917087982688));
#6258=CARTESIAN_POINT('',(0.0150385284400752,0.0210478202049793,-0.0085228869423767));
#6259=CARTESIAN_POINT('',(0.0151724039929323,0.0210984231942204,-0.00876868405109792));
#6260=CARTESIAN_POINT('',(0.0152659747960062,0.021145665587367,-0.00895375604239038));
#6261=CARTESIAN_POINT('',(0.0153527102219334,0.0212023826608539,-0.00913925374857831));
#6262=CARTESIAN_POINT('',(0.0154325033315375,0.0212684842685691,-0.00932474070165791));
#6263=CARTESIAN_POINT('',(0.0154929033346036,0.0213307246821476,-0.00947896335233485));
#6264=CARTESIAN_POINT('',(0.0155375780776065,0.0213845387109642,-0.00960198908026472));
#6265=CARTESIAN_POINT('',(0.0155693955006633,0.021426996350373,-0.00969405950044376));
#6266=CARTESIAN_POINT('',(0.0156003933102755,0.0214711789248602,-0.00978591176775263));
#6267=CARTESIAN_POINT('',(0.0156319303783157,0.0215161027694268,-0.00987752971387451));
#6268=CARTESIAN_POINT('',(0.0156644926478887,0.0215608661438793,-0.00996890451685211));
#6269=CARTESIAN_POINT('',(0.0157082267872767,0.021620833152512,-0.0100904366946657));
#6270=CARTESIAN_POINT('',(0.0157639976986455,0.0216958483551985,-0.0102417443610245));
#6271=CARTESIAN_POINT('',(0.0158546985374567,0.0218156618069824,-0.0104827034232757));
#6272=CARTESIAN_POINT('',(0.0159707639588979,0.0219648866610595,-0.0107815887229374));
#6273=CARTESIAN_POINT('',(0.0161624562746256,0.0222045609913651,-0.011252508445814));
#6274=CARTESIAN_POINT('',(0.0164143518842824,0.0225040314597054,-0.0118248225600778));
#6275=CARTESIAN_POINT('',(0.0168572270830683,0.0229697421857062,-0.0127832343192409));
#6276=CARTESIAN_POINT('',(0.0175263746036288,0.0235155227596177,-0.0139016686000694));
#6277=CARTESIAN_POINT('',(0.018168726956401,0.0238773215094756,-0.0147192491129095));
#6278=CARTESIAN_POINT('',(0.0185005922449379,0.0240513768505454,-0.0150822014204053));
#6279=CARTESIAN_POINT('',(0.0121014879381272,0.0218422324247173,-0.00407010352298772));
#6280=CARTESIAN_POINT('',(0.0122514740601308,0.0217670229029859,-0.00427531712510419));
#6281=CARTESIAN_POINT('',(0.0125528911071895,0.0216204600675182,-0.00469080548840921));
#6282=CARTESIAN_POINT('',(0.0130115706079251,0.0214152978694117,-0.00533215627588374));
#6283=CARTESIAN_POINT('',(0.0134796207410558,0.0212328696885562,-0.00599283749075925));
#6284=CARTESIAN_POINT('',(0.0138345927806313,0.0211229421234934,-0.00650144273803261));
#6285=CARTESIAN_POINT('',(0.014072308663005,0.0210675331303647,-0.00684581518047367));
#6286=CARTESIAN_POINT('',(0.0141914409701168,0.0210438498873651,-0.0070190887776763));
#6287=CARTESIAN_POINT('',(0.0142910478594922,0.0210278870570747,-0.00716439679233648));
#6288=CARTESIAN_POINT('',(0.0143709736342745,0.0210176729153789,-0.00728118008349489));
#6289=CARTESIAN_POINT('',(0.0144310222493555,0.0210113726785871,-0.00736903178541816));
#6290=CARTESIAN_POINT('',(0.0144911229967289,0.0210065209791907,-0.00745714438946974));
#6291=CARTESIAN_POINT('',(0.0145711910107884,0.0210021085418175,-0.00757497412795023));
#6292=CARTESIAN_POINT('',(0.0146707499645097,0.0210006896815816,-0.0077229120858046));
#6293=CARTESIAN_POINT('',(0.0147873542946634,0.0210062634559515,-0.00790153093113444));
#6294=CARTESIAN_POINT('',(0.0149352280749436,0.0210239337905102,-0.00814139585228712));
#6295=CARTESIAN_POINT('',(0.015074036272331,0.0210579424680074,-0.00838397664719774));
#6296=CARTESIAN_POINT('',(0.0152052695974635,0.0211119570975802,-0.00862875596954168));
#6297=CARTESIAN_POINT('',(0.0152966146605292,0.0211618621720932,-0.00881304222550033));
#6298=CARTESIAN_POINT('',(0.0153807324206143,0.0212211691532232,-0.00899771594282412));
#6299=CARTESIAN_POINT('',(0.0154576996281344,0.0212896765236247,-0.00918235173595415));
#6300=CARTESIAN_POINT('',(0.0155158843837876,0.0213539390641968,-0.00933584698517179));
#6301=CARTESIAN_POINT('',(0.0155592562302112,0.021409400436345,-0.00945827339140878));
#6302=CARTESIAN_POINT('',(0.0155906533915912,0.0214528277826375,-0.00954988116374907));
#6303=CARTESIAN_POINT('',(0.0156216977882911,0.0214976041781325,-0.00964125422359661));
#6304=CARTESIAN_POINT('',(0.0156531586614221,0.0215429804402437,-0.00973237431869164));
#6305=CARTESIAN_POINT('',(0.0156851940573695,0.0215885051161636,-0.00982323933967778));
#6306=CARTESIAN_POINT('',(0.015728560590283,0.021649148653972,-0.0099440743946429));
#6307=CARTESIAN_POINT('',(0.0157838205216742,0.0217248695484763,-0.0100945041229051));
#6308=CARTESIAN_POINT('',(0.0158737157155564,0.0218457506689886,-0.0103339484949339));
#6309=CARTESIAN_POINT('',(0.0159888296657906,0.0219959622161606,-0.0106308686263821));
#6310=CARTESIAN_POINT('',(0.0161787578295729,0.022236759150902,-0.0110989787045225));
#6311=CARTESIAN_POINT('',(0.0164279264326546,0.0225372891477398,-0.0116670598892051));
#6312=CARTESIAN_POINT('',(0.0168652196170589,0.0230057895644163,-0.0126204447000535));
#6313=CARTESIAN_POINT('',(0.0175256402050724,0.0235570608309305,-0.013729354091728));
#6314=CARTESIAN_POINT('',(0.0181621909772011,0.0239220495934378,-0.0145443470073585));
#6315=CARTESIAN_POINT('',(0.0184912211183727,0.0240979247970049,-0.0149038782456182));
#6316=CARTESIAN_POINT('',(0.012159201006623,0.0218340652664414,-0.00392437808869828));
#6317=CARTESIAN_POINT('',(0.0123090391300158,0.0217588309588329,-0.00412842818706351));
#6318=CARTESIAN_POINT('',(0.0126101306416549,0.0216122499083182,-0.00454155559731187));
#6319=CARTESIAN_POINT('',(0.0130682524847751,0.0214074111509087,-0.00517925194409467));
#6320=CARTESIAN_POINT('',(0.0135364748424652,0.0212260212345727,-0.0058358289379433));
#6321=CARTESIAN_POINT('',(0.0138913129335287,0.0211178192708002,-0.00634081330956507));
#6322=CARTESIAN_POINT('',(0.0141279410794773,0.0210642253063992,-0.00668266078290874));
#6323=CARTESIAN_POINT('',(0.0142462404529206,0.0210416025852774,-0.00685467752903563));
#6324=CARTESIAN_POINT('',(0.0143449012629731,0.0210266569205161,-0.00699896042462586));
#6325=CARTESIAN_POINT('',(0.0144239778064384,0.0210173398218256,-0.00711493764746057));
#6326=CARTESIAN_POINT('',(0.0144833652342058,0.0210117556681446,-0.00720219211847276));
#6327=CARTESIAN_POINT('',(0.0145428110332028,0.0210076674092911,-0.00728971433690778));
#6328=CARTESIAN_POINT('',(0.0146220552623218,0.0210043422198643,-0.00740676450869759));
#6329=CARTESIAN_POINT('',(0.0147207079534905,0.0210044357168966,-0.00755374790120893));
#6330=CARTESIAN_POINT('',(0.0148365006995479,0.0210121846515589,-0.00773122868171877));
#6331=CARTESIAN_POINT('',(0.0149832056780383,0.0210332949625948,-0.00796960707609251));
#6332=CARTESIAN_POINT('',(0.0151175376122689,0.0210709889232091,-0.00821083534526203));
#6333=CARTESIAN_POINT('',(0.015244732821861,0.0211290067865779,-0.00845426131112738));
#6334=CARTESIAN_POINT('',(0.0153333157122094,0.0211821437458272,-0.00863753132828772));
#6335=CARTESIAN_POINT('',(0.0154145045050833,0.0212446260880763,-0.0088211270372427));
#6336=CARTESIAN_POINT('',(0.0154884998787178,0.0213161422138696,-0.00900464760341508));
#6337=CARTESIAN_POINT('',(0.0155446258752893,0.0213828275559111,-0.00915719177655445));
#6338=CARTESIAN_POINT('',(0.0155871420622698,0.021439852087842,-0.00927883828726018));
#6339=CARTESIAN_POINT('',(0.0156182912391365,0.0214841465486153,-0.0093698489163573));
#6340=CARTESIAN_POINT('',(0.0156492246720954,0.021529519900249,-0.00946061240438637));
#6341=CARTESIAN_POINT('',(0.0156803530703297,0.0215755068073995,-0.00955111661779152));
#6342=CARTESIAN_POINT('',(0.0157119272417353,0.0216216882458334,-0.00964136124986893));
#6343=CARTESIAN_POINT('',(0.0157546524344641,0.0216832525290689,-0.00976134395245766));
#6344=CARTESIAN_POINT('',(0.015809090250238,0.0217600405692376,-0.0099106775924732));
#6345=CARTESIAN_POINT('',(0.0158980727622497,0.0218824131547724,-0.0101480779282265));
#6346=CARTESIAN_POINT('',(0.0160119440332101,0.0220339855778356,-0.0104424579162169));
#6347=CARTESIAN_POINT('',(0.0161995861262201,0.0222760899346811,-0.0109069782406684));
#6348=CARTESIAN_POINT('',(0.01644532558918,0.0225779983926302,-0.0114701759048588));
#6349=CARTESIAN_POINT('',(0.0168756518034935,0.0230502470961373,-0.0124163174584501));
#6350=CARTESIAN_POINT('',(0.0175247538680053,0.023608650600289,-0.0135134179568945));
#6351=CARTESIAN_POINT('',(0.0181537848022723,0.0239778159844385,-0.0143252372181012));
#6352=CARTESIAN_POINT('',(0.0184791443383285,0.0241560905280202,-0.0146801474715841));
#6353=CARTESIAN_POINT('',(0.0122282312502845,0.0218240404760127,-0.00375065396859001));
#6354=CARTESIAN_POINT('',(0.0123778761647623,0.0217487587380058,-0.00395326227581872));
#6355=CARTESIAN_POINT('',(0.0126785850779257,0.021602118082258,-0.00436344555220807));
#6356=CARTESIAN_POINT('',(0.0131358001351171,0.0213976352288843,-0.00499670450546944));
#6357=CARTESIAN_POINT('',(0.0136041384604247,0.0212174439696062,-0.00564833557886995));
#6358=CARTESIAN_POINT('',(0.0139589915565983,0.0211113046799979,-0.00614892180847933));
#6359=CARTESIAN_POINT('',(0.0141944916687542,0.0210599004389356,-0.00648769374966809));
#6360=CARTESIAN_POINT('',(0.0143118598922397,0.0210385796754485,-0.0066581845388364));
#6361=CARTESIAN_POINT('',(0.0144093759780313,0.0210249042590403,-0.00680121824042971));
#6362=CARTESIAN_POINT('',(0.0144873240038605,0.0210167040521841,-0.00691622655676156));
#6363=CARTESIAN_POINT('',(0.0145457962359039,0.0210120126916558,-0.00700276373960992));
#6364=CARTESIAN_POINT('',(0.0146042851316738,0.0210088771315202,-0.00708957504155349));
#6365=CARTESIAN_POINT('',(0.0146822260694424,0.0210069092358621,-0.00720569160553805));
#6366=CARTESIAN_POINT('',(0.01477931609952,0.0210088681694817,-0.00735153336049718));
#6367=CARTESIAN_POINT('',(0.0148932279777408,0.0210192621309223,-0.0075277068003357));
#6368=CARTESIAN_POINT('',(0.0150379840347291,0.0210445673301346,-0.0077644005066213));
#6369=CARTESIAN_POINT('',(0.0151687967554037,0.0210870964056407,-0.00800399739518747));
#6370=CARTESIAN_POINT('',(0.0152905833762788,0.0211496797134788,-0.00824571004521113));
#6371=CARTESIAN_POINT('',(0.0153757657812091,0.0212063797357818,-0.00842767091963789));
#6372=CARTESIAN_POINT('',(0.0154538875337701,0.0212723861211959,-0.00860990412115683));
#6373=CARTESIAN_POINT('',(0.0155252095931387,0.0213472011738615,-0.00879201056027031));
#6374=CARTESIAN_POINT('',(0.0155798480785535,0.0214162149854757,-0.0089433466643144));
#6375=CARTESIAN_POINT('',(0.0156217402105285,0.0214746361456278,-0.00906400943831542));
#6376=CARTESIAN_POINT('',(0.0156526053361408,0.0215197521475862,-0.00915427416424912));
#6377=CARTESIAN_POINT('',(0.0156832770185143,0.02156581300265,-0.00924428469144834));
#6378=CARTESIAN_POINT('',(0.0157140609231534,0.0216124513077109,-0.00933402648744241));
#6379=CARTESIAN_POINT('',(0.0157451418934668,0.0216593731614704,-0.00942349040208686));
#6380=CARTESIAN_POINT('',(0.0157871040634437,0.0217220326384273,-0.0095423969216786));
#6381=CARTESIAN_POINT('',(0.0158405833510578,0.021800244796765,-0.00969030539604053));
#6382=CARTESIAN_POINT('',(0.0159283657221858,0.0219248096901511,-0.00992498821358513));
#6383=CARTESIAN_POINT('',(0.0160405646296819,0.0220780949746936,-0.0102164808898777));
#6384=CARTESIAN_POINT('',(0.0162252640017484,0.0223216121109631,-0.0106762298937295));
#6385=CARTESIAN_POINT('',(0.0164669474782345,0.0226253504624645,-0.0112349906881875));
#6386=CARTESIAN_POINT('',(0.016888999793287,0.0231025940997585,-0.0121696750343925));
#6387=CARTESIAN_POINT('',(0.0175237655709584,0.0236699100969421,-0.0132538461381671));
#6388=CARTESIAN_POINT('',(0.0181432743139444,0.0240445192992283,-0.0140613087538331));
#6389=CARTESIAN_POINT('',(0.0184639625436296,0.0242259194312931,-0.0144101777338962));
#6390=CARTESIAN_POINT('',(0.0123199675367085,0.0218103542988168,-0.00352068619351324));
#6391=CARTESIAN_POINT('',(0.0124693126357902,0.0217349887319481,-0.00372131266059747));
#6392=CARTESIAN_POINT('',(0.0127695735874599,0.0215881945215941,-0.00412738565653923));
#6393=CARTESIAN_POINT('',(0.0132252301462812,0.0213841537443367,-0.00475464305572237));
#6394=CARTESIAN_POINT('',(0.0136934422770921,0.0212054789519038,-0.00539969113289708));
#6395=CARTESIAN_POINT('',(0.0140486633752096,0.0211020830192899,-0.00589428831462213));
#6396=CARTESIAN_POINT('',(0.0142828643001736,0.0210535869414502,-0.00622894017833353));
#6397=CARTESIAN_POINT('',(0.0143992030658705,0.0210340425965581,-0.00639740441216199));
#6398=CARTESIAN_POINT('',(0.0144954933144686,0.0210221147484875,-0.00653872483767895));
#6399=CARTESIAN_POINT('',(0.0145720549439564,0.0210154939463972,-0.00665241222914286));
#6400=CARTESIAN_POINT('',(0.0146292674959623,0.0210120610553912,-0.00673801022244188));
#6401=CARTESIAN_POINT('',(0.0146863735872101,0.0210102583079983,-0.00682391377246621));
#6402=CARTESIAN_POINT('',(0.0147624286025334,0.021010193880681,-0.00693880291037042));
#6403=CARTESIAN_POINT('',(0.0148569308920479,0.0210148091078327,-0.00708311869775278));
#6404=CARTESIAN_POINT('',(0.014967372317334,0.0210288514471411,-0.00725765111830873));
#6405=CARTESIAN_POINT('',(0.0151078364985949,0.0210596312903706,-0.00749224853196205));
#6406=CARTESIAN_POINT('',(0.0152349470155693,0.0211086532762819,-0.00772964138107606));
#6407=CARTESIAN_POINT('',(0.0153504674718552,0.0211771529650859,-0.00796898023218016));
#6408=CARTESIAN_POINT('',(0.0154312873617918,0.0212381809968901,-0.00814909164040304));
#6409=CARTESIAN_POINT('',(0.0155058651655123,0.0213083518216263,-0.00832940873567846));
#6410=CARTESIAN_POINT('',(0.0155745180313959,0.0213869010987447,-0.00850953420968323));
#6411=CARTESIAN_POINT('',(0.0156278284776414,0.0214583846186586,-0.0086591750833602));
#6412=CARTESIAN_POINT('',(0.0156690868842177,0.0215183275307669,-0.00877845684345987));
#6413=CARTESIAN_POINT('',(0.0156995950269481,0.0215644018899011,-0.00886767188112785));
#6414=CARTESIAN_POINT('',(0.0157299134270698,0.0216113202068045,-0.00895661458661163));
#6415=CARTESIAN_POINT('',(0.0157602514303705,0.0216588242847599,-0.00904526233364642));
#6416=CARTESIAN_POINT('',(0.0157907780417839,0.0217066821542762,-0.00913359319905172));
#6417=CARTESIAN_POINT('',(0.0158318853311568,0.0217707230433895,-0.00925091111519605));
#6418=CARTESIAN_POINT('',(0.0158842150543699,0.0218508781770907,-0.0093966191864308));
#6419=CARTESIAN_POINT('',(0.0159699836173058,0.0219783928276878,-0.00962773078555307));
#6420=CARTESIAN_POINT('',(0.016079888355538,0.0221344378520422,-0.00991530884965245));
#6421=CARTESIAN_POINT('',(0.0162602733054535,0.0223797561585099,-0.0103683590665994));
#6422=CARTESIAN_POINT('',(0.0164968975381985,0.0226863525692389,-0.0109234100801055));
#6423=CARTESIAN_POINT('',(0.0169080808657196,0.0231709827203806,-0.0118375193174379));
#6424=CARTESIAN_POINT('',(0.0175226311892939,0.0237504961192683,-0.0129079785403869));
#6425=CARTESIAN_POINT('',(0.0181286286102043,0.0241331969277284,-0.0137075601257498));
#6426=CARTESIAN_POINT('',(0.0184426545304252,0.024319141965418,-0.014048019845534));
#6427=CARTESIAN_POINT('',(0.0124797402675083,0.0217854789319567,-0.00312300499208411));
#6428=CARTESIAN_POINT('',(0.0126283217680787,0.0217099528696608,-0.00331999024026912));
#6429=CARTESIAN_POINT('',(0.0129279857842241,0.0215626150819976,-0.00371840170317559));
#6430=CARTESIAN_POINT('',(0.0133804149426846,0.0213592574524012,-0.00433465149405641));
#6431=CARTESIAN_POINT('',(0.013846308624824,0.0211830884318886,-0.0049687018385049));
#6432=CARTESIAN_POINT('',(0.0142045558885874,0.0210843012945854,-0.00545178614919791));
#6433=CARTESIAN_POINT('',(0.0144352680089644,0.0210410616883506,-0.00577986619373679));
#6434=CARTESIAN_POINT('',(0.0145508701318959,0.0210245120332597,-0.00594449372323661));
#6435=CARTESIAN_POINT('',(0.0146463900144701,0.021015777423008,-0.00608276649964131));
#6436=CARTESIAN_POINT('',(0.0147215728352314,0.0210121363556634,-0.00619418313874654));
#6437=CARTESIAN_POINT('',(0.0147773193589143,0.0210111646854263,-0.00627812000297894));
#6438=CARTESIAN_POINT('',(0.0148323964374354,0.021012040668995,-0.00636241511147377));
#6439=CARTESIAN_POINT('',(0.0149048174802935,0.0210157906871955,-0.00647530894591042));
#6440=CARTESIAN_POINT('',(0.0149932117320942,0.0210255855624525,-0.0066173831384491));
#6441=CARTESIAN_POINT('',(0.0150953632372599,0.0210462834017835,-0.00678930432037377));
#6442=CARTESIAN_POINT('',(0.015225470558227,0.0210863778801277,-0.00702032566298893));
#6443=CARTESIAN_POINT('',(0.0153449855344378,0.0211456752782989,-0.00725378551412409));
#6444=CARTESIAN_POINT('',(0.0154524091291504,0.0212237275529496,-0.00748875701836766));
#6445=CARTESIAN_POINT('',(0.0155272664477629,0.0212912859754017,-0.00766541559043118));
#6446=CARTESIAN_POINT('',(0.0155970339322613,0.021367250154172,-0.00784214241010801));
#6447=CARTESIAN_POINT('',(0.0156624780937329,0.021450646731408,-0.00801856851801412));
#6448=CARTESIAN_POINT('',(0.015714266121203,0.0215252610214248,-0.00816504455844274));
#6449=CARTESIAN_POINT('',(0.0157546632768829,0.0215872826666711,-0.0082817331739557));
#6450=CARTESIAN_POINT('',(0.0157846023384515,0.0216347731552611,-0.00836896490533995));
#6451=CARTESIAN_POINT('',(0.0158143336598086,0.021683049386211,-0.00845587576394461));
#6452=CARTESIAN_POINT('',(0.0158439962235861,0.0217319266523976,-0.00854243367391213));
#6453=CARTESIAN_POINT('',(0.0158737060479379,0.0217812322242796,-0.00862861407966761));
#6454=CARTESIAN_POINT('',(0.015913506397351,0.0218473245570861,-0.00874300376002682));
#6455=CARTESIAN_POINT('',(0.0159637637586977,0.0219302149957258,-0.00888505207538223));
#6456=CARTESIAN_POINT('',(0.0160455679247609,0.0220620655984716,-0.00911083028556653));
#6457=CARTESIAN_POINT('',(0.0161504402397522,0.0222242767893146,-0.00939118501224713));
#6458=CARTESIAN_POINT('',(0.016323514382824,0.0224745235245015,-0.00983239090859198));
#6459=CARTESIAN_POINT('',(0.0165525998293453,0.0227871268575246,-0.0103822811400513));
#6460=CARTESIAN_POINT('',(0.0169454011668791,0.0232867947540824,-0.01124575092643));
#6461=CARTESIAN_POINT('',(0.0175214469301762,0.0238877413395247,-0.0123053924827453));
#6462=CARTESIAN_POINT('',(0.0181012145826181,0.0242878583991635,-0.0130818994269615));
#6463=CARTESIAN_POINT('',(0.0184022043283095,0.0244827196466334,-0.0134080695277845));
#6464=CARTESIAN_POINT('',(0.0127055546740986,0.0217465147504028,-0.00257046775215008));
#6465=CARTESIAN_POINT('',(0.0128535558176097,0.0216706378137888,-0.00276194248779259));
#6466=CARTESIAN_POINT('',(0.0131485470904313,0.0215231556857912,-0.00314975192145244));
#6467=CARTESIAN_POINT('',(0.0136033435580671,0.0213172465462059,-0.0037445732434278));
#6468=CARTESIAN_POINT('',(0.0140500624930473,0.0211488044465894,-0.00436861209596539));
#6469=CARTESIAN_POINT('',(0.014419366023474,0.0210516648551653,-0.00483095021400985));
#6470=CARTESIAN_POINT('',(0.0146479393380281,0.0210174372844399,-0.00514763176841399));
#6471=CARTESIAN_POINT('',(0.0147589371786511,0.0210068988333947,-0.00530807090663017));
#6472=CARTESIAN_POINT('',(0.0148489258967199,0.0210039343315971,-0.00544349997860125));
#6473=CARTESIAN_POINT('',(0.0149195957078509,0.0210053672887736,-0.00555277505057307));
#6474=CARTESIAN_POINT('',(0.0149718915100242,0.0210084383342138,-0.00563514238870387));
#6475=CARTESIAN_POINT('',(0.0150233839463803,0.0210135831315372,-0.00571787669399327));
#6476=CARTESIAN_POINT('',(0.0150908522054154,0.0210232856885592,-0.00582863095542785));
#6477=CARTESIAN_POINT('',(0.0151727646755059,0.0210408407677697,-0.00596784813799464));
#6478=CARTESIAN_POINT('',(0.0152666024058933,0.0210708121165432,-0.00613606869017254));
#6479=CARTESIAN_POINT('',(0.0153853131591321,0.0211228711802451,-0.00636174819237127));
#6480=CARTESIAN_POINT('',(0.015494185265607,0.0211930901355269,-0.00658916219995079));
#6481=CARTESIAN_POINT('',(0.0155937222236051,0.0212804683875143,-0.00681738286854037));
#6482=CARTESIAN_POINT('',(0.0156639806750261,0.0213540163832927,-0.00698867449886895));
#6483=CARTESIAN_POINT('',(0.0157302831379889,0.0214348224517059,-0.00715980188352308));
#6484=CARTESIAN_POINT('',(0.0157932662681027,0.0215219793248436,-0.00733047853876404));
#6485=CARTESIAN_POINT('',(0.0158436086794975,0.0215990377684894,-0.00747211501845363));
#6486=CARTESIAN_POINT('',(0.0158829838467569,0.021662772536141,-0.00758496133079831));
#6487=CARTESIAN_POINT('',(0.0159121598404669,0.02171147063234,-0.00766934467350147));
#6488=CARTESIAN_POINT('',(0.0159410696237898,0.0217609187693915,-0.00775346176653247));
#6489=CARTESIAN_POINT('',(0.0159697951016044,0.0218109738460556,-0.0078373027204695));
#6490=CARTESIAN_POINT('',(0.0159984117011701,0.0218614975562003,-0.0079208613635126));
#6491=CARTESIAN_POINT('',(0.0160365108138669,0.0219293164301253,-0.00803188905439168));
#6492=CARTESIAN_POINT('',(0.0160841797013729,0.022014651074213,-0.00816992790612004));
#6493=CARTESIAN_POINT('',(0.0161610648131302,0.0221513550527562,-0.00838890985474717));
#6494=CARTESIAN_POINT('',(0.0162590925617386,0.0223209718253735,-0.00865800236247119));
#6495=CARTESIAN_POINT('',(0.0164231137789072,0.0225896195957089,-0.00907200836663316));
#6496=CARTESIAN_POINT('',(0.0166434801351886,0.0229183058166762,-0.0095746476515215));
#6497=CARTESIAN_POINT('',(0.0170129080638778,0.0234351360394877,-0.0103904766984489));
#6498=CARTESIAN_POINT('',(0.0175260690842563,0.0240687356049859,-0.0114456184680176));
#6499=CARTESIAN_POINT('',(0.0180566422615283,0.0245073564326224,-0.0121613210805298));
#6500=CARTESIAN_POINT('',(0.0183342580175036,0.0247173650906179,-0.0124761358900933));
#6501=CARTESIAN_POINT('',(0.0130592841095914,0.0216724990149798,-0.00173250815382912));
#6502=CARTESIAN_POINT('',(0.0132041530337161,0.0215953593865574,-0.00191137891304361));
#6503=CARTESIAN_POINT('',(0.0135001279656327,0.0214464622852565,-0.00227650812891304));
#6504=CARTESIAN_POINT('',(0.0139366654699698,0.0212421624444752,-0.00285007502328681));
#6505=CARTESIAN_POINT('',(0.0144041514352421,0.0210664997816325,-0.00342265658968554));
#6506=CARTESIAN_POINT('',(0.0147478429581937,0.0209881702342886,-0.00386949148328838));
#6507=CARTESIAN_POINT('',(0.014955322050508,0.0209739517862584,-0.00418059692768724));
#6508=CARTESIAN_POINT('',(0.0150564386362145,0.0209743799941704,-0.00433757889104725));
#6509=CARTESIAN_POINT('',(0.0151385364448051,0.0209812090885474,-0.00446933647879997));
#6510=CARTESIAN_POINT('',(0.0152026599290099,0.0209906392545141,-0.00457525281521184));
#6511=CARTESIAN_POINT('',(0.0152499398450328,0.0209997059459872,-0.00465494712216616));
#6512=CARTESIAN_POINT('',(0.01529639391605,0.0210107818758097,-0.00473489172792554));
#6513=CARTESIAN_POINT('',(0.0153572052105357,0.0210282533101496,-0.0048418004482688));
#6514=CARTESIAN_POINT('',(0.0154310448317878,0.0210552105825671,-0.00497597605750389));
#6515=CARTESIAN_POINT('',(0.015516027987838,0.0210958194231049,-0.00513763239229251));
#6516=CARTESIAN_POINT('',(0.0156243590659329,0.0211608575168726,-0.00535376466739249));
#6517=CARTESIAN_POINT('',(0.0157251325418733,0.0212418187089945,-0.00557039860977102));
#6518=CARTESIAN_POINT('',(0.0158188250313501,0.0213371539421068,-0.00578677200769277));
#6519=CARTESIAN_POINT('',(0.015885863249849,0.0214153136645693,-0.00594873282713624));
#6520=CARTESIAN_POINT('',(0.0159500441425868,0.0214995192722108,-0.00611018922005732));
#6521=CARTESIAN_POINT('',(0.0160117563083402,0.0215890821610164,-0.00627096266315806));
#6522=CARTESIAN_POINT('',(0.0160614645929474,0.0216675703560289,-0.00640423001058499));
#6523=CARTESIAN_POINT('',(0.0161004095230012,0.0217323014171027,-0.00651033630939214));
#6524=CARTESIAN_POINT('',(0.0161292598025411,0.0217817290444335,-0.00658964215208759));
#6525=CARTESIAN_POINT('',(0.0161578037175457,0.0218319473522209,-0.00666865401903597));
#6526=CARTESIAN_POINT('',(0.0161860929537737,0.0218828700306773,-0.00674735200964398));
#6527=CARTESIAN_POINT('',(0.0162141774161064,0.021934414605822,-0.00682571714467891));
#6528=CARTESIAN_POINT('',(0.0162514151341775,0.0220038638497025,-0.00692973838987732));
#6529=CARTESIAN_POINT('',(0.0162976860411557,0.0220918413078691,-0.00705886562799444));
#6530=CARTESIAN_POINT('',(0.016371582320458,0.022234358944258,-0.0072636040431116));
#6531=CARTESIAN_POINT('',(0.0164644151464121,0.0224147474491182,-0.00751673670463814));
#6532=CARTESIAN_POINT('',(0.0166156429070116,0.0227029752747284,-0.00792547219418262));
#6533=CARTESIAN_POINT('',(0.0168116931182036,0.0230569198410304,-0.00846826993136784));
#6534=CARTESIAN_POINT('',(0.0171529775131164,0.0236148319630878,-0.00904370207804015));
#6535=CARTESIAN_POINT('',(0.0175948898976796,0.0243035584109171,-0.00991358271595417));
#6536=CARTESIAN_POINT('',(0.0179929035347487,0.0248302803498914,-0.0106546672108853));
#6537=CARTESIAN_POINT('',(0.0182176643815516,0.0250793803639505,-0.0110007180279486));
#6538=CARTESIAN_POINT('',(0.0134803182539085,0.021552721129868,-0.000789826812980642));
#6539=CARTESIAN_POINT('',(0.0136229685247708,0.0214726025376274,-0.000959411562925818));
#6540=CARTESIAN_POINT('',(0.0139028213400499,0.0213144802381295,-0.0012874587157628));
#6541=CARTESIAN_POINT('',(0.0143428823757143,0.0211015262176002,-0.00179460208825036));
#6542=CARTESIAN_POINT('',(0.0147886799426746,0.0209411266959395,-0.00234834559001086));
#6543=CARTESIAN_POINT('',(0.0150980807154715,0.020893396329983,-0.00279851489077608));
#6544=CARTESIAN_POINT('',(0.0152922733735824,0.0208999742843247,-0.00309677363363306));
#6545=CARTESIAN_POINT('',(0.0153858931280341,0.0209110322528146,-0.00324643638943023));
#6546=CARTESIAN_POINT('',(0.0154611515702528,0.0209265984270404,-0.00337166599481867));
#6547=CARTESIAN_POINT('',(0.0155199248548361,0.020942792831143,-0.00347208389772294));
#6548=CARTESIAN_POINT('',(0.0155633211496874,0.0209567954642054,-0.00354748277279399));
#6549=CARTESIAN_POINT('',(0.0156060501898609,0.0209726364310725,-0.00362293844649197));
#6550=CARTESIAN_POINT('',(0.0156621545085917,0.0209961782541517,-0.00372358681098691));
#6551=CARTESIAN_POINT('',(0.015730698955794,0.0210300769450112,-0.00384941669494844));
#6552=CARTESIAN_POINT('',(0.015810505931917,0.0210776911871478,-0.00400028410089893));
#6553=CARTESIAN_POINT('',(0.0159137631986471,0.0211501400801059,-0.00420104935069969));
#6554=CARTESIAN_POINT('',(0.0160124656119992,0.0212355417669129,-0.00440090451637569));
#6555=CARTESIAN_POINT('',(0.0161069854097047,0.0213326888483685,-0.00459929090340346));
#6556=CARTESIAN_POINT('',(0.0161758793418509,0.0214110517617381,-0.00474723389523056));
#6557=CARTESIAN_POINT('',(0.0162429019884521,0.0214945106551208,-0.0048942383800047));
#6558=CARTESIAN_POINT('',(0.0163082211667244,0.0215826359439673,-0.0050402366616466));
#6559=CARTESIAN_POINT('',(0.0163613954244855,0.0216595892048989,-0.00516102896005071));
#6560=CARTESIAN_POINT('',(0.0164032824880966,0.0217230296660624,-0.00525713369539512));
#6561=CARTESIAN_POINT('',(0.0164343977079165,0.0217714901643375,-0.00532894988534981));
#6562=CARTESIAN_POINT('',(0.0164652388168137,0.0218207718633382,-0.00540050862054904));
#6563=CARTESIAN_POINT('',(0.0164958311843383,0.0218708163158363,-0.00547181752873004));
#6564=CARTESIAN_POINT('',(0.0165261999578212,0.0219215654516722,-0.00554288671615131));
#6565=CARTESIAN_POINT('',(0.0165664259531146,0.0219900950973098,-0.00563734172465525));
#6566=CARTESIAN_POINT('',(0.0166162701882485,0.0220772400308348,-0.00575486959254036));
#6567=CARTESIAN_POINT('',(0.0166953227180361,0.0222192715068205,-0.00594183161220797));
#6568=CARTESIAN_POINT('',(0.0167932338435467,0.0224006327038373,-0.0061733624964175));
#6569=CARTESIAN_POINT('',(0.0169496811745881,0.0226961922452712,-0.00653357644853077));
#6570=CARTESIAN_POINT('',(0.0171467928536121,0.0230723846064057,-0.00693520037999387));
#6571=CARTESIAN_POINT('',(0.0174603824571148,0.0236768938539865,-0.00764250538307817));
#6572=CARTESIAN_POINT('',(0.0178344963205447,0.0244306524987996,-0.00825333241992189));
#6573=CARTESIAN_POINT('',(0.018158937010719,0.0250087117311174,-0.00867980011499854));
#6574=CARTESIAN_POINT('',(0.0183184731301975,0.0252982724827999,-0.00901546266296399));
#6575=CARTESIAN_POINT('',(0.0139153982250009,0.0213535341877795,0.000257024057815189));
#6576=CARTESIAN_POINT('',(0.014040698973881,0.0212773220754469,8.83968246966614E-5));
#6577=CARTESIAN_POINT('',(0.0143002093182291,0.0211231814654236,-0.000248589277729829));
#6578=CARTESIAN_POINT('',(0.0147123577076574,0.0209194749631325,-0.000766694362152724));
#6579=CARTESIAN_POINT('',(0.0151043144421616,0.0207901204013395,-0.00132421969404704));
#6580=CARTESIAN_POINT('',(0.0154000690957319,0.0207681895210598,-0.00175096509168854));
#6581=CARTESIAN_POINT('',(0.0155925773949191,0.0207841980934241,-0.00203521053564119));
#6582=CARTESIAN_POINT('',(0.0156881303121358,0.0207983929934425,-0.00217640495727823));
#6583=CARTESIAN_POINT('',(0.0157669228749411,0.0208154619243011,-0.00229301940384974));
#6584=CARTESIAN_POINT('',(0.015829285393134,0.0208322661765253,-0.00238560055610989));
#6585=CARTESIAN_POINT('',(0.0158756969469279,0.0208464366879964,-0.00245467023739095));
#6586=CARTESIAN_POINT('',(0.0159217353943006,0.02086216548807,-0.00252336252221503));
#6587=CARTESIAN_POINT('',(0.0159826092399498,0.0208852007205848,-0.00261443399589248));
#6588=CARTESIAN_POINT('',(0.0160577249141709,0.0209178329761481,-0.00272727196865928));
#6589=CARTESIAN_POINT('',(0.0161462836205306,0.0209629955149435,-0.00286098134895546));
#6590=CARTESIAN_POINT('',(0.0162622714654111,0.021030963835914,-0.0030368986394353));
#6591=CARTESIAN_POINT('',(0.0163751876893163,0.0211101169461085,-0.0032091518899171));
#6592=CARTESIAN_POINT('',(0.0164852688639813,0.0211994175968029,-0.00337755898589056));
#6593=CARTESIAN_POINT('',(0.0165665001677599,0.0212711826161059,-0.00350191043321624));
#6594=CARTESIAN_POINT('',(0.0166464950721359,0.0213474384411726,-0.00362428550476568));
#6595=CARTESIAN_POINT('',(0.0167253438294896,0.0214278719721737,-0.00374466641150529));
#6596=CARTESIAN_POINT('',(0.0167901737172249,0.0214981130410257,-0.00384331015324903));
#6597=CARTESIAN_POINT('',(0.0168415604119088,0.0215560717939234,-0.00392121416944272));
#6598=CARTESIAN_POINT('',(0.0168798745718738,0.0216003835935646,-0.00397913429247123));
#6599=CARTESIAN_POINT('',(0.0169179758668022,0.0216454982584976,-0.0040365430201587));
#6600=CARTESIAN_POINT('',(0.0169558776341167,0.0216913761896833,-0.00409343548991763));
#6601=CARTESIAN_POINT('',(0.0169935931653358,0.0217379783685652,-0.00414980519948934));
#6602=CARTESIAN_POINT('',(0.0170436500147313,0.0218010286207287,-0.00422425681209599));
#6603=CARTESIAN_POINT('',(0.0171058215312793,0.0218814597479615,-0.00431597080335281));
#6604=CARTESIAN_POINT('',(0.0172045839539897,0.0220132135590945,-0.00445974036689575));
#6605=CARTESIAN_POINT('',(0.0173269508441507,0.022183004744835,-0.00463376399205523));
#6606=CARTESIAN_POINT('',(0.0175211436426774,0.0224626097085592,-0.00490154043087461));
#6607=CARTESIAN_POINT('',(0.0177617970731738,0.0228222509644814,-0.00522988349452113));
#6608=CARTESIAN_POINT('',(0.0181343124322468,0.0234154090566521,-0.00563841478172962));
#6609=CARTESIAN_POINT('',(0.0185228485393329,0.0242068760414829,-0.00597066626217955));
#6610=CARTESIAN_POINT('',(0.0187485612203314,0.0248523024590668,-0.00636945985590756));
#6611=CARTESIAN_POINT('',(0.0188782859215105,0.0251552840269369,-0.00666030108502976));
#6612=CARTESIAN_POINT('',(0.0142176836967448,0.0211757975796386,0.00087920348287469));
#6613=CARTESIAN_POINT('',(0.0143410962120373,0.0210942842220378,0.000724922748800865));
#6614=CARTESIAN_POINT('',(0.0145898687677164,0.020937942208285,0.000391892244627276));
#6615=CARTESIAN_POINT('',(0.0149788787751451,0.0207410615423875,-0.000107245990905239));
#6616=CARTESIAN_POINT('',(0.0153842317747199,0.0206181297796295,-0.000636825461094718));
#6617=CARTESIAN_POINT('',(0.0156938007431137,0.0205880748639717,-0.00103022853314762));
#6618=CARTESIAN_POINT('',(0.0159019896048258,0.0205958803266899,-0.00128123210506688));
#6619=CARTESIAN_POINT('',(0.0160061195346965,0.020605398358664,-0.00140458716927706));
#6620=CARTESIAN_POINT('',(0.0160928706999624,0.0206179803448077,-0.00150545330783554));
#6621=CARTESIAN_POINT('',(0.0161622382091329,0.0206308137452597,-0.00158488499716477));
#6622=CARTESIAN_POINT('',(0.0162142349138325,0.0206418165792599,-0.00164380215547399));
#6623=CARTESIAN_POINT('',(0.016266186191978,0.0206541887445512,-0.00170203976658898));
#6624=CARTESIAN_POINT('',(0.0163353727857278,0.0206724963256401,-0.00177875689371508));
#6625=CARTESIAN_POINT('',(0.0164216651613295,0.0206987443951529,-0.00187286027099323));
#6626=CARTESIAN_POINT('',(0.0165247935426029,0.0207355027920812,-0.00198280235181113));
#6627=CARTESIAN_POINT('',(0.0166616018492345,0.0207913426472162,-0.00212529548000104));
#6628=CARTESIAN_POINT('',(0.0167972068009542,0.0208570975897915,-0.00226150715282151));
#6629=CARTESIAN_POINT('',(0.0169313941173708,0.0209319861227002,-0.00239128835300129));
#6630=CARTESIAN_POINT('',(0.0170312914540557,0.0209924967756666,-0.00248539641788346));
#6631=CARTESIAN_POINT('',(0.0171304270547476,0.0210571173678634,-0.0025762786686976));
#6632=CARTESIAN_POINT('',(0.0172287983742805,0.0211256068913301,-0.00266395293388781));
#6633=CARTESIAN_POINT('',(0.0173101434375293,0.0211857009328585,-0.00273436466653966));
#6634=CARTESIAN_POINT('',(0.0173748475630909,0.0212354635953329,-0.00278911973956428));
#6635=CARTESIAN_POINT('',(0.0174231918183691,0.0212735980732296,-0.00282940353759118));
#6636=CARTESIAN_POINT('',(0.0174713546251068,0.021312513816394,-0.0028689105418068));
#6637=CARTESIAN_POINT('',(0.0175193384684463,0.0213521798416992,-0.00290764760014277));
#6638=CARTESIAN_POINT('',(0.0175671461111199,0.0213925654379148,-0.00294562299603442));
#6639=CARTESIAN_POINT('',(0.0176306586784623,0.0214473321738889,-0.00299525465681335));
#6640=CARTESIAN_POINT('',(0.0177096241409797,0.0215174400098188,-0.00305544244389183));
#6641=CARTESIAN_POINT('',(0.0178350894001392,0.0216328136493614,-0.00314789941040799));
#6642=CARTESIAN_POINT('',(0.0179903169380242,0.0217824359271261,-0.00325642756234597));
#6643=CARTESIAN_POINT('',(0.0182355017304074,0.0220312397933779,-0.00341466633167056));
#6644=CARTESIAN_POINT('',(0.0185359266764125,0.02235680196508,-0.00357594120654396));
#6645=CARTESIAN_POINT('',(0.019009336934433,0.0228908894718485,-0.0038068670884546));
#6646=CARTESIAN_POINT('',(0.0195311736253431,0.0236150089771697,-0.00399303001725408));
#6647=CARTESIAN_POINT('',(0.0198033619300718,0.0242702922072813,-0.00415307882244041));
#6648=CARTESIAN_POINT('',(0.0199381970558305,0.0245943182796627,-0.00419484396001595));
#6649=CARTESIAN_POINT('',(0.0145490596643908,0.0209368725057238,0.00126241096679103));
#6650=CARTESIAN_POINT('',(0.0146765789589314,0.0208515891340766,0.00110917188219093));
#6651=CARTESIAN_POINT('',(0.0149224421702177,0.0206936513695229,0.000778967855591626));
#6652=CARTESIAN_POINT('',(0.0152915798505248,0.0204996634739062,0.000253649807501636));
#6653=CARTESIAN_POINT('',(0.0157103104820225,0.0203594642715246,-0.000244897997888902));
#6654=CARTESIAN_POINT('',(0.0160494088380777,0.0203038361111824,-0.000588256838138669));
#6655=CARTESIAN_POINT('',(0.0162819519240155,0.0202939574629367,-0.000803454999637387));
#6656=CARTESIAN_POINT('',(0.01639941353243,0.020294399162246,-0.000907752454933579));
#6657=CARTESIAN_POINT('',(0.0164981159745061,0.0202992154144693,-0.000991642677068862));
#6658=CARTESIAN_POINT('',(0.0165774667161636,0.020305696073455,-0.00105681197214306));
#6659=CARTESIAN_POINT('',(0.0166371537040422,0.0203118560852663,-0.0011046901988295));
#6660=CARTESIAN_POINT('',(0.0166969970608117,0.020319299871052,-0.00115154422493629));
#6661=CARTESIAN_POINT('',(0.0167769737671853,0.0203309139808995,-0.00121261973853387));
#6662=CARTESIAN_POINT('',(0.0168772503231971,0.0203485534737567,-0.00128629366857569));
#6663=CARTESIAN_POINT('',(0.0169979448389834,0.0203745558113656,-0.0013702966374605));
#6664=CARTESIAN_POINT('',(0.017159194296127,0.0204154347507478,-0.00147631549465783));
#6665=CARTESIAN_POINT('',(0.0173207010929037,0.0204652513063145,-0.00157328425328969));
#6666=CARTESIAN_POINT('',(0.0174820599382867,0.0205232127260718,-0.00166129576498481));
#6667=CARTESIAN_POINT('',(0.0176029181726479,0.0205705523066628,-0.00172290148959126));
#6668=CARTESIAN_POINT('',(0.0177235346403352,0.0206215535710879,-0.00178020430173465));
#6669=CARTESIAN_POINT('',(0.0178438347197184,0.0206760072626244,-0.00183331710304626));
#6670=CARTESIAN_POINT('',(0.0179437665411819,0.0207240878242313,-0.00187419394677207));
#6671=CARTESIAN_POINT('',(0.018023492239046,0.0207640697325035,-0.00190494132195996));
#6672=CARTESIAN_POINT('',(0.0180831700206563,0.0207947892726885,-0.00192704504946922));
#6673=CARTESIAN_POINT('',(0.0181427249150879,0.0208262165635114,-0.00194821177604618));
#6674=CARTESIAN_POINT('',(0.0182021508389755,0.0208583264121329,-0.00196846064859275));
#6675=CARTESIAN_POINT('',(0.018261441734202,0.020891093730049,-0.00198780948014591));
#6676=CARTESIAN_POINT('',(0.0183403079326828,0.0209356265953348,-0.00201242880225663));
#6677=CARTESIAN_POINT('',(0.0184385223528846,0.0209928116983182,-0.00204102876480749));
#6678=CARTESIAN_POINT('',(0.0185948254630731,0.0210873065063522,-0.00208232610317597));
#6679=CARTESIAN_POINT('',(0.0187885382853686,0.0212106281459488,-0.00212594506352207));
#6680=CARTESIAN_POINT('',(0.0190944595776132,0.021417289018182,-0.00218074388141689));
#6681=CARTESIAN_POINT('',(0.0194690106358086,0.0216897219356868,-0.00222860359141103));
#6682=CARTESIAN_POINT('',(0.0200399289587371,0.0221547772279414,-0.00224698867908656));
#6683=CARTESIAN_POINT('',(0.0208036788300029,0.0226979437318394,-0.00236850115457767));
#6684=CARTESIAN_POINT('',(0.0212313566476007,0.0232738626577293,-0.00226282892018462));
#6685=CARTESIAN_POINT('',(0.0213690948279236,0.0236038029044299,-0.00213960860099325));
#6686=CARTESIAN_POINT('',(0.015045838315742,0.0205521693645893,0.00165397853768039));
#6687=CARTESIAN_POINT('',(0.015161351512351,0.020462789895899,0.00148448248093188));
#6688=CARTESIAN_POINT('',(0.0154004324121234,0.0203035992895102,0.00112916134224925));
#6689=CARTESIAN_POINT('',(0.0157677688445359,0.020107383034179,0.000560486352384871));
#6690=CARTESIAN_POINT('',(0.0161821249260187,0.0199347204049558,4.35512774763645E-5));
#6691=CARTESIAN_POINT('',(0.0165395020515816,0.0198697715049411,-0.000313007955293967));
#6692=CARTESIAN_POINT('',(0.0167911075788289,0.0198492835152762,-0.000518753439593847));
#6693=CARTESIAN_POINT('',(0.0169193684595048,0.0198436424675196,-0.000615044107337625));
#6694=CARTESIAN_POINT('',(0.0170281384205326,0.0198427133604297,-0.000689596417942203));
#6695=CARTESIAN_POINT('',(0.0171161861512862,0.0198441788236028,-0.000745751052225312));
#6696=CARTESIAN_POINT('',(0.0171827112081623,0.0198463677826942,-0.000786115808702709));
#6697=CARTESIAN_POINT('',(0.0172496982052702,0.019849631243963,-0.000824728791863927));
#6698=CARTESIAN_POINT('',(0.0173395945916077,0.0198553936653936,-0.000873884499297486));
#6699=CARTESIAN_POINT('',(0.0174529884238479,0.0198652002865706,-0.00093099095630987));
#6700=CARTESIAN_POINT('',(0.0175904960539994,0.0198809920227164,-0.000992717135790314));
#6701=CARTESIAN_POINT('',(0.017775496027675,0.0199072121235017,-0.00106620562003658));
#6702=CARTESIAN_POINT('',(0.017962615127631,0.0199408574291076,-0.00112693585720665));
#6703=CARTESIAN_POINT('',(0.0181511748424327,0.0199812331311217,-0.00117600481016483));
#6704=CARTESIAN_POINT('',(0.0182931603408149,0.0200146970380419,-0.00120727352013196));
#6705=CARTESIAN_POINT('',(0.0184355709205689,0.0200511569947047,-0.00123332187293047));
#6706=CARTESIAN_POINT('',(0.0185782768555841,0.0200904259525204,-0.00125448559555224));
#6707=CARTESIAN_POINT('',(0.0186973426314041,0.0201253344955153,-0.00126833384876136));
#6708=CARTESIAN_POINT('',(0.0187926256644704,0.0201544787116838,-0.0012772983269919));
#6709=CARTESIAN_POINT('',(0.0188640903051238,0.020176922189667,-0.00128300332140623));
#6710=CARTESIAN_POINT('',(0.0189355455628619,0.0201999277064215,-0.00128772994582786));
#6711=CARTESIAN_POINT('',(0.0190069806011929,0.0202234723060488,-0.0012915196338343));
#6712=CARTESIAN_POINT('',(0.0190783858765531,0.0202475336554455,-0.00129441628151222));
#6713=CARTESIAN_POINT('',(0.019173542711644,0.0202802758064799,-0.00129715122771713));
#6714=CARTESIAN_POINT('',(0.0192923771492761,0.0203223880805602,-0.0012985792070835));
#6715=CARTESIAN_POINT('',(0.0194821979158477,0.0203920421024577,-0.00129709717191935));
#6716=CARTESIAN_POINT('',(0.0197187622045905,0.0204828993886321,-0.00128899977939513));
#6717=CARTESIAN_POINT('',(0.0200955421571467,0.0206344518731008,-0.00126582880251678));
#6718=CARTESIAN_POINT('',(0.0205625374681207,0.0208329627244689,-0.00122266853245177));
#6719=CARTESIAN_POINT('',(0.0213177924134829,0.0211443682643089,-0.00118210277469451));
#6720=CARTESIAN_POINT('',(0.0222178953824823,0.0215581765559262,-0.00106867150182562));
#6721=CARTESIAN_POINT('',(0.022872212085297,0.0219150876978271,-0.000931040428324662));
#6722=CARTESIAN_POINT('',(0.0231284044680946,0.0221393428801296,-0.000761815278854914));
#6723=CARTESIAN_POINT('',(0.0155511801278989,0.0200515178323448,0.00220124638027674));
#6724=CARTESIAN_POINT('',(0.0156779600174763,0.019969162899785,0.00197556396117159));
#6725=CARTESIAN_POINT('',(0.0159302373545772,0.0198075236217093,0.00152426179796486));
#6726=CARTESIAN_POINT('',(0.0163204399369281,0.0196015931781001,0.000866927727724704));
#6727=CARTESIAN_POINT('',(0.0167651791624579,0.0194314805507855,0.00020506981771345));
#6728=CARTESIAN_POINT('',(0.0171396907674314,0.0193447845616497,-0.000180701245984598));
#6729=CARTESIAN_POINT('',(0.0174090366771207,0.0193088533217823,-0.000386056427985567));
#6730=CARTESIAN_POINT('',(0.017547425718097,0.0192950167655847,-0.000478197311740162));
#6731=CARTESIAN_POINT('',(0.0176656805936886,0.0192868290478111,-0.000546351643787044));
#6732=CARTESIAN_POINT('',(0.0177619346260674,0.0192822272715223,-0.000595835369598339));
#6733=CARTESIAN_POINT('',(0.0178349213296478,0.019279733022789,-0.000630466083514424));
#6734=CARTESIAN_POINT('',(0.0179086741055537,0.0192781768941079,-0.000662654044404895));
#6735=CARTESIAN_POINT('',(0.018007990268909,0.019277325356584,-0.000702369333679088));
#6736=CARTESIAN_POINT('',(0.0181338888683204,0.0192784995141507,-0.000746118623828742));
#6737=CARTESIAN_POINT('',(0.0182875007339813,0.0192833005989392,-0.00078956781985903));
#6738=CARTESIAN_POINT('',(0.018495327083031,0.0192939586085695,-0.00083600923895101));
#6739=CARTESIAN_POINT('',(0.018707125837897,0.0193105991365464,-0.000866180285676831));
#6740=CARTESIAN_POINT('',(0.0189218893505047,0.0193324433684097,-0.0008822579161237));
#6741=CARTESIAN_POINT('',(0.019084215090269,0.0193512426709358,-0.00088787125203117));
#6742=CARTESIAN_POINT('',(0.019247577637677,0.0193722779056479,-0.000887653888012365));
#6743=CARTESIAN_POINT('',(0.0194117827861752,0.0193953733888659,-0.000882198942128678));
#6744=CARTESIAN_POINT('',(0.0195491846299978,0.0194161944028008,-0.000873784211537797));
#6745=CARTESIAN_POINT('',(0.0196593732505699,0.0194337119239404,-0.00086504553728465));
#6746=CARTESIAN_POINT('',(0.0197421320827629,0.0194472599400404,-0.000857566916315832));
#6747=CARTESIAN_POINT('',(0.0198249925449606,0.0194611974827718,-0.000849238379400059));
#6748=CARTESIAN_POINT('',(0.0199079396602008,0.0194755039574163,-0.000840129876047873));
#6749=CARTESIAN_POINT('',(0.0199909585418962,0.0194901579266997,-0.000830304456944887));
#6750=CARTESIAN_POINT('',(0.0201017253872282,0.0195101297683796,-0.000816319652156033));
#6751=CARTESIAN_POINT('',(0.0202402880776327,0.0195358513715006,-0.000797301901425654));
#6752=CARTESIAN_POINT('',(0.0204620989562296,0.0195784364947132,-0.000764160655607176));
#6753=CARTESIAN_POINT('',(0.0207394240157424,0.0196340138525867,-0.000718774960463891));
#6754=CARTESIAN_POINT('',(0.0211827181715616,0.0197264306264533,-0.000642305418113042));
#6755=CARTESIAN_POINT('',(0.0217369384590967,0.0198440665589622,-0.000544941614289991));
#6756=CARTESIAN_POINT('',(0.0226076266241604,0.0200395767535343,-0.000373947387895569));
#6757=CARTESIAN_POINT('',(0.0236943710968033,0.0202514369960859,-0.000280624769692146));
#6758=CARTESIAN_POINT('',(0.0245193722634287,0.0204114442691859,-0.000157417433598741));
#6759=CARTESIAN_POINT('',(0.024925288859776,0.0204893885068476,-9.74338281637967E-5));
#6760=CARTESIAN_POINT('',(0.015984897485754,0.0194544922978747,0.00288185243377839));
#6761=CARTESIAN_POINT('',(0.0161271800099126,0.0193771657005185,0.00261294749651728));
#6762=CARTESIAN_POINT('',(0.0164166709401209,0.0192286681266441,0.00207293864129127));
#6763=CARTESIAN_POINT('',(0.0168661617124098,0.0190049103281551,0.00125516656782605));
#6764=CARTESIAN_POINT('',(0.0173620358948862,0.0188347666764832,0.00044191902856573));
#6765=CARTESIAN_POINT('',(0.017773842610747,0.0187372650976785,-2.5043986453538E-5));
#6766=CARTESIAN_POINT('',(0.0180706607927612,0.0186892820229713,-0.000261377825670419));
#6767=CARTESIAN_POINT('',(0.0182235714525285,0.0186688741111633,-0.000364796439989412));
#6768=CARTESIAN_POINT('',(0.0183545666811997,0.0186546998164262,-0.000438684043934111));
#6769=CARTESIAN_POINT('',(0.0184613469053283,0.0186449129135014,-0.000490496238230399));
#6770=CARTESIAN_POINT('',(0.0185423815255312,0.018638311492295,-0.000525750968808901));
#6771=CARTESIAN_POINT('',(0.0186243226033668,0.0186324128490001,-0.000557462418951814));
#6772=CARTESIAN_POINT('',(0.0187347293228231,0.0186254400285641,-0.000595121707045996));
#6773=CARTESIAN_POINT('',(0.0188747933459996,0.0186183184442832,-0.000633752684555388));
#6774=CARTESIAN_POINT('',(0.0190458360343774,0.0186121043420523,-0.000667450940309927));
#6775=CARTESIAN_POINT('',(0.0192774370031896,0.0186066832526052,-0.000696810125569733));
#6776=CARTESIAN_POINT('',(0.0195137678205545,0.0186052449384573,-0.000704929743123971));
#6777=CARTESIAN_POINT('',(0.0197537162526457,0.0186072564516253,-0.000696258160148933));
#6778=CARTESIAN_POINT('',(0.0199352299581354,0.0186103698397742,-0.000682441798572478));
#6779=CARTESIAN_POINT('',(0.0201180608480882,0.0186149709951117,-0.000662373345597858));
#6780=CARTESIAN_POINT('',(0.0203019787050993,0.018620943896234,-0.000637122195644686));
#6781=CARTESIAN_POINT('',(0.020455953402968,0.0186269649486515,-0.000612598205015458));
#6782=CARTESIAN_POINT('',(0.0205794461891467,0.0186323482983211,-0.000591318029302498));
#6783=CARTESIAN_POINT('',(0.020672196164487,0.0186366533535437,-0.000574624844362322));
#6784=CARTESIAN_POINT('',(0.0207650530850522,0.0186412101236495,-0.000557297354436203));
#6785=CARTESIAN_POINT('',(0.0208579957214098,0.0186460033386616,-0.000539436477277197));
#6786=CARTESIAN_POINT('',(0.0209510062930469,0.0186510194051604,-0.000521148877602074));
#6787=CARTESIAN_POINT('',(0.0210750936239614,0.0186579893597251,-0.000496351495365767));
#6788=CARTESIAN_POINT('',(0.0212303118593966,0.018667199600813,-0.000464872056576477));
#6789=CARTESIAN_POINT('',(0.0214787428363553,0.018682767204395,-0.000414475556649337));
#6790=CARTESIAN_POINT('',(0.0217891584012849,0.0187033521556416,-0.000352738452893164));
#6791=CARTESIAN_POINT('',(0.0222849705566304,0.0187371505749317,-0.000259976159442144));
#6792=CARTESIAN_POINT('',(0.0229000535408601,0.0187816500541056,-0.000162218417735743));
#6793=CARTESIAN_POINT('',(0.0238851948159573,0.0188382862214625,-6.63483355054094E-5));
#6794=CARTESIAN_POINT('',(0.0250592105688794,0.018914392433316,3.16710318291865E-5));
#6795=CARTESIAN_POINT('',(0.0259633629857974,0.0189764708537383,6.71640245297647E-5));
#6796=CARTESIAN_POINT('',(0.0264206515792577,0.0190021373811117,6.41482107572892E-5));
#6797=CARTESIAN_POINT('',(0.0163748323886391,0.018727459029996,0.00351839678295326));
#6798=CARTESIAN_POINT('',(0.0165395972450051,0.0186562579230781,0.00320708181002108));
#6799=CARTESIAN_POINT('',(0.0168731998253887,0.0185155038612094,0.00258148532537432));
#6800=CARTESIAN_POINT('',(0.0173966579405071,0.0183270672168526,0.00162531032955678));
#6801=CARTESIAN_POINT('',(0.0179523302479718,0.0181579511578225,0.000696649263012657));
#6802=CARTESIAN_POINT('',(0.0184135489231204,0.0180643372338773,0.000130788116708761));
#6803=CARTESIAN_POINT('',(0.0187450043335106,0.0180133288726658,-0.000145828471815324));
#6804=CARTESIAN_POINT('',(0.0189149340632034,0.0179892400411002,-0.000262717565501719));
#6805=CARTESIAN_POINT('',(0.0190598039790754,0.0179700950222159,-0.000342547624778435));
#6806=CARTESIAN_POINT('',(0.0191775587704538,0.0179553085123367,-0.000396390462552743));
#6807=CARTESIAN_POINT('',(0.0192667807015012,0.0179444857841056,-0.000431926958211324));
#6808=CARTESIAN_POINT('',(0.0193568837834182,0.0179339351273029,-0.000462796288655247));
#6809=CARTESIAN_POINT('',(0.0194781608251442,0.0179202381278579,-0.00049798368986819));
#6810=CARTESIAN_POINT('',(0.0196318229775359,0.0179038260080446,-0.000531260478514645));
#6811=CARTESIAN_POINT('',(0.0198192743907941,0.0178853012392311,-0.000555688767831833));
#6812=CARTESIAN_POINT('',(0.0200729211490707,0.0178621800950728,-0.000569826891232736));
#6813=CARTESIAN_POINT('',(0.020331553309067,0.0178414098177352,-0.00055973106835314));
#6814=CARTESIAN_POINT('',(0.0205939993424463,0.0178228428877074,-0.000532157099850425));
#6815=CARTESIAN_POINT('',(0.0207924441159585,0.0178099569285796,-0.000504416916520272));
#6816=CARTESIAN_POINT('',(0.0209921950022604,0.0177980346448803,-0.000471214240714401));
#6817=CARTESIAN_POINT('',(0.0211929778692856,0.0177869899704825,-0.000433956921609391));
#6818=CARTESIAN_POINT('',(0.0213609721586074,0.0177784436185403,-0.000400633726120096));
#6819=CARTESIAN_POINT('',(0.0214956742644241,0.0177719526917785,-0.000373296706573707));
#6820=CARTESIAN_POINT('',(0.0215968294567923,0.0177672463626019,-0.000352619999977676));
#6821=CARTESIAN_POINT('',(0.0216980859408484,0.0177626905779499,-0.000331914545944941));
#6822=CARTESIAN_POINT('',(0.0217994147444878,0.017758272711308,-0.00031130323362326));
#6823=CARTESIAN_POINT('',(0.0219007830754452,0.0177539768287409,-0.000290879882476309));
#6824=CARTESIAN_POINT('',(0.0220359416791682,0.0177483851121493,-0.000263976653880861));
#6825=CARTESIAN_POINT('',(0.0222047944105877,0.0177416057638043,-0.000231061024127755));
#6826=CARTESIAN_POINT('',(0.0224744616033638,0.0177312105010068,-0.000180579415072926));
#6827=CARTESIAN_POINT('',(0.0228102310636367,0.017719057358029,-0.000123309035993145));
#6828=CARTESIAN_POINT('',(0.0233431453701973,0.0177007183095391,-5.18246915635224E-5));
#6829=CARTESIAN_POINT('',(0.0240044026074743,0.0176727151217139,-3.05137109201086E-6));
#6830=CARTESIAN_POINT('',(0.0250439246562802,0.0176267822793376,3.66502137358233E-5));
#6831=CARTESIAN_POINT('',(0.0262728721750514,0.0176078301756496,2.10590630365967E-5));
#6832=CARTESIAN_POINT('',(0.0272576033247398,0.0175968764604264,-8.23159229007874E-5));
#6833=CARTESIAN_POINT('',(0.0277757840708475,0.0175789718734939,-0.000168932862509388));
#6834=CARTESIAN_POINT('',(0.0167644727209796,0.017944718268126,0.00394259579902905));
#6835=CARTESIAN_POINT('',(0.0169501881409868,0.0178813121210813,0.00360329853076928));
#6836=CARTESIAN_POINT('',(0.0173270148316729,0.0177586953734024,0.00292318108841395));
#6837=CARTESIAN_POINT('',(0.0179111694881383,0.0175849837221086,0.00190619102615415));
#6838=CARTESIAN_POINT('',(0.0185196814114397,0.0174214519164009,0.000925349321153764));
#6839=CARTESIAN_POINT('',(0.0190260204140993,0.0173271223235378,0.000302025817071887));
#6840=CARTESIAN_POINT('',(0.0193856193152379,0.0172661450762188,1.14420218504116E-5));
#6841=CARTESIAN_POINT('',(0.0195699777967295,0.0172362166590533,-0.000110211067136231));
#6842=CARTESIAN_POINT('',(0.0197272722997704,0.0172117351573109,-0.000192409610916197));
#6843=CARTESIAN_POINT('',(0.0198551655140564,0.0171923936020699,-0.000247038170382639));
#6844=CARTESIAN_POINT('',(0.0199520750929621,0.0171780019391741,-0.000282577564802945));
#6845=CARTESIAN_POINT('',(0.0200499335648149,0.0171637187341445,-0.000312846610872528));
#6846=CARTESIAN_POINT('',(0.0201816206359595,0.0171448128634407,-0.000346429888747771));
#6847=CARTESIAN_POINT('',(0.0203483883673544,0.0171214316507059,-0.000376238675195243));
#6848=CARTESIAN_POINT('',(0.0205516038203226,0.0170937625107748,-0.00039449290003451));
#6849=CARTESIAN_POINT('',(0.0208261823862347,0.0170573870750205,-0.000398413192858593));
#6850=CARTESIAN_POINT('',(0.0211054269268863,0.0170218011020223,-0.000376378979037549));
#6851=CARTESIAN_POINT('',(0.0213877095409072,0.0169870197041625,-0.000337947983997125));
#6852=CARTESIAN_POINT('',(0.0216005586888014,0.0169613339624866,-0.000303115861410513));
#6853=CARTESIAN_POINT('',(0.0218142144616018,0.0169360389632438,-0.000264355214166224));
#6854=CARTESIAN_POINT('',(0.0220283364073914,0.0169111138783824,-0.0002237715950983));
#6855=CARTESIAN_POINT('',(0.0222068418866419,0.0168906132768918,-0.000189970775205654));
#6856=CARTESIAN_POINT('',(0.0223495121966884,0.016874347740262,-0.000163574253503212));
#6857=CARTESIAN_POINT('',(0.0224564121806613,0.0168622056114533,-0.000144222582588434));
#6858=CARTESIAN_POINT('',(0.0225631845037522,0.016850109367398,-0.000125448159468717));
#6859=CARTESIAN_POINT('',(0.0226698127892207,0.0168380498223525,-0.000107393824235425));
#6860=CARTESIAN_POINT('',(0.022776292577084,0.0168260238954491,-9.0224922247369E-5));
#6861=CARTESIAN_POINT('',(0.0229180827267236,0.0168100401070179,-6.87794123110657E-5));
#6862=CARTESIAN_POINT('',(0.0230950124409483,0.0167901578575053,-4.5178948346413E-5));
#6863=CARTESIAN_POINT('',(0.0233773618886111,0.0167582076606169,-1.52571329970191E-5));
#6864=CARTESIAN_POINT('',(0.0237283954121412,0.0167176072764759,7.86602542950966E-6));
#6865=CARTESIAN_POINT('',(0.024284399015316,0.0166514759497112,2.30720870749721E-5));
#6866=CARTESIAN_POINT('',(0.0249615754796009,0.0165765661178037,1.89700267739807E-5));
#6867=CARTESIAN_POINT('',(0.0260128936185653,0.0164784749461974,-2.84588155721821E-5));
#6868=CARTESIAN_POINT('',(0.0272820111443699,0.0164012348707787,-0.00016436162145044));
#6869=CARTESIAN_POINT('',(0.028426104091849,0.0162723680597348,-0.000322581609407823));
#6870=CARTESIAN_POINT('',(0.028974197413894,0.0162239610998414,-0.000403510583819643));
#6871=CARTESIAN_POINT('',(0.0170925996985125,0.0172825165782263,0.00411927792014141));
#6872=CARTESIAN_POINT('',(0.0172921493987085,0.0172230013250354,0.00376928633015013));
#6873=CARTESIAN_POINT('',(0.0176955949442867,0.0171057009860673,0.0030708186398396));
#6874=CARTESIAN_POINT('',(0.0183171759706586,0.0169360480293901,0.00203336792013511));
#6875=CARTESIAN_POINT('',(0.0189768526204999,0.0167900416790893,0.00103879910519476));
#6876=CARTESIAN_POINT('',(0.0195079742987443,0.0166882266971252,0.000413568479040341));
#6877=CARTESIAN_POINT('',(0.01988585588217,0.0166205360111065,0.000114793863532834));
#6878=CARTESIAN_POINT('',(0.0200794475262041,0.0165867823677732,-8.29171497921614E-6));
#6879=CARTESIAN_POINT('',(0.0202445960906407,0.0165587351327419,-8.87051620103345E-5));
#6880=CARTESIAN_POINT('',(0.0203789191047705,0.0165363374870039,-0.000140302589342521));
#6881=CARTESIAN_POINT('',(0.020480726880553,0.0165195546487571,-0.000172859658524182));
#6882=CARTESIAN_POINT('',(0.020583555068085,0.0165027815480746,-0.000199544625519291));
#6883=CARTESIAN_POINT('',(0.0207219500633103,0.016480422314939,-0.000227701960668511));
#6884=CARTESIAN_POINT('',(0.0208972184717602,0.016452467548044,-0.000249818552140684));
#6885=CARTESIAN_POINT('',(0.0211106650884724,0.016418871302229,-0.000258376728004987));
#6886=CARTESIAN_POINT('',(0.0213986911489519,0.0163739711266737,-0.000250027787491858));
#6887=CARTESIAN_POINT('',(0.0216907400897433,0.0163288817853522,-0.000218534967077603));
#6888=CARTESIAN_POINT('',(0.0219848021929321,0.0162836555337603,-0.000176266367439366));
#6889=CARTESIAN_POINT('',(0.0222058771095502,0.0162496949407257,-0.000142116209534465));
#6890=CARTESIAN_POINT('',(0.0224269842067299,0.0162157244069982,-0.000108067454509718));
#6891=CARTESIAN_POINT('',(0.0226477386453659,0.0161817749003219,-7.59155009400873E-5));
#6892=CARTESIAN_POINT('',(0.0228312361841424,0.0161535391252875,-5.19405096224444E-5));
#6893=CARTESIAN_POINT('',(0.0229776819953982,0.0161309954237842,-3.52966067832098E-5));
#6894=CARTESIAN_POINT('',(0.0230873182139658,0.0161141157926079,-2.42719834399898E-5));
#6895=CARTESIAN_POINT('',(0.0231967234581205,0.0160972689285182,-1.48248859460189E-5));
#6896=CARTESIAN_POINT('',(0.0233058609479526,0.0160804543292292,-7.00011257496244E-6));
#6897=CARTESIAN_POINT('',(0.0234146884516841,0.0160636604959843,-7.57610900748492E-7));
#6898=CARTESIAN_POINT('',(0.0235593060303366,0.0160412646866074,5.64498275266567E-6));
#6899=CARTESIAN_POINT('',(0.0237390550268056,0.0160132180650055,1.05129674522497E-5));
#6900=CARTESIAN_POINT('',(0.0240246635945393,0.0159685965252347,1.25213251978783E-5));
#6901=CARTESIAN_POINT('',(0.0243793165077761,0.0159130562788292,5.71867114291429E-6));
#6902=CARTESIAN_POINT('',(0.0249381980270051,0.015828955678434,-1.52458350416297E-5));
#6903=CARTESIAN_POINT('',(0.0256247252883724,0.0157348746752186,-6.3087772249159E-5));
#6904=CARTESIAN_POINT('',(0.0267324540225364,0.0155895595695135,-0.000166438865913946));
#6905=CARTESIAN_POINT('',(0.0280954927523336,0.0154352794481454,-0.000314511023179135));
#6906=CARTESIAN_POINT('',(0.0292224919634716,0.0153010765306064,-0.000476477187536495));
#6907=CARTESIAN_POINT('',(0.0297937360354816,0.0152307612168494,-0.00056347969368699));
#6908=CARTESIAN_POINT('',(0.017364935275611,0.0167653175024684,0.00417369335005476));
#6909=CARTESIAN_POINT('',(0.0175743293141702,0.0167090701694851,0.00382024960580635));
#6910=CARTESIAN_POINT('',(0.017997277645587,0.0165981266664365,0.00311658450665605));
#6911=CARTESIAN_POINT('',(0.0186502155342915,0.0164405111310762,0.00207569752978978));
#6912=CARTESIAN_POINT('',(0.0193302224899262,0.0162902813647812,0.00108868727652681));
#6913=CARTESIAN_POINT('',(0.0198785947691404,0.0161847716674899,0.000462579904886302));
#6914=CARTESIAN_POINT('',(0.0202663455888769,0.0161127519310645,0.000171131012115006));
#6915=CARTESIAN_POINT('',(0.0204653280642658,0.0160765141705986,5.28987973311347E-5));
#6916=CARTESIAN_POINT('',(0.0206354206282578,0.0160461609781978,-2.22952785869832E-5));
#6917=CARTESIAN_POINT('',(0.0207738884564635,0.0160217746261771,-6.9003435323952E-5));
#6918=CARTESIAN_POINT('',(0.0208788744751683,0.0160034297984038,-9.75842819170769E-5));
#6919=CARTESIAN_POINT('',(0.020984924939821,0.0159850270284052,-0.000120061241751795));
#6920=CARTESIAN_POINT('',(0.0211276409621771,0.0159604092763396,-0.000142432704085402));
#6921=CARTESIAN_POINT('',(0.0213082934530985,0.0159294796699357,-0.000157281340843206));
#6922=CARTESIAN_POINT('',(0.0215279750553454,0.0158920946815988,-0.00015810470848957));
#6923=CARTESIAN_POINT('',(0.0218237696007766,0.0158418711200679,-0.000142171511265483));
#6924=CARTESIAN_POINT('',(0.0221224766472206,0.0157910806618181,-0.000108973455579545));
#6925=CARTESIAN_POINT('',(0.0224214811588269,0.0157397562844553,-7.32270355094937E-5));
#6926=CARTESIAN_POINT('',(0.0226454575032835,0.0157010422275752,-4.7701129070734E-5));
#6927=CARTESIAN_POINT('',(0.0228689694714362,0.0156621827425069,-2.55204284173422E-5));
#6928=CARTESIAN_POINT('',(0.0230918089018079,0.0156232725695384,-8.77705768579642E-6));
#6929=CARTESIAN_POINT('',(0.0232766476870331,0.0155908534956834,-3.28288714721795E-7));
#6930=CARTESIAN_POINT('',(0.0234238785884249,0.0155649491328962,3.43575659597856E-6));
#6931=CARTESIAN_POINT('',(0.0235339740470124,0.0155455304641189,4.92322429851986E-6));
#6932=CARTESIAN_POINT('',(0.0236437626295091,0.01552611051472,5.19227972566299E-6));
#6933=CARTESIAN_POINT('',(0.0237532683260749,0.0155066778424628,4.33475360653865E-6));
#6934=CARTESIAN_POINT('',(0.0238625020143187,0.0154872250467936,2.46333457570987E-6));
#6935=CARTESIAN_POINT('',(0.0240078338636753,0.015461264033202,-1.26371635036839E-6));
#6936=CARTESIAN_POINT('',(0.0241891069136419,0.0154288011353748,-8.14264261332848E-6));
#6937=CARTESIAN_POINT('',(0.0244787961429087,0.015377039018985,-2.27711243894809E-5));
#6938=CARTESIAN_POINT('',(0.0248396481138287,0.0153133770939979,-4.4067589145652E-5));
#6939=CARTESIAN_POINT('',(0.0254150641348221,0.0152133534204024,-8.6050556489609E-5));
#6940=CARTESIAN_POINT('',(0.0261264662610819,0.0150963091540495,-0.000146419243542065));
#6941=CARTESIAN_POINT('',(0.027259153549993,0.0149233033178839,-0.000260065496513081));
#6942=CARTESIAN_POINT('',(0.0286692824760141,0.014727587264597,-0.000423615302415255));
#6943=CARTESIAN_POINT('',(0.0298128281623093,0.0145719380491728,-0.000582411582057463));
#6944=CARTESIAN_POINT('',(0.0303880089376062,0.0144935664711417,-0.00066677334594801));
#6945=CARTESIAN_POINT('',(0.0175741686261259,0.0163841969645234,0.00417634573319274));
#6946=CARTESIAN_POINT('',(0.0177903156636029,0.0163303613911112,0.00382244309482859));
#6947=CARTESIAN_POINT('',(0.0182271313647491,0.0162244864385072,0.00311890842040204));
#6948=CARTESIAN_POINT('',(0.0188985651340294,0.0160707816404927,0.0020847973474572));
#6949=CARTESIAN_POINT('',(0.019597534719614,0.0159238616429359,0.0011027347039335));
#6950=CARTESIAN_POINT('',(0.0201501082411812,0.0158106091171635,0.000484415552708909));
#6951=CARTESIAN_POINT('',(0.0205439891551755,0.0157355131205833,0.000199025221054678));
#6952=CARTESIAN_POINT('',(0.0207462508748905,0.0156977526240925,8.54754543297442E-5));
#6953=CARTESIAN_POINT('',(0.0209191862804838,0.0156659728004674,1.58131791944634E-5));
#6954=CARTESIAN_POINT('',(0.0210600186405042,0.015640363912742,-2.58518519173295E-5));
#6955=CARTESIAN_POINT('',(0.0211668205805213,0.0156210667590967,-5.04663139774312E-5));
#6956=CARTESIAN_POINT('',(0.0212747191177019,0.0156016796386066,-6.89292419824334E-5));
#6957=CARTESIAN_POINT('',(0.0214199197092361,0.0155757086615678,-8.60775232003814E-5));
#6958=CARTESIAN_POINT('',(0.0216036629284259,0.0155430111981117,-9.50030303480307E-5));
#6959=CARTESIAN_POINT('',(0.0218268340945756,0.0155033755919248,-9.07763491743686E-5));
#6960=CARTESIAN_POINT('',(0.0221267386565021,0.0154499714585018,-7.19482697550304E-5));
#6961=CARTESIAN_POINT('',(0.0224284273855112,0.0153957070957095,-4.27409681308301E-5));
#6962=CARTESIAN_POINT('',(0.0227296080918422,0.0153407292917218,-1.74452130219603E-5));
#6963=CARTESIAN_POINT('',(0.0229547067990208,0.0152991621118779,-3.46959636333402E-6));
#6964=CARTESIAN_POINT('',(0.0231785122028803,0.0152572995807637,3.89905467640091E-6));
#6965=CARTESIAN_POINT('',(0.0234011518037689,0.0152152207058013,5.52712372950794E-6));
#6966=CARTESIAN_POINT('',(0.0235862227606369,0.0151801344948115,2.9284942730046E-6));
#6967=CARTESIAN_POINT('',(0.0237340544964677,0.0151520588278501,-1.11389983144727E-6));
#6968=CARTESIAN_POINT('',(0.0238448773244282,0.0151309991576843,-5.08071444599561E-6));
#6969=CARTESIAN_POINT('',(0.0239556619139665,0.0151099310945301,-9.88915604466798E-6));
#6970=CARTESIAN_POINT('',(0.0240663846808652,0.0150888440876179,-1.53765321558989E-5));
#6971=CARTESIAN_POINT('',(0.0241770312280169,0.0150677324466442,-2.14009191951068E-5));
#6972=CARTESIAN_POINT('',(0.0243244462165056,0.0150395570966472,-3.00171137734271E-5));
#6973=CARTESIAN_POINT('',(0.024508449389756,0.0150043142544365,-4.16471707017784E-5));
#6974=CARTESIAN_POINT('',(0.0248022674579125,0.0149480245891561,-6.17147929674895E-5));
#6975=CARTESIAN_POINT('',(0.0251690295037268,0.0148779708693816,-9.01892116182568E-5));
#6976=CARTESIAN_POINT('',(0.0257538981685581,0.0147685535249486,-0.000138803417928426));
#6977=CARTESIAN_POINT('',(0.0264812384578252,0.0146375689888539,-0.00020593836359591));
#6978=CARTESIAN_POINT('',(0.0276362382904221,0.0144430554331379,-0.000324498595593617));
#6979=CARTESIAN_POINT('',(0.0290731422397039,0.0142213556751515,-0.000494317825819815));
#6980=CARTESIAN_POINT('',(0.030229058186881,0.014050583192387,-0.000651963346732743));
#6981=CARTESIAN_POINT('',(0.0308090656507677,0.0139654007985732,-0.000734815726081489));
#6982=CARTESIAN_POINT('',(0.0177868495322671,0.0160076405620901,0.00414584017145856));
#6983=CARTESIAN_POINT('',(0.0180088463352971,0.015955688764999,0.00379308298324044));
#6984=CARTESIAN_POINT('',(0.0184569748278255,0.0158529037095509,0.00309363554736375));
#6985=CARTESIAN_POINT('',(0.0191460004013565,0.0157033715043128,0.00206968898887212));
#6986=CARTESIAN_POINT('',(0.0198571142394598,0.0155544079846381,0.0011054700407361));
#6987=CARTESIAN_POINT('',(0.0204166692821657,0.0154394946043319,0.000494512009228283));
#6988=CARTESIAN_POINT('',(0.0208139406801464,0.0153612477768822,0.000215700907316379));
#6989=CARTESIAN_POINT('',(0.0210180620459951,0.0153217071706238,0.000107602239585774));
#6990=CARTESIAN_POINT('',(0.0211930399926336,0.0152886052937209,4.39177322076726E-5));
#6991=CARTESIAN_POINT('',(0.0213357650300157,0.0152620304126397,7.55511020344339E-6));
#6992=CARTESIAN_POINT('',(0.0214440840677818,0.0152420412899729,-1.29652544049196E-5));
#6993=CARTESIAN_POINT('',(0.0215535581684709,0.0152219790455843,-2.73888465742245E-5));
#6994=CARTESIAN_POINT('',(0.0217008789856351,0.0151951082376433,-3.94726161822758E-5));
#6995=CARTESIAN_POINT('',(0.0218871937017749,0.0151612440710872,-4.31519628992646E-5));
#6996=CARTESIAN_POINT('',(0.0221129694886256,0.0151200083683269,-3.58592217544231E-5));
#6997=CARTESIAN_POINT('',(0.022415359910305,0.0150640665003908,-1.89172768131243E-5));
#6998=CARTESIAN_POINT('',(0.0227179442050657,0.015006645536927,-1.31793342484721E-6));
#6999=CARTESIAN_POINT('',(0.023018431427783,0.0149480000990668,4.86957204839586E-6));
#7000=CARTESIAN_POINT('',(0.0232430015160607,0.0149035637397541,4.30179472395067E-6));
#7001=CARTESIAN_POINT('',(0.0234671178676234,0.014858731962547,-4.37785413784191E-7));
#7002=CARTESIAN_POINT('',(0.0236914014031361,0.0148137436320087,-8.62070424481349E-6));
#7003=CARTESIAN_POINT('',(0.0238784872283148,0.0147762220937608,-1.76310697070051E-5));
#7004=CARTESIAN_POINT('',(0.0240282022087767,0.0147461934215288,-2.57526630551407E-5));
#7005=CARTESIAN_POINT('',(0.0241404712172537,0.0147236630319826,-3.22218032619542E-5));
#7006=CARTESIAN_POINT('',(0.0242527132476054,0.0147011243454922,-3.90289856129363E-5));
#7007=CARTESIAN_POINT('',(0.0243649386231143,0.0146785827746614,-4.61845578092019E-5));
#7008=CARTESIAN_POINT('',(0.0244771470013492,0.0146560430522322,-5.36873049219585E-5));
#7009=CARTESIAN_POINT('',(0.0246267269493297,0.0146259940729449,-6.41214770480555E-5));
#7010=CARTESIAN_POINT('',(0.0248136494707506,0.014588444327179,-7.79339309122779E-5));
#7011=CARTESIAN_POINT('',(0.0251125626152036,0.0145284400587426,-0.000101367955531939));
#7012=CARTESIAN_POINT('',(0.0254854946531123,0.0144538718797699,-0.000132153235754562));
#7013=CARTESIAN_POINT('',(0.0260806909189308,0.0143361371688286,-0.000185007387900821));
#7014=CARTESIAN_POINT('',(0.0268209659681199,0.0141939694520656,-0.000255994704465198));
#7015=CARTESIAN_POINT('',(0.0279971485272597,0.013980028114662,-0.000379921216216883));
#7016=CARTESIAN_POINT('',(0.0294565816658123,0.0137354532865817,-0.000554228495662338));
#7017=CARTESIAN_POINT('',(0.030624095528098,0.0135506500325575,-0.000711728867497285));
#7018=CARTESIAN_POINT('',(0.0312086457288498,0.0134592150487507,-0.000793527450316982));
#7019=CARTESIAN_POINT('',(0.0179475718464923,0.0157268125744832,0.00410162139440434));
#7020=CARTESIAN_POINT('',(0.0181731525104863,0.0156758097747937,0.00375043702863608));
#7021=CARTESIAN_POINT('',(0.0186285966361803,0.0155748727483734,0.00305497292227644));
#7022=CARTESIAN_POINT('',(0.0193276606909524,0.0154264004487893,0.00204184386436099));
#7023=CARTESIAN_POINT('',(0.0200497579188769,0.0152788115679094,0.00109238830601561));
#7024=CARTESIAN_POINT('',(0.0206155283214854,0.0151636649430002,0.000492079003199809));
#7025=CARTESIAN_POINT('',(0.0210134278638052,0.0150829875188515,0.000219861255663284));
#7026=CARTESIAN_POINT('',(0.0212183544565436,0.0150425312203923,0.000115245955279597));
#7027=CARTESIAN_POINT('',(0.0213943811006614,0.0150087380849766,5.56839997473157E-5));
#7028=CARTESIAN_POINT('',(0.0215381014001782,0.0149816101417848,2.29357177256358E-5));
#7029=CARTESIAN_POINT('',(0.0216472220642266,0.0149611983232855,5.10042180678011E-6));
#7030=CARTESIAN_POINT('',(0.0217575267654308,0.014940698516349,-6.86480953291432E-6));
#7031=CARTESIAN_POINT('',(0.0219059566346284,0.0149132164581516,-1.62458008540708E-5));
#7032=CARTESIAN_POINT('',(0.0220935887220933,0.0148785245356091,-1.80820934036021E-5));
#7033=CARTESIAN_POINT('',(0.0223206016500354,0.0148361696447304,-1.19977944285023E-5));
#7034=CARTESIAN_POINT('',(0.0226238910402702,0.0147785172110535,-1.38547244702206E-6));
#7035=CARTESIAN_POINT('',(0.0229259127427276,0.0147188122530913,2.74871722669894E-6));
#7036=CARTESIAN_POINT('',(0.0232268319877471,0.0146577658070463,-1.20570214722296E-6));
#7037=CARTESIAN_POINT('',(0.0234528830151325,0.0146116023403869,-7.21690024900424E-6));
#7038=CARTESIAN_POINT('',(0.0236790899667567,0.0145650888672007,-1.55446235437372E-5));
#7039=CARTESIAN_POINT('',(0.0239053779004347,0.0145182908207018,-2.57284504807855E-5));
#7040=CARTESIAN_POINT('',(0.02409408960013,0.0144791370497073,-3.56566087107947E-5));
#7041=CARTESIAN_POINT('',(0.024245139847694,0.0144477638119575,-4.43987130182909E-5));
#7042=CARTESIAN_POINT('',(0.024358470384522,0.0144242174340199,-5.13359230119811E-5));
#7043=CARTESIAN_POINT('',(0.0244718325765024,0.0144006605394829,-5.86295533617459E-5));
#7044=CARTESIAN_POINT('',(0.0245852082736624,0.0143770966668969,-6.6241286760292E-5));
#7045=CARTESIAN_POINT('',(0.0246985864325973,0.0143535299157609,-7.41443946600659E-5));
#7046=CARTESIAN_POINT('',(0.0248497506511287,0.0143221120873269,-8.50516772732835E-5));
#7047=CARTESIAN_POINT('',(0.0250386637395621,0.0142828650544754,-9.93295593254414E-5));
#7048=CARTESIAN_POINT('',(0.0253407332777099,0.0142202036166066,-0.000123378642665995));
#7049=CARTESIAN_POINT('',(0.0257178935606899,0.0141422446029729,-0.00015559858922857));
#7050=CARTESIAN_POINT('',(0.0263197863646825,0.0140191331507297,-0.000210511126656052));
#7051=CARTESIAN_POINT('',(0.0270686329645426,0.0138696000341957,-0.000284724430832746));
#7052=CARTESIAN_POINT('',(0.028258277373792,0.0136431209551652,-0.000413307996214269));
#7053=CARTESIAN_POINT('',(0.0297323791268153,0.0133833435252797,-0.000591652695393784));
#7054=CARTESIAN_POINT('',(0.0309076713807177,0.0131890378205188,-0.000749606459533645));
#7055=CARTESIAN_POINT('',(0.0314954923808961,0.0130932721596916,-0.000831123014732949));
#7056=CARTESIAN_POINT('',(0.0180549540668001,0.0155398723425441,0.00406482431769674));
#7057=CARTESIAN_POINT('',(0.0182826323129606,0.0154893763820574,0.00371477641732452));
#7058=CARTESIAN_POINT('',(0.0187422076379351,0.0153892765846287,0.00302225664412766));
#7059=CARTESIAN_POINT('',(0.0194473967663294,0.015241506250016,0.002016160707773));
#7060=CARTESIAN_POINT('',(0.0201758121764353,0.0150943586356637,0.0010775109883801));
#7061=CARTESIAN_POINT('',(0.0207470763338698,0.0149799934279585,0.000487405697033838));
#7062=CARTESIAN_POINT('',(0.0211473328951114,0.0148994122177444,0.000217986248858347));
#7063=CARTESIAN_POINT('',(0.0213529078406494,0.0148585982310581,0.00011544015805566));
#7064=CARTESIAN_POINT('',(0.0215292888128197,0.0148242846993505,5.8457162686223E-5));
#7065=CARTESIAN_POINT('',(0.0216732372916579,0.0147966354227045,2.80200833046342E-5));
#7066=CARTESIAN_POINT('',(0.0217825153876248,0.0147757936957155,1.18909752256585E-5));
#7067=CARTESIAN_POINT('',(0.0218929798335823,0.0147548412364953,1.42192016059544E-6));
#7068=CARTESIAN_POINT('',(0.0220416435152962,0.0147267449227908,-6.47608381105884E-6));
#7069=CARTESIAN_POINT('',(0.0222296244402349,0.0146912872410483,-7.79531683129525E-6));
#7070=CARTESIAN_POINT('',(0.0224571089276749,0.0146480083352092,-3.81802917543122E-6));
#7071=CARTESIAN_POINT('',(0.0227609964070357,0.0145890724247167,1.14724351132434E-6));
#7072=CARTESIAN_POINT('',(0.0230638005404256,0.0145281453973669,-1.59248469195316E-7));
#7073=CARTESIAN_POINT('',(0.0233664188948421,0.0144658468757431,-6.62983634687952E-6));
#7074=CARTESIAN_POINT('',(0.0235935364256426,0.0144186230460956,-1.35472324090152E-5));
#7075=CARTESIAN_POINT('',(0.0238209234396541,0.014371005131557,-2.24556667997576E-5));
#7076=CARTESIAN_POINT('',(0.0240485278312025,0.0143230665454485,-3.3146486591978E-5));
#7077=CARTESIAN_POINT('',(0.024238352107191,0.0142829197027359,-4.34173354967992E-5));
#7078=CARTESIAN_POINT('',(0.0243902964478046,0.0142507245463391,-5.23979653643224E-5));
#7079=CARTESIAN_POINT('',(0.0245042896095885,0.0142265483628943,-5.94989703884144E-5));
#7080=CARTESIAN_POINT('',(0.0246183110861955,0.0142023507457674,-6.69466225851302E-5));
#7081=CARTESIAN_POINT('',(0.0247323538945851,0.0141781397636673,-7.47249861320562E-5));
#7082=CARTESIAN_POINT('',(0.0248464079574316,0.0141539229414628,-8.28149858795218E-5));
#7083=CARTESIAN_POINT('',(0.0249984805324148,0.0141216354292098,-9.39894545176324E-5));
#7084=CARTESIAN_POINT('',(0.025188549839121,0.0140812973667213,-0.000108643998777082));
#7085=CARTESIAN_POINT('',(0.0254925258562837,0.0140168800086493,-0.000133404890679488));
#7086=CARTESIAN_POINT('',(0.0258720883604299,0.0139367497285346,-0.000166557942007013));
#7087=CARTESIAN_POINT('',(0.026477959422263,0.0138101002179935,-0.000223314940046828));
#7088=CARTESIAN_POINT('',(0.027231876355105,0.0136559666023854,-0.000300011035542617));
#7089=CARTESIAN_POINT('',(0.0284295692463729,0.0134217452974483,-0.000432284568048089));
#7090=CARTESIAN_POINT('',(0.0299125210853904,0.013152623192544,-0.000613726448417118));
#7091=CARTESIAN_POINT('',(0.0310926748768361,0.0129523848629927,-0.000772306577317129));
#7092=CARTESIAN_POINT('',(0.0316825510085392,0.0128539217448197,-0.000853813204343148));
#7093=CARTESIAN_POINT('',(0.0181086859582876,0.015446447191874,0.00404505314848041));
#7094=CARTESIAN_POINT('',(0.0183373574122479,0.0153961806435608,0.00369558408399515));
#7095=CARTESIAN_POINT('',(0.0187988619632114,0.0152964366459572,0.00300457360623626));
#7096=CARTESIAN_POINT('',(0.0195069863087069,0.0151490052454884,0.00200195105688879));
#7097=CARTESIAN_POINT('',(0.0202383651941932,0.0150019867202898,0.00106884881677824));
#7098=CARTESIAN_POINT('',(0.0208125752744323,0.014888173797763,0.000484316590374857));
#7099=CARTESIAN_POINT('',(0.0212143194356224,0.0148078613132999,0.000216456271780123));
#7100=CARTESIAN_POINT('',(0.0214203452210584,0.0147669988449313,0.000114663417635566));
#7101=CARTESIAN_POINT('',(0.0215968790170202,0.0147324354976327,5.88159754090077E-5));
#7102=CARTESIAN_POINT('',(0.0217408620788711,0.0147044943200087,2.94682294849423E-5));
#7103=CARTESIAN_POINT('',(0.0218501467062003,0.0146834048951394,1.41580934237559E-5));
#7104=CARTESIAN_POINT('',(0.0219606202538724,0.0146621938831353,4.4141447470749E-6));
#7105=CARTESIAN_POINT('',(0.0221093168977373,0.0146337542382416,-2.79945287503907E-6));
#7106=CARTESIAN_POINT('',(0.022297393124253,0.0145978883520916,-3.98342007240301E-6));
#7107=CARTESIAN_POINT('',(0.0225250887156615,0.0145541496229499,-1.15766475404554E-6));
#7108=CARTESIAN_POINT('',(0.0228293002493127,0.0144945676680067,1.09600553468156E-6));
#7109=CARTESIAN_POINT('',(0.0231328009046813,0.0144330737198065,-1.85423333849341E-6));
#7110=CARTESIAN_POINT('',(0.023436314652007,0.0143701844250046,-8.84469513169964E-6));
#7111=CARTESIAN_POINT('',(0.0236640573436878,0.0143224566077994,-1.60262200605871E-5));
#7112=CARTESIAN_POINT('',(0.0238920408614214,0.0142742962366021,-2.50496598012129E-5));
#7113=CARTESIAN_POINT('',(0.0241202675895501,0.0142257925541079,-3.58567266001307E-5));
#7114=CARTESIAN_POINT('',(0.0243106279591019,0.0141851562625072,-4.62438890715296E-5));
#7115=CARTESIAN_POINT('',(0.0244629982827159,0.0141525577637635,-5.53229730250698E-5));
#7116=CARTESIAN_POINT('',(0.0245773116163942,0.0141280737883776,-6.25015517993089E-5));
#7117=CARTESIAN_POINT('',(0.0246916534956039,0.0141035638949739,-7.00339471284479E-5));
#7118=CARTESIAN_POINT('',(0.024806015997089,0.0140790367985896,-7.79028765224418E-5));
#7119=CARTESIAN_POINT('',(0.024920390910413,0.0140545008468909,-8.60912960892256E-5));
#7120=CARTESIAN_POINT('',(0.0250728957798132,0.0140217852450376,-9.74128574608201E-5));
#7121=CARTESIAN_POINT('',(0.0252635135281074,0.0139809083088192,-0.00011227888539951));
#7122=CARTESIAN_POINT('',(0.0255683834965107,0.0139156266218317,-0.000137423894770929));
#7123=CARTESIAN_POINT('',(0.0259490881033869,0.0138344163533493,-0.000171118143874795));
#7124=CARTESIAN_POINT('',(0.0265568405360869,0.0137060184789668,-0.000228870191060704));
#7125=CARTESIAN_POINT('',(0.0273131729405024,0.0135496317956126,-0.000306902817821305));
#7126=CARTESIAN_POINT('',(0.0285147056587782,0.0133116564410607,-0.000441130423659605));
#7127=CARTESIAN_POINT('',(0.0300019058289116,0.0130380111821419,-0.000624211313889262));
#7128=CARTESIAN_POINT('',(0.0311844216344721,0.0128348900562903,-0.000783163633368407));
#7129=CARTESIAN_POINT('',(0.0317753013957507,0.0127351151464215,-0.000864702298157131));
#7130=CARTESIAN_POINT('',(0.0181624585883771,0.0153530606371915,0.00402400002194216));
#7131=CARTESIAN_POINT('',(0.0183920591936142,0.0153029951680532,0.00367513596634798));
#7132=CARTESIAN_POINT('',(0.0188554024210393,0.0152035782554072,0.00298560245215462));
#7133=CARTESIAN_POINT('',(0.019566263232854,0.0150564252028733,0.00198649848212124));
#7134=CARTESIAN_POINT('',(0.0203005456843555,0.0149095436347006,0.00105887550730764));
#7135=CARTESIAN_POINT('',(0.0208776154371743,0.014796253585152,0.000480539036775687));
#7136=CARTESIAN_POINT('',(0.0212812972357131,0.0147165252267313,0.000214384408165821));
#7137=CARTESIAN_POINT('',(0.0214879091687793,0.0146757055013233,0.000113108158270502));
#7138=CARTESIAN_POINT('',(0.0216645464766921,0.0146408822199269,5.81385277726447E-5));
#7139=CARTESIAN_POINT('',(0.0218084875192342,0.0146126111366498,2.97458697016712E-5));
#7140=CARTESIAN_POINT('',(0.0219177212814911,0.0145912454651597,1.52085550556118E-5));
#7141=CARTESIAN_POINT('',(0.0220281544265632,0.0145697518396498,6.15619836664668E-6));
#7142=CARTESIAN_POINT('',(0.0221768411730441,0.0145409517136811,-3.72454920005531E-7));
#7143=CARTESIAN_POINT('',(0.0223650022779775,0.0145046811999691,-1.49057248989516E-6));
#7144=CARTESIAN_POINT('',(0.0225929191041584,0.0144605122625472,1.02379328392136E-7));
#7145=CARTESIAN_POINT('',(0.0228976955464076,0.0144003643024706,2.30254104799203E-7));
#7146=CARTESIAN_POINT('',(0.0232019997789847,0.0143383080531605,-3.12673780109409E-6));
#7147=CARTESIAN_POINT('',(0.0235063583981565,0.0142748076454003,-1.02444141816577E-5));
#7148=CARTESIAN_POINT('',(0.0237347495059852,0.0142265879940209,-1.74664010799807E-5));
#7149=CARTESIAN_POINT('',(0.0239633484702242,0.014177895323477,-2.65399648000318E-5));
#7150=CARTESIAN_POINT('',(0.0241921846359698,0.0141288326823926,-3.74160259567274E-5));
#7151=CARTESIAN_POINT('',(0.0243830566715007,0.014087712299137,-4.79034415333465E-5));
#7152=CARTESIAN_POINT('',(0.0245358375541881,0.0140547166496417,-5.7085979451697E-5));
#7153=CARTESIAN_POINT('',(0.0246504583443194,0.0140299301748929,-6.4353296982509E-5));
#7154=CARTESIAN_POINT('',(0.0247651074552811,0.0140051135756681,-7.1984342625142E-5));
#7155=CARTESIAN_POINT('',(0.0248797775630234,0.0139802761479811,-7.9962566028441E-5));
#7156=CARTESIAN_POINT('',(0.0249944607662311,0.0139554268612556,-8.8270893661581E-5));
#7157=CARTESIAN_POINT('',(0.0251473782231427,0.013922290205829,-9.97657929475717E-5));
#7158=CARTESIAN_POINT('',(0.0253385167130818,0.0138808826123699,-0.000114874727780577));
#7159=CARTESIAN_POINT('',(0.0256442321390291,0.0138147477641798,-0.000140454562740377));
#7160=CARTESIAN_POINT('',(0.0260260195923804,0.013732466566817,-0.000174764552923603));
#7161=CARTESIAN_POINT('',(0.0266355542614666,0.0136023405782695,-0.000233600894004746));
#7162=CARTESIAN_POINT('',(0.0273941853042658,0.0134437425629384,-0.000313065048443152));
#7163=CARTESIAN_POINT('',(0.0285993807934553,0.0132021202659001,-0.000449356565860896));
#7164=CARTESIAN_POINT('',(0.0300906585996678,0.0129240945200163,-0.000634165202636407));
#7165=CARTESIAN_POINT('',(0.0312754671111047,0.012718174386879,-0.000793548149270008));
#7166=CARTESIAN_POINT('',(0.0318673259377684,0.0126171248479469,-0.00087515409449257));
#7167=CARTESIAN_POINT('',(0.0182162744095771,0.0152597090702364,0.00400176263700441));
#7168=CARTESIAN_POINT('',(0.0184467441546004,0.0152098192696991,0.00365351509958329));
#7169=CARTESIAN_POINT('',(0.0189118407804132,0.0151107084335913,0.00296545514941586));
#7170=CARTESIAN_POINT('',(0.019625247797894,0.0149637743538931,0.00196984172982964));
#7171=CARTESIAN_POINT('',(0.0203623825817586,0.0148170605680121,0.00104772451857452));
#7172=CARTESIAN_POINT('',(0.0209422082573108,0.0147042355200769,0.000475870303746958));
#7173=CARTESIAN_POINT('',(0.021348097466508,0.0146252562051004,0.000212007681355263));
#7174=CARTESIAN_POINT('',(0.021555462805473,0.0145846056878051,0.000110992658460867));
#7175=CARTESIAN_POINT('',(0.0217321425859084,0.014549484171215,5.64354468751732E-5));
#7176=CARTESIAN_POINT('',(0.0218759983837715,0.0145208640390888,2.87278613434641E-5));
#7177=CARTESIAN_POINT('',(0.0219851498865368,0.0144992082123896,1.48705216364928E-5));
#7178=CARTESIAN_POINT('',(0.0220955285154092,0.0144774284683973,6.5804936545742E-6));
#7179=CARTESIAN_POINT('',(0.0222442101944177,0.0144482750352705,7.75985714021859E-7));
#7180=CARTESIAN_POINT('',(0.022432523923189,0.0144116472409082,-1.89857266176281E-7));
#7181=CARTESIAN_POINT('',(0.0226607491490117,0.0143670942123028,2.39704230138148E-7));
#7182=CARTESIAN_POINT('',(0.0229661275106669,0.0143064503588235,-5.04085113037407E-7));
#7183=CARTESIAN_POINT('',(0.0232713159138342,0.0142438159029409,-3.57943441663426E-6));
#7184=CARTESIAN_POINT('',(0.0235765329072456,0.0141796946974228,-1.05477699451299E-5));
#7185=CARTESIAN_POINT('',(0.0238055712930106,0.0141309823571475,-1.77074909786393E-5));
#7186=CARTESIAN_POINT('',(0.0240348010969538,0.0140817669849757,-2.67943397984967E-5));
#7187=CARTESIAN_POINT('',(0.0242642481950018,0.0140321540328448,-3.77507933141991E-5));
#7188=CARTESIAN_POINT('',(0.0244556224241994,0.0139905567637396,-4.83578810737927E-5));
#7189=CARTESIAN_POINT('',(0.0246088025400995,0.01395717016567,-5.76666309889573E-5));
#7190=CARTESIAN_POINT('',(0.024723721879003,0.0139320861428643,-6.50424161733206E-5));
#7191=CARTESIAN_POINT('',(0.0248386687705612,0.013906968064066,-7.27949999234142E-5));
#7192=CARTESIAN_POINT('',(0.0249536361058682,0.0138818256532325,-8.09065326285805E-5));
#7193=CARTESIAN_POINT('',(0.0250686164721739,0.0138566683554933,-8.93591838766038E-5));
#7194=CARTESIAN_POINT('',(0.025221930771434,0.0138231177172937,-0.000101060560477731));
#7195=CARTESIAN_POINT('',(0.0254135673626164,0.0137811876726913,-0.000116451616880947));
#7196=CARTESIAN_POINT('',(0.0257200883818912,0.0137142108184298,-0.000142526729403387));
#7197=CARTESIAN_POINT('',(0.0261029044336118,0.0136308698161682,-0.000177524420780244));
#7198=CARTESIAN_POINT('',(0.0267141314059046,0.0134990356868361,-0.000237540068306407));
#7199=CARTESIAN_POINT('',(0.0274749498641453,0.0133382643962148,-0.000318527113328645));
#7200=CARTESIAN_POINT('',(0.028683639767731,0.013093092643617,-0.000456989119689023));
#7201=CARTESIAN_POINT('',(0.0301788313013308,0.0128108221051948,-0.000643611074861623));
#7202=CARTESIAN_POINT('',(0.0313658630445919,0.0126021864836176,-0.000803481242246346));
#7203=CARTESIAN_POINT('',(0.0319586758619241,0.0124998995599328,-0.000885188096678665));
#7204=CARTESIAN_POINT('',(0.0182701383300034,0.0151663910531864,0.00397843968332696));
#7205=CARTESIAN_POINT('',(0.0185014301700721,0.0151166610662945,0.00363080557465253));
#7206=CARTESIAN_POINT('',(0.0189681681831652,0.0150178178065423,0.00294425924221259));
#7207=CARTESIAN_POINT('',(0.0196840065697687,0.0148710935150907,0.00195201816079732));
#7208=CARTESIAN_POINT('',(0.0204238394367772,0.014724517837123,0.00103558810549222));
#7209=CARTESIAN_POINT('',(0.0210065155175618,0.0146122219329914,0.000470172751870391));
#7210=CARTESIAN_POINT('',(0.0214145763420473,0.0145339340587231,0.000209446297125636));
#7211=CARTESIAN_POINT('',(0.021622693047814,0.0144934448995655,0.000108760437327268));
#7212=CARTESIAN_POINT('',(0.0217994894921242,0.0144580831625427,5.37427833970775E-5));
#7213=CARTESIAN_POINT('',(0.02194327107219,0.0144291311692498,2.62705177165733E-5));
#7214=CARTESIAN_POINT('',(0.0220523429325327,0.0144071957697372,1.30072367985658E-5));
#7215=CARTESIAN_POINT('',(0.0221626728055928,0.0143851420584839,5.50944035102941E-6));
#7216=CARTESIAN_POINT('',(0.0223114042568107,0.0143556816777408,8.58999981017978E-7));
#7217=CARTESIAN_POINT('',(0.0224999738127432,0.0143187653454967,1.11920548699889E-7));
#7218=CARTESIAN_POINT('',(0.0227285914536477,0.0142739009463997,7.13842612538179E-9));
#7219=CARTESIAN_POINT('',(0.0230345095766801,0.0142127276657537,-3.27129374791748E-7));
#7220=CARTESIAN_POINT('',(0.0233406193281294,0.0141495285062428,-2.93991517988238E-6));
#7221=CARTESIAN_POINT('',(0.0236467478166741,0.0140847931096628,-9.63260300505765E-6));
#7222=CARTESIAN_POINT('',(0.0238764585183334,0.0140355966217265,-1.67073084441278E-5));
#7223=CARTESIAN_POINT('',(0.0241063390381441,0.0139858699289284,-2.58175317800428E-5));
#7224=CARTESIAN_POINT('',(0.0243364113314445,0.0139357193303305,-3.68847682289766E-5));
#7225=CARTESIAN_POINT('',(0.0245282895823052,0.0138936548603498,-4.76471454633411E-5));
#7226=CARTESIAN_POINT('',(0.0246818662283605,0.0138598848789641,-5.71121681112049E-5));
#7227=CARTESIAN_POINT('',(0.0247970801612945,0.0138345089197067,-6.46201509197347E-5));
#7228=CARTESIAN_POINT('',(0.0249123194258883,0.0138090949261567,-7.25184222567185E-5));
#7229=CARTESIAN_POINT('',(0.0250275774564012,0.0137836530595613,-8.07879923384125E-5));
#7230=CARTESIAN_POINT('',(0.0251428473353839,0.0137581932179105,-8.94098488648694E-5));
#7231=CARTESIAN_POINT('',(0.0252965467443398,0.0137242356600581,-0.000101350232265042));
#7232=CARTESIAN_POINT('',(0.025488664368981,0.0136817914830823,-0.000117063009124649));
#7233=CARTESIAN_POINT('',(0.0257959591485137,0.0136139843009235,-0.000143692985642105));
#7234=CARTESIAN_POINT('',(0.026179757275034,0.0135295958570857,-0.000179444998064829));
#7235=CARTESIAN_POINT('',(0.0267925964368297,0.0133960737044813,-0.000240730323485925));
#7236=CARTESIAN_POINT('',(0.0275554987271781,0.0132331643605653,-0.00032332501943642));
#7237=CARTESIAN_POINT('',(0.0287675244763936,0.0129845318133072,-0.000464056963756055));
#7238=CARTESIAN_POINT('',(0.0302664734021941,0.0126981446056829,-0.000652573547151578));
#7239=CARTESIAN_POINT('',(0.031455659109774,0.0124868763220132,-0.000812984584219436));
#7240=CARTESIAN_POINT('',(0.0320494005574203,0.0123833890766403,-0.000894824362921314));
#7241=CARTESIAN_POINT('',(0.0183240583665234,0.0150731078010465,0.00395412934305565));
#7242=CARTESIAN_POINT('',(0.0185561286204125,0.0150235245265224,0.00360711027795216));
#7243=CARTESIAN_POINT('',(0.0190243988850758,0.0149249116734838,0.00292209991583242));
#7244=CARTESIAN_POINT('',(0.0197425805845092,0.0147784052470012,0.00193315133000958));
#7245=CARTESIAN_POINT('',(0.0204849460443194,0.0146319343903373,0.00102253326628431));
#7246=CARTESIAN_POINT('',(0.0210705900646352,0.0145202386965416,0.000463681195830006));
#7247=CARTESIAN_POINT('',(0.0214805989056737,0.0144424470961333,0.000206749095682748));
#7248=CARTESIAN_POINT('',(0.0216894324919702,0.0144020750523111,0.000106736434387075));
#7249=CARTESIAN_POINT('',(0.0218664649529084,0.0143665623830792,5.06139449891695E-5));
#7250=CARTESIAN_POINT('',(0.022010229547184,0.0143373257526047,2.2537368538677E-5));
#7251=CARTESIAN_POINT('',(0.0221192591877919,0.0143151452138532,9.50685668121322E-6));
#7252=CARTESIAN_POINT('',(0.0222295874620578,0.0142928621560731,3.2590936814526E-6));
#7253=CARTESIAN_POINT('',(0.0223783925150404,0.0142631265744397,3.75995745987775E-8));
#7254=CARTESIAN_POINT('',(0.022567348752192,0.0142260279844777,-2.11503626364098E-7));
#7255=CARTESIAN_POINT('',(0.02279631238375,0.0141808002741981,4.24548043138819E-7));
#7256=CARTESIAN_POINT('',(0.0231027573481097,0.0141190866685758,1.09609237611708E-6));
#7257=CARTESIAN_POINT('',(0.0234098005240079,0.0140553577443199,-1.14327166938957E-6));
#7258=CARTESIAN_POINT('',(0.0237169113060216,0.0139900415304511,-7.55885602846812E-6));
#7259=CARTESIAN_POINT('',(0.0239473380176747,0.0139403815531106,-1.45741000755917E-5));
#7260=CARTESIAN_POINT('',(0.0241779023461765,0.0138901620063184,-2.37283906300294E-5));
#7261=CARTESIAN_POINT('',(0.0244086236614043,0.013839490599295,-3.49389973500497E-5));
#7262=CARTESIAN_POINT('',(0.0246010172486422,0.0137969714027583,-4.58870677192253E-5));
#7263=CARTESIAN_POINT('',(0.0247549944898764,0.0137628271895166,-5.5534543432116E-5));
#7264=CARTESIAN_POINT('',(0.024870503953909,0.0137371658215396,-6.31945984742766E-5));
#7265=CARTESIAN_POINT('',(0.024986034643779,0.0137114621619822,-7.12588138349502E-5));
#7266=CARTESIAN_POINT('',(0.0251015807527827,0.013685726840493,-7.97067596169493E-5));
#7267=CARTESIAN_POINT('',(0.0252171360858567,0.0136599702139115,-8.85181358775762E-5));
#7268=CARTESIAN_POINT('',(0.0253712135051179,0.0136256131062023,-0.000100724520750938));
#7269=CARTESIAN_POINT('',(0.0255638003331794,0.0135826633502262,-0.000116792000553232));
#7270=CARTESIAN_POINT('',(0.0258718448203527,0.0135140380874137,-0.000144027096831206));
#7271=CARTESIAN_POINT('',(0.0262565868831324,0.0134286153657389,-0.000180589834959777));
#7272=CARTESIAN_POINT('',(0.0268709685083348,0.0132934255950595,-0.000243222930778749));
#7273=CARTESIAN_POINT('',(0.0276358598650065,0.0131284111249856,-0.000327500030722574));
#7274=CARTESIAN_POINT('',(0.0288510735842372,0.0128763984491956,-0.000470591271213027));
#7275=CARTESIAN_POINT('',(0.0303536317937791,0.0125860146534265,-0.000661078431986757));
#7276=CARTESIAN_POINT('',(0.0315449028634851,0.0123721953523746,-0.000822080289961017));
#7277=CARTESIAN_POINT('',(0.0321395475403159,0.0122675443856386,-0.00090408327814307));
#7278=CARTESIAN_POINT('',(0.0183780425395654,0.01497986126878,0.00392893091357377));
#7279=CARTESIAN_POINT('',(0.0186108479970906,0.0149304109666759,0.00358253477729773));
#7280=CARTESIAN_POINT('',(0.0190805644965155,0.0148320080100088,0.00289904759934851));
#7281=CARTESIAN_POINT('',(0.0198009865782862,0.0146857119068966,0.00191340252555571));
#7282=CARTESIAN_POINT('',(0.0205457924569902,0.0145393668473269,0.00100857450598429));
#7283=CARTESIAN_POINT('',(0.0211343436669944,0.0144282091451611,0.000456815294696749));
#7284=CARTESIAN_POINT('',(0.0215460280956979,0.014350678672577,0.000203979370836822));
#7285=CARTESIAN_POINT('',(0.0217555778319895,0.0143104059679409,0.000105053308763997));
#7286=CARTESIAN_POINT('',(0.0219328966076234,0.0142747811785325,4.84969387244778E-5));
#7287=CARTESIAN_POINT('',(0.0220768247496033,0.0142453879100626,1.95569171118401E-5));
#7288=CARTESIAN_POINT('',(0.0221859175675056,0.014223034556019,5.78036563257407E-6));
#7289=CARTESIAN_POINT('',(0.0222962862047801,0.0142005530028222,-3.61180650764684E-7));
#7290=CARTESIAN_POINT('',(0.0224452948852433,0.0141706470639598,-1.0875273021016E-7));
#7291=CARTESIAN_POINT('',(0.0226344712718856,0.0141332624663418,3.9641618945329E-7));
#7292=CARTESIAN_POINT('',(0.0228636700894846,0.014087605025574,2.36169344292264E-6));
#7293=CARTESIAN_POINT('',(0.0231707709977274,0.0140254271463429,3.40246435786163E-6));
#7294=CARTESIAN_POINT('',(0.0234787993945133,0.0139612308061178,1.62468909283789E-6));
#7295=CARTESIAN_POINT('',(0.0237869641211608,0.0138953866565014,-4.60039373001691E-6));
#7296=CARTESIAN_POINT('',(0.0240181552074016,0.0138452928860071,-1.15446213481318E-5));
#7297=CARTESIAN_POINT('',(0.0242494429165295,0.0137946050867978,-2.07507039040062E-5));
#7298=CARTESIAN_POINT('',(0.0244808427858262,0.0137434332512069,-3.21112826707115E-5));
#7299=CARTESIAN_POINT('',(0.0246737682941544,0.0137004738133467,-4.32575515262662E-5));
#7300=CARTESIAN_POINT('',(0.024828154818118,0.0136659657473834,-5.30993220343588E-5));
#7301=CARTESIAN_POINT('',(0.0249439641635186,0.0136400262329132,-6.0921425749795E-5));
#7302=CARTESIAN_POINT('',(0.0250597886752484,0.013614039719019,-6.91623416230703E-5));
#7303=CARTESIAN_POINT('',(0.0251756235071584,0.0135880173618927,-7.7800124284847E-5));
#7304=CARTESIAN_POINT('',(0.0252914633596331,0.0135619700214225,-8.68130386748969E-5));
#7305=CARTESIAN_POINT('',(0.0254459156441197,0.0135272210216693,-9.93019734719771E-5));
#7306=CARTESIAN_POINT('',(0.0256389645646196,0.0134837744987659,-0.00011574558861064));
#7307=CARTESIAN_POINT('',(0.0259477417192184,0.0134143438059204,-0.000143620222161687));
#7308=CARTESIAN_POINT('',(0.0263333976021776,0.0133279004661385,-0.000181034985728128));
#7309=CARTESIAN_POINT('',(0.026949262359819,0.0131910636849871,-0.000245076157852357));
#7310=CARTESIAN_POINT('',(0.0277160574049852,0.0130239750770885,-0.000331097321049444));
#7311=CARTESIAN_POINT('',(0.0289343225097421,0.0127686557213866,-0.000476624911061838));
#7312=CARTESIAN_POINT('',(0.0304403506625595,0.0124743870694742,-0.000669152337680139));
#7313=CARTESIAN_POINT('',(0.0316336396616725,0.012258096647443,-0.000830790703553942));
#7314=CARTESIAN_POINT('',(0.0322291623941614,0.0121523177999678,-0.000912985336437311));
#7315=CARTESIAN_POINT('',(0.0184501193815651,0.0148555857241567,0.00389427389584421));
#7316=CARTESIAN_POINT('',(0.0186838442365719,0.014806292126735,0.00354873328619379));
#7317=CARTESIAN_POINT('',(0.0191554125628427,0.0147081634767251,0.00286721888856154));
#7318=CARTESIAN_POINT('',(0.0198786550648659,0.0145621164564589,0.00188609511553996));
#7319=CARTESIAN_POINT('',(0.0206267069438828,0.0144160301107611,0.000988816781242569));
#7320=CARTESIAN_POINT('',(0.0212187381376194,0.0143053108892543,0.000447598758800362));
#7321=CARTESIAN_POINT('',(0.021632337994078,0.0142277990063402,0.000200207465625932));
#7322=CARTESIAN_POINT('',(0.0218424075720532,0.0141873685972968,0.000103414927788683));
#7323=CARTESIAN_POINT('',(0.0220202320970265,0.0141516797670238,4.78466737640756E-5));
#7324=CARTESIAN_POINT('',(0.0221647577822578,0.0141223371590089,1.98797309761008E-5));
#7325=CARTESIAN_POINT('',(0.0222743200349034,0.0141000275980097,6.79982553295671E-6));
#7326=CARTESIAN_POINT('',(0.0223849906200404,0.0140774590562231,4.6570541929877E-7));
#7327=CARTESIAN_POINT('',(0.0225340245306981,0.0140471578517426,-2.07637206181381E-7));
#7328=CARTESIAN_POINT('',(0.0227231503447982,0.0140092071517899,4.05643833308001E-6));
#7329=CARTESIAN_POINT('',(0.0229529036819592,0.0139631219763118,5.23208710927941E-6));
#7330=CARTESIAN_POINT('',(0.023261084790014,0.013900449186862,6.92679545727685E-6));
#7331=CARTESIAN_POINT('',(0.0235705591063712,0.0138357440896992,5.79741629760152E-6));
#7332=CARTESIAN_POINT('',(0.0238802004410065,0.01376926417285,1.34784435396572E-8));
#7333=CARTESIAN_POINT('',(0.0241124664784946,0.0137186361540482,-6.775096248148E-6));
#7334=CARTESIAN_POINT('',(0.0243447651823129,0.0136673584117269,-1.59833499945548E-5));
#7335=CARTESIAN_POINT('',(0.0245771074682207,0.0136155479838939,-2.75020714773228E-5));
#7336=CARTESIAN_POINT('',(0.0247707653354243,0.013572021597383,-3.88891925665069E-5));
#7337=CARTESIAN_POINT('',(0.0249257111804452,0.0135370427201508,-4.89785414587592E-5));
#7338=CARTESIAN_POINT('',(0.0250419282002233,0.0135107423295428,-5.70109950050737E-5));
#7339=CARTESIAN_POINT('',(0.0251581500412787,0.0134843879972692,-6.54844386492274E-5));
#7340=CARTESIAN_POINT('',(0.0252743732849067,0.0134579916609246,-7.43745610944412E-5));
#7341=CARTESIAN_POINT('',(0.0253905939859961,0.0134315649139169,-8.36574308851782E-5));
#7342=CARTESIAN_POINT('',(0.0255455456733738,0.0133963037154596,-9.65270874543102E-5));
#7343=CARTESIAN_POINT('',(0.0257392060343502,0.0133522066681319,-0.000113480892536423));
#7344=CARTESIAN_POINT('',(0.026048945039456,0.0132817190944046,-0.000142227451438809));
#7345=CARTESIAN_POINT('',(0.0264357885549978,0.0131939333901038,-0.000180808314503934));
#7346=CARTESIAN_POINT('',(0.0270535647509195,0.0130549280483827,-0.000246778763487152));
#7347=CARTESIAN_POINT('',(0.0278227968187117,0.0128851129403751,-0.000335187032042832));
#7348=CARTESIAN_POINT('',(0.0290449637212546,0.0126254739275699,-0.000484047370560304));
#7349=CARTESIAN_POINT('',(0.0305554449089506,0.0123261631266746,-0.000679378920810272));
#7350=CARTESIAN_POINT('',(0.0317513368447945,0.0121066812309741,-0.000841920603082146));
#7351=CARTESIAN_POINT('',(0.0323479974385235,0.0119994448969684,-0.000924406088855704));
#7352=CARTESIAN_POINT('',(0.0185404136512497,0.0147003449132232,0.00384919682820128));
#7353=CARTESIAN_POINT('',(0.018775211656976,0.0146512319415502,0.00350473437975071));
#7354=CARTESIAN_POINT('',(0.0192489051165295,0.0145533981127431,0.00282570537589012));
#7355=CARTESIAN_POINT('',(0.0199755079836343,0.0144076938446435,0.00185026299198836));
#7356=CARTESIAN_POINT('',(0.0207274569331253,0.0142619690091796,0.000962525808344388));
#7357=CARTESIAN_POINT('',(0.0213232180760429,0.0141513900241826,0.00043557152273646));
#7358=CARTESIAN_POINT('',(0.0217376762766604,0.01407267270668,0.000196283169648725));
#7359=CARTESIAN_POINT('',(0.0219484346903994,0.014031909800926,0.000101889970656208));
#7360=CARTESIAN_POINT('',(0.0221268713562485,0.0139961508881146,4.79813602812544E-5));
#7361=CARTESIAN_POINT('',(0.0222715783015635,0.0139665708949074,2.07647413406455E-5));
#7362=CARTESIAN_POINT('',(0.0223814194455737,0.0139441376922323,7.79538378513009E-6));
#7363=CARTESIAN_POINT('',(0.0224927165410112,0.0139216386846718,7.87603226255762E-7));
#7364=CARTESIAN_POINT('',(0.0226427174750971,0.013891488820154,-4.2888546017022E-6));
#7365=CARTESIAN_POINT('',(0.0228328179214714,0.0138535060482537,-1.77149778667756E-6));
#7366=CARTESIAN_POINT('',(0.0230636780223349,0.0138071980548289,4.62599524524892E-6));
#7367=CARTESIAN_POINT('',(0.0233735556628082,0.0137441443606841,9.70004795580216E-6));
#7368=CARTESIAN_POINT('',(0.0236849487228015,0.0136789222086353,1.04386924220023E-5));
#7369=CARTESIAN_POINT('',(0.023996515973652,0.013611753511725,5.8384943004571E-6));
#7370=CARTESIAN_POINT('',(0.0242301773030188,0.0135605216131383,-3.90065321277753E-7));
#7371=CARTESIAN_POINT('',(0.0244637937027673,0.0135085620644288,-9.33887697327938E-6));
#7372=CARTESIAN_POINT('',(0.0246973632235387,0.0134560009740498,-2.08521655049752E-5));
#7373=CARTESIAN_POINT('',(0.0248919707030007,0.0134118004301866,-3.24154408291948E-5));
#7374=CARTESIAN_POINT('',(0.0250476375996311,0.0133762581045415,-4.27346705772031E-5));
#7375=CARTESIAN_POINT('',(0.025164377766457,0.0133495242672194,-5.09796912988754E-5));
#7376=CARTESIAN_POINT('',(0.0252811068852657,0.0133227267670766,-5.97017076717065E-5));
#7377=CARTESIAN_POINT('',(0.0253978233284541,0.0132958786146046,-6.88725571610957E-5));
#7378=CARTESIAN_POINT('',(0.0255145249050309,0.0132689924053241,-7.8464735688866E-5));
#7379=CARTESIAN_POINT('',(0.0256701035680152,0.0132331096341164,-9.17805148563208E-5));
#7380=CARTESIAN_POINT('',(0.0258645249956094,0.0131882209691001,-0.00010934759528254));
#7381=CARTESIAN_POINT('',(0.026175448357754,0.0131164435343317,-0.000139165472413961));
#7382=CARTESIAN_POINT('',(0.0265637327948878,0.0130270141026241,-0.000179209035342729));
#7383=CARTESIAN_POINT('',(0.0271837959647759,0.0128853487490735,-0.000247630168002785));
#7384=CARTESIAN_POINT('',(0.0279559072610431,0.0127121946424161,-0.00033909624333851));
#7385=CARTESIAN_POINT('',(0.0291826674892961,0.0124473086991,-0.00049224377138709));
#7386=CARTESIAN_POINT('',(0.0306984130481277,0.0121419322219018,-0.00069121970661944));
#7387=CARTESIAN_POINT('',(0.0318974000269426,0.0119186470787575,-0.000854980391097535));
#7388=CARTESIAN_POINT('',(0.0324954233005864,0.0118096723159839,-0.000937890687664429));
#7389=CARTESIAN_POINT('',(0.0186491306534221,0.0145142438863346,0.00379291397668512));
#7390=CARTESIAN_POINT('',(0.0188851003983551,0.0144653167411824,0.00344979360820235));
#7391=CARTESIAN_POINT('',(0.0193611938125238,0.0143678385866863,0.00277380653255268));
#7392=CARTESIAN_POINT('',(0.020091547065001,0.0142225330595438,0.00180517116342108));
#7393=CARTESIAN_POINT('',(0.0208482585425147,0.0140774061232983,0.000929343904936723));
#7394=CARTESIAN_POINT('',(0.0214471610658848,0.013966151125849,0.000418519772693072));
#7395=CARTESIAN_POINT('',(0.0218632705545036,0.0138863093395913,0.000188946762725771));
#7396=CARTESIAN_POINT('',(0.022074787530025,0.0138448606818638,9.86623304884081E-5));
#7397=CARTESIAN_POINT('',(0.0222540755713739,0.0138088917594708,4.65360371969376E-5));
#7398=CARTESIAN_POINT('',(0.022400697197752,0.0137799685128569,1.96414680255206E-5));
#7399=CARTESIAN_POINT('',(0.0225119959017508,0.0137580757511808,5.77923705272383E-6));
#7400=CARTESIAN_POINT('',(0.0226243074853138,0.0137358529846174,-3.01573060253451E-6));
#7401=CARTESIAN_POINT('',(0.0227753477022378,0.0137058511912578,-8.49812834492628E-6));
#7402=CARTESIAN_POINT('',(0.0229663031859677,0.0136676879024701,-8.35055971660365E-6));
#7403=CARTESIAN_POINT('',(0.0231980724189692,0.0136209116991817,-2.57294720090382E-6));
#7404=CARTESIAN_POINT('',(0.0235094005513855,0.0135571486615886,6.63723607766337E-6));
#7405=CARTESIAN_POINT('',(0.0238226998753032,0.0134911721843349,1.16833728276656E-5));
#7406=CARTESIAN_POINT('',(0.0241363209156054,0.0134231306341251,1.00016019430713E-5));
#7407=CARTESIAN_POINT('',(0.0243715310029114,0.013371173523802,5.35552393975082E-6));
#7408=CARTESIAN_POINT('',(0.024606654252669,0.0133184134347505,-2.53122897252112E-6));
#7409=CARTESIAN_POINT('',(0.0248416610029843,0.0132649801608079,-1.34306097591503E-5));
#7410=CARTESIAN_POINT('',(0.0250373986229794,0.0132199990075884,-2.47950019484213E-5));
#7411=CARTESIAN_POINT('',(0.0251939294513201,0.0131838043784523,-3.51110245103846E-5));
#7412=CARTESIAN_POINT('',(0.025311298279037,0.0131565685583193,-4.342422763504E-5));
#7413=CARTESIAN_POINT('',(0.0254286378824333,0.0131292574668168,-5.22781606406729E-5));
#7414=CARTESIAN_POINT('',(0.0255459479503577,0.0131018852326506,-6.16382491694175E-5));
#7415=CARTESIAN_POINT('',(0.0256632277317498,0.0130744655273791,-7.14710220064015E-5));
#7416=CARTESIAN_POINT('',(0.025819558770304,0.0130378602419047,-8.51686835199239E-5));
#7417=CARTESIAN_POINT('',(0.0260148896189938,0.0129920498771717,-0.000103314838332777));
#7418=CARTESIAN_POINT('',(0.026327217199029,0.0129187674450224,-0.000134227702638121));
#7419=CARTESIAN_POINT('',(0.0267171872653756,0.0128274149476405,-0.000175878567649515));
#7420=CARTESIAN_POINT('',(0.0273398813435692,0.0126826323888964,-0.000247122857024336));
#7421=CARTESIAN_POINT('',(0.0281152440057946,0.0125055697648976,-0.000342243236761892));
#7422=CARTESIAN_POINT('',(0.0293471479419135,0.0122345915743933,-0.000500612029385749));
#7423=CARTESIAN_POINT('',(0.0308688018968538,0.0119222516683925,-0.000704128566552014));
#7424=CARTESIAN_POINT('',(0.0320712740346756,0.0116946673003023,-0.000869453918513112));
#7425=CARTESIAN_POINT('',(0.0326708477598964,0.0115837237938722,-0.000952955518957436));
#7426=CARTESIAN_POINT('',(0.0187582148297942,0.014328339406644,0.00373491348996642));
#7427=CARTESIAN_POINT('',(0.0189952921918843,0.0142795885671605,0.00339318971035694));
#7428=CARTESIAN_POINT('',(0.0194736300596667,0.0141824396212215,0.00272030079796141));
#7429=CARTESIAN_POINT('',(0.020207725498373,0.0140376314009591,0.00175844689212101));
#7430=CARTESIAN_POINT('',(0.0209690842012052,0.0138930370922659,0.000894805991005414));
#7431=CARTESIAN_POINT('',(0.0215713867449497,0.0137812063742011,0.000397550902165697));
#7432=CARTESIAN_POINT('',(0.0219908754136716,0.0137011912595541,0.00017626293963556));
#7433=CARTESIAN_POINT('',(0.0222046320540053,0.0136599858536855,9.03697693848617E-5));
#7434=CARTESIAN_POINT('',(0.022386887658383,0.0136248571474248,4.11377761140481E-5));
#7435=CARTESIAN_POINT('',(0.0225346380941698,0.0135959786685346,1.43637498286574E-5));
#7436=CARTESIAN_POINT('',(0.0226464344109633,0.0135739769866255,5.08012809904805E-8));
#7437=CARTESIAN_POINT('',(0.0227592592401477,0.0135516967782184,-9.20666384264046E-6));
#7438=CARTESIAN_POINT('',(0.0229108837568762,0.0135215677503904,-1.65606084643528E-5));
#7439=CARTESIAN_POINT('',(0.0231024447876314,0.0134831286244795,-1.7192347422161E-5));
#7440=CARTESIAN_POINT('',(0.0233348276102613,0.0134357926726172,-1.1160447424133E-5));
#7441=CARTESIAN_POINT('',(0.0236470878138459,0.0133711235020201,-3.05046888550691E-7));
#7442=CARTESIAN_POINT('',(0.0239617018196313,0.0133041637263572,8.78804151193844E-6));
#7443=CARTESIAN_POINT('',(0.0242769319113151,0.0132351008274806,1.06093758688529E-5));
#7444=CARTESIAN_POINT('',(0.0245134295764858,0.0131823434745012,8.15902917655244E-6));
#7445=CARTESIAN_POINT('',(0.0247498677722299,0.0131287395905291,1.97021893252837E-6));
#7446=CARTESIAN_POINT('',(0.0249861775589068,0.0130744145215361,-7.71323710772138E-6));
#7447=CARTESIAN_POINT('',(0.0251829708882351,0.0130286505039038,-1.84307468000262E-5));
#7448=CARTESIAN_POINT('',(0.0253403219602096,0.012991807415532,-2.84211875224609E-5));
#7449=CARTESIAN_POINT('',(0.0254582931366477,0.0129640747680562,-3.65789881259693E-5));
#7450=CARTESIAN_POINT('',(0.0255762220255005,0.0129362570385686,-4.53591253101195E-5));
#7451=CARTESIAN_POINT('',(0.0256941084438206,0.012908369075976,-5.47200230413959E-5));
#7452=CARTESIAN_POINT('',(0.0258119520428768,0.0128804252977226,-6.46214672670909E-5));
#7453=CARTESIAN_POINT('',(0.0259690189403786,0.0128431111279843,-7.84925954731511E-5));
#7454=CARTESIAN_POINT('',(0.0261652416917927,0.0127963975539426,-9.69939111542077E-5));
#7455=CARTESIAN_POINT('',(0.026478946147324,0.0127216412039834,-0.000128710808563701));
#7456=CARTESIAN_POINT('',(0.026870561770554,0.0126284055852847,-0.000171711953703637));
#7457=CARTESIAN_POINT('',(0.0274957972444822,0.0124805705880688,-0.000245524915112054));
#7458=CARTESIAN_POINT('',(0.0282742536369429,0.0122996864675627,-0.000344174083293645));
#7459=CARTESIAN_POINT('',(0.029511004684645,0.0120227883382537,-0.000507740510784306));
#7460=CARTESIAN_POINT('',(0.0310382232177501,0.011703747693014,-0.000715918167945793));
#7461=CARTESIAN_POINT('',(0.0322439836139342,0.011472086678439,-0.000882872101061344));
#7462=CARTESIAN_POINT('',(0.0328450404333612,0.0113592673379201,-0.000967028643450974));
#7463=CARTESIAN_POINT('',(0.0188311596113347,0.0142045336255601,0.00369529528383724));
#7464=CARTESIAN_POINT('',(0.0190689511721477,0.014155894926743,0.00335454139704586));
#7465=CARTESIAN_POINT('',(0.019548727840046,0.0140589642698097,0.00268369999883229));
#7466=CARTESIAN_POINT('',(0.0202853630976564,0.0139145430658458,0.00172642120345005));
#7467=CARTESIAN_POINT('',(0.0210498486559499,0.0137703048567851,0.000870667331941468));
#7468=CARTESIAN_POINT('',(0.021655126897502,0.0136584227881272,0.000381474857515528));
#7469=CARTESIAN_POINT('',(0.0220776287564781,0.0135787458340307,0.000165971428039156));
#7470=CARTESIAN_POINT('',(0.0222930968476765,0.0135378112031084,8.27162402326936E-5));
#7471=CARTESIAN_POINT('',(0.0224761802943253,0.0135026302510935,3.46158863295163E-5));
#7472=CARTESIAN_POINT('',(0.0226247267562267,0.0134738312494292,8.10045783944694E-6));
#7473=CARTESIAN_POINT('',(0.0227371048562833,0.0134518829281603,-6.31378404504501E-6));
#7474=CARTESIAN_POINT('',(0.0228503532576002,0.0134295644507467,-1.59814904437225E-5));
#7475=CARTESIAN_POINT('',(0.0230024558770455,0.0133993401426678,-2.33115524074291E-5));
#7476=CARTESIAN_POINT('',(0.0231944598129467,0.0133606901033222,-2.44204164003481E-5));
#7477=CARTESIAN_POINT('',(0.0234272639999008,0.0133129858352732,-1.82359669478553E-5));
#7478=CARTESIAN_POINT('',(0.0237400549427498,0.0132476998130244,-6.21268478171724E-6));
#7479=CARTESIAN_POINT('',(0.0240553111147647,0.0131800125825339,4.96095288371945E-6));
#7480=CARTESIAN_POINT('',(0.0243713681726033,0.0131101906193877,9.08617845662377E-6));
#7481=CARTESIAN_POINT('',(0.0246085567064609,0.0130568490510768,8.22686886627023E-6));
#7482=CARTESIAN_POINT('',(0.0248457305279719,0.0130026437305422,3.39742760492286E-6));
#7483=CARTESIAN_POINT('',(0.025082797089928,0.0129476976584047,-5.20569048402617E-6));
#7484=CARTESIAN_POINT('',(0.0252802228507504,0.0129013986182582,-1.52595179781076E-5));
#7485=CARTESIAN_POINT('',(0.025438074528698,0.01286411704496,-2.4852842208648E-5));
#7486=CARTESIAN_POINT('',(0.0255564174007448,0.012836050429308,-3.27764457489121E-5));
#7487=CARTESIAN_POINT('',(0.0256747134355207,0.0128078938213414,-4.13823707302659E-5));
#7488=CARTESIAN_POINT('',(0.0257929619134474,0.0127796623148204,-5.06251489976479E-5));
#7489=CARTESIAN_POINT('',(0.0259111621740763,0.0127513706131344,-6.04605484936043E-5));
#7490=CARTESIAN_POINT('',(0.0260686972512225,0.0127135871270316,-7.43076561717251E-5));
#7491=CARTESIAN_POINT('',(0.0262654914643127,0.0126662775894239,-9.28890371860421E-5));
#7492=CARTESIAN_POINT('',(0.026580082877791,0.0125905515536909,-0.000124928139819557));
#7493=CARTESIAN_POINT('',(0.026972762245451,0.0124960806532904,-0.000168625657287721));
#7494=CARTESIAN_POINT('',(0.0275996351773545,0.012346247184205,-0.000243932039564215));
#7495=CARTESIAN_POINT('',(0.0283800669488866,0.012162867648653,-0.000344803189129895));
#7496=CARTESIAN_POINT('',(0.0296198847353422,0.0118821232769263,-0.000511775304912308));
#7497=CARTESIAN_POINT('',(0.0311506151015611,0.0115587661488168,-0.000723116766245497));
#7498=CARTESIAN_POINT('',(0.0323584553568394,0.0113245112279187,-0.000891185643562724));
#7499=CARTESIAN_POINT('',(0.0329604742435706,0.0112104780858057,-0.000975805005985845));
#7500=CARTESIAN_POINT('',(0.0188676805094879,0.0141426622299976,0.00367526679490092));
#7501=CARTESIAN_POINT('',(0.019105828648954,0.0140940797145997,0.00333500380819084));
#7502=CARTESIAN_POINT('',(0.0195863159471162,0.0139972582668662,0.00266517350840461));
#7503=CARTESIAN_POINT('',(0.0203242317487584,0.0138530429333604,0.00171020838904407));
#7504=CARTESIAN_POINT('',(0.0210903165064044,0.013708994999478,0.000858268479461528));
#7505=CARTESIAN_POINT('',(0.0216972656555331,0.0135971818001498,0.000373064078286079));
#7506=CARTESIAN_POINT('',(0.0221213134457249,0.0135176980282098,0.000160352896007244));
#7507=CARTESIAN_POINT('',(0.0223374992259944,0.0134768327768946,7.82625779712741E-5));
#7508=CARTESIAN_POINT('',(0.0225211509622682,0.013441712937512,3.07324647534184E-5));
#7509=CARTESIAN_POINT('',(0.0226700562565879,0.0134129192905474,4.3785816866938E-6));
#7510=CARTESIAN_POINT('',(0.0227826656954827,0.0133909601868918,-1.00365407945226E-5));
#7511=CARTESIAN_POINT('',(0.022896136838718,0.0133686294454192,-1.97013731765665E-5));
#7512=CARTESIAN_POINT('',(0.0230484840555572,0.0133383579425017,-2.72172299076684E-5));
#7513=CARTESIAN_POINT('',(0.0232407262019027,0.0132996059370461,-2.8362820845132E-5));
#7514=CARTESIAN_POINT('',(0.0234737450214595,0.0132517156227567,-2.20855499221306E-5));
#7515=CARTESIAN_POINT('',(0.023786792836081,0.0131861188220113,-9.52396945552237E-6));
#7516=CARTESIAN_POINT('',(0.024102335701864,0.0131180593381588,2.67699317552453E-6));
#7517=CARTESIAN_POINT('',(0.0244187616355566,0.0130478451301108,7.9259943714092E-6));
#7518=CARTESIAN_POINT('',(0.024656261043342,0.0129942015982955,7.8743235916944E-6));
#7519=CARTESIAN_POINT('',(0.0248937710431971,0.0129396869856351,3.75569320162179E-6));
#7520=CARTESIAN_POINT('',(0.025131188611298,0.0128844236516085,-4.26090917428563E-6));
#7521=CARTESIAN_POINT('',(0.0253289118294488,0.0128378531645627,-1.39381831510709E-5));
#7522=CARTESIAN_POINT('',(0.0254870010733719,0.0128003501363293,-2.32960462690736E-5));
#7523=CARTESIAN_POINT('',(0.0256055213130579,0.0127721153159964,-3.1074817849924E-5));
#7524=CARTESIAN_POINT('',(0.0257239934120694,0.0127437884470637,-3.95662911010417E-5));
#7525=CARTESIAN_POINT('',(0.0258424162830692,0.0127153847062582,-4.8723378252841E-5));
#7526=CARTESIAN_POINT('',(0.0259607890058145,0.0126869189002884,-5.85000860031056E-5));
#7527=CARTESIAN_POINT('',(0.0261185512396647,0.0126489009420196,-7.2302485283374E-5));
#7528=CARTESIAN_POINT('',(0.0263156239243831,0.0126012942667145,-9.08861869045479E-5));
#7529=CARTESIAN_POINT('',(0.0266306492654585,0.0125250857249562,-0.000123033536813473));
#7530=CARTESIAN_POINT('',(0.0270238509217497,0.0124300014120989,-0.000167026885139676));
#7531=CARTESIAN_POINT('',(0.0276515280120141,0.0122791771484489,-0.000243021999483227));
#7532=CARTESIAN_POINT('',(0.0284329272842238,0.012094562224252,-0.0003449674136835));
#7533=CARTESIAN_POINT('',(0.0296742402209994,0.011811918765315,-0.000513624252497702));
#7534=CARTESIAN_POINT('',(0.0312066805696432,0.0114864380096596,-0.000726558211762345));
#7535=CARTESIAN_POINT('',(0.0324155338192877,0.0112509157986474,-0.00089519271712966));
#7536=CARTESIAN_POINT('',(0.0330180314468039,0.0111362788958383,-0.000980045991989124));
#7537=CARTESIAN_POINT('',(-0.0181762551028665,0.0250174689054573,-0.01));
#7538=CARTESIAN_POINT('',(-0.0181762551028664,0.0250174689054573,-2.25514051876985E-17));
#7539=CARTESIAN_POINT('',(-0.0262664250466159,0.0191396163825326,-1.73472347597681E-18));
#7540=CARTESIAN_POINT('',(-0.0186143369584995,0.0256204368512372,-0.0099999999993432));
#7541=CARTESIAN_POINT('',(-0.0182530240492818,0.0251231322953252,-0.0001964159264544));
#7542=CARTESIAN_POINT('',(-0.0261834755400816,0.0193629232059926,-1.44095031797018E-18));
#7543=CARTESIAN_POINT('',(-0.019475019741001,0.0268050650723329,-0.00986556990614592));
#7544=CARTESIAN_POINT('',(-0.0184381196597233,0.0253778945471412,-0.000524848234413992));
#7545=CARTESIAN_POINT('',(-0.0260328514511222,0.0197774069445819,1.22209176501065E-5));
#7546=CARTESIAN_POINT('',(-0.0211605792105677,0.0291250386521235,-0.00905085482048068));
#7547=CARTESIAN_POINT('',(-0.0188962972041564,0.0260085218356431,-0.000921665918961711));
#7548=CARTESIAN_POINT('',(-0.0257792741816607,0.0205134463982146,8.62859253952461E-5));
#7549=CARTESIAN_POINT('',(-0.0230252625919498,0.0316915551456609,-0.00704025323657081));
#7550=CARTESIAN_POINT('',(-0.0195238178473465,0.0268722299036608,-0.000892003729148117));
#7551=CARTESIAN_POINT('',(-0.0255596732736417,0.0212236822380528,0.000269067887589829));
#7552=CARTESIAN_POINT('',(-0.0245444836592957,0.0337825835559547,-0.00333151584094868));
#7553=CARTESIAN_POINT('',(-0.0200982777598159,0.027662906141225,-0.000135179594052015));
#7554=CARTESIAN_POINT('',(-0.0254206233217356,0.02174046543096,0.000606225832639392));
#7555=CARTESIAN_POINT('',(-0.0248920787011026,0.0342610070871432,-0.000366330012391434));
#7556=CARTESIAN_POINT('',(-0.0202358636046335,0.0278522768105226,0.000643671272595625));
#7557=CARTESIAN_POINT('',(-0.0253931276099833,0.0218522728827903,0.000875788180691939));
#7558=CARTESIAN_POINT('',(-0.0248835687182144,0.0342492941005523,0.00110531483144165));
#7559=CARTESIAN_POINT('',(-0.0202325638784112,0.0278477351270233,0.00102746904571209));
#7560=CARTESIAN_POINT('',(-0.0253938284229635,0.0218494944392059,0.0010095740755856));
#7561=CARTESIAN_POINT('',(-0.026266425046616,0.0191396163825325,-0.01));
#7562=CARTESIAN_POINT('',(-0.0179727060087999,0.0240500917712823,-0.0155599718324526));
#7563=CARTESIAN_POINT('',(-0.0178575589459795,0.0239401131454967,-0.0153696528287917));
#7564=CARTESIAN_POINT('',(-0.0176286855925007,0.0237190252507269,-0.0149854137626314));
#7565=CARTESIAN_POINT('',(-0.0172906277094515,0.0233835029946316,-0.0143866265847756));
#7566=CARTESIAN_POINT('',(-0.016960749836703,0.0230430296679856,-0.0137541713223743));
#7567=CARTESIAN_POINT('',(-0.0166423210187401,0.0226987777538244,-0.013089019534501));
#7568=CARTESIAN_POINT('',(-0.0163393992810415,0.0223575243823169,-0.0123980852483822));
#7569=CARTESIAN_POINT('',(-0.0160981564990961,0.022076866663783,-0.0118111430714813));
#7570=CARTESIAN_POINT('',(-0.0159311862719535,0.0218766073437322,-0.0113981442312558));
#7571=CARTESIAN_POINT('',(-0.0158369345261276,0.0217617375748993,-0.0111611380221821));
#7572=CARTESIAN_POINT('',(-0.0157671024662624,0.0216756573001036,-0.0109827341181316));
#7573=CARTESIAN_POINT('',(-0.0157099073123469,0.0216042371245182,-0.0108334415504677));
#7574=CARTESIAN_POINT('',(-0.015665001469211,0.0215475256648079,-0.0107136163499799));
#7575=CARTESIAN_POINT('',(-0.0156318260419146,0.0215053038842973,-0.0106235522967482));
#7576=CARTESIAN_POINT('',(-0.0155992129737191,0.0214635180494546,-0.0105332960150186));
#7577=CARTESIAN_POINT('',(-0.015567053474227,0.0214223520553872,-0.0104428531585839));
#7578=CARTESIAN_POINT('',(-0.0155347604382721,0.0213821626165293,-0.0103522336208103));
#7579=CARTESIAN_POINT('',(-0.0154902044528095,0.021330478647223,-0.0102311918158006));
#7580=CARTESIAN_POINT('',(-0.0154300441226182,0.0212702156974413,-0.0100795345441163));
#7581=CARTESIAN_POINT('',(-0.0153216368491495,0.0211813084656822,-0.00983654320098901));
#7582=CARTESIAN_POINT('',(-0.0151626124220647,0.0210886572060701,-0.00953265330891931));
#7583=CARTESIAN_POINT('',(-0.0149852190667363,0.0210316411132485,-0.0092297657461141));
#7584=CARTESIAN_POINT('',(-0.0148385984526838,0.0210023941407261,-0.00898883101605391));
#7585=CARTESIAN_POINT('',(-0.0147255336140321,0.0209883470371366,-0.00880883475958647));
#7586=CARTESIAN_POINT('',(-0.0146098076647011,0.0209813218277385,-0.00862959218367919));
#7587=CARTESIAN_POINT('',(-0.0144911068225608,0.0209806485726339,-0.00845115978799876));
#7588=CARTESIAN_POINT('',(-0.0143693940358811,0.0209857144059225,-0.00827360843772159));
#7589=CARTESIAN_POINT('',(-0.0142036250333564,0.0209994830641593,-0.0080381665584982));
#7590=CARTESIAN_POINT('',(-0.0139913417192169,0.0210288043851748,-0.00774658871834402));
#7591=CARTESIAN_POINT('',(-0.0136458036776787,0.0210975260183643,-0.0072874640063151));
#7592=CARTESIAN_POINT('',(-0.0132085037538693,0.0212173871330913,-0.00672985322378162));
#7593=CARTESIAN_POINT('',(-0.0126887556869107,0.0213953039869896,-0.00608855847556808));
#7594=CARTESIAN_POINT('',(-0.0121788223342441,0.021591576901068,-0.00547211305549023));
#7595=CARTESIAN_POINT('',(-0.0118434918736084,0.0217281872655052,-0.00507289071295849));
#7596=CARTESIAN_POINT('',(-0.011676420596097,0.0217973970628377,-0.00487501724891012));
#7597=CARTESIAN_POINT('',(-0.0179755113116119,0.0240588249053305,-0.0155186920949083));
#7598=CARTESIAN_POINT('',(-0.0178603845629358,0.023948841164555,-0.0153285254513918));
#7599=CARTESIAN_POINT('',(-0.0176315570252823,0.0237277408199906,-0.0149446111492091));
#7600=CARTESIAN_POINT('',(-0.0172936356311895,0.0233921787968434,-0.0143463997080998));
#7601=CARTESIAN_POINT('',(-0.0169639709744445,0.0230516355872767,-0.0137144800539759));
#7602=CARTESIAN_POINT('',(-0.0166457634107537,0.0227072225077299,-0.0130499919009726));
#7603=CARTESIAN_POINT('',(-0.0163430513143779,0.0223657190000927,-0.0123598956034393));
#7604=CARTESIAN_POINT('',(-0.0161020926695849,0.0220849630184531,-0.0117737285207212));
#7605=CARTESIAN_POINT('',(-0.015935289704523,0.0218844745833999,-0.0113612685762445));
#7606=CARTESIAN_POINT('',(-0.0158411381301597,0.0217694296126879,-0.0111245485910312));
#7607=CARTESIAN_POINT('',(-0.0157713857812255,0.0216831964978755,-0.0109463464043187));
#7608=CARTESIAN_POINT('',(-0.0157142547486098,0.0216116207090701,-0.0107972121483881));
#7609=CARTESIAN_POINT('',(-0.0156693952929602,0.0215547503001239,-0.0106775099431826));
#7610=CARTESIAN_POINT('',(-0.015636257653563,0.021512387006964,-0.010587537109779));
#7611=CARTESIAN_POINT('',(-0.0156037072160455,0.0214704308476209,-0.0104973717593942));
#7612=CARTESIAN_POINT('',(-0.0155716950403827,0.0214290393438243,-0.0104070202099585));
#7613=CARTESIAN_POINT('',(-0.0155396950134771,0.0213885616729107,-0.0103164928623158));
#7614=CARTESIAN_POINT('',(-0.0154956109949526,0.0213364699653926,-0.0101955764907443));
#7615=CARTESIAN_POINT('',(-0.0154360596777596,0.0212756920388214,-0.0100440818394072));
#7616=CARTESIAN_POINT('',(-0.0153282619683324,0.0211857606805242,-0.00980137892980451));
#7617=CARTESIAN_POINT('',(-0.0151707166588121,0.0210925460542485,-0.00949784954366468));
#7618=CARTESIAN_POINT('',(-0.014994943107052,0.0210344058614031,-0.0091953053700296));
#7619=CARTESIAN_POINT('',(-0.0148486387612322,0.0210045804919432,-0.00895462135226162));
#7620=CARTESIAN_POINT('',(-0.0147358238784321,0.0209900924087175,-0.00877481315371088));
#7621=CARTESIAN_POINT('',(-0.0146202818674031,0.0209826933603243,-0.00859576017036238));
#7622=CARTESIAN_POINT('',(-0.0145017067300237,0.0209816883384441,-0.00841752064273283));
#7623=CARTESIAN_POINT('',(-0.014380069313625,0.0209864665603775,-0.00824016457587667));
#7624=CARTESIAN_POINT('',(-0.0142143817910333,0.0209999068894747,-0.0080049841961489));
#7625=CARTESIAN_POINT('',(-0.0140022121503209,0.021028911486677,-0.00771373519247719));
#7626=CARTESIAN_POINT('',(-0.0136568547426885,0.0210972746512041,-0.00725514403992901));
#7627=CARTESIAN_POINT('',(-0.013219678180033,0.0212168976100253,-0.00669818767914361));
#7628=CARTESIAN_POINT('',(-0.0127000880994125,0.0213946972873712,-0.00605755902671006));
#7629=CARTESIAN_POINT('',(-0.0121903372758067,0.021590940831084,-0.00544166181213889));
#7630=CARTESIAN_POINT('',(-0.0118551022879873,0.0217275691066208,-0.00504273488288936));
#7631=CARTESIAN_POINT('',(-0.0116880764089449,0.0217967909462516,-0.00484500578738926));
#7632=CARTESIAN_POINT('',(-0.0179811093611818,0.0240762917271755,-0.0154360872988874));
#7633=CARTESIAN_POINT('',(-0.0178660230781877,0.0239662978271817,-0.0152462256356547));
#7634=CARTESIAN_POINT('',(-0.0176372879867149,0.0237451713759454,-0.0148629686376297));
#7635=CARTESIAN_POINT('',(-0.0172996442258125,0.023409526634687,-0.0142659234529875));
#7636=CARTESIAN_POINT('',(-0.0169704157229253,0.0230688409150153,-0.0136350729159136));
#7637=CARTESIAN_POINT('',(-0.0166526639719256,0.0227241044101944,-0.0129719139381456));
#7638=CARTESIAN_POINT('',(-0.0163503753460549,0.0223820819695892,-0.0122835077037133));
#7639=CARTESIAN_POINT('',(-0.0161099959759522,0.0221011198938134,-0.0116989055445944));
#7640=CARTESIAN_POINT('',(-0.0159435333467454,0.0219001605526019,-0.0112875323704902));
#7641=CARTESIAN_POINT('',(-0.0158495851399005,0.0217847580056311,-0.011051387713512));
#7642=CARTESIAN_POINT('',(-0.0157799943768707,0.0216982167494635,-0.010873590457324));
#7643=CARTESIAN_POINT('',(-0.0157229945699471,0.0216263337261721,-0.0107247736430957));
#7644=CARTESIAN_POINT('',(-0.0156782180311449,0.0215691540577243,-0.0106053179641601));
#7645=CARTESIAN_POINT('',(-0.0156451382299779,0.021526516994328,-0.0105155279707796));
#7646=CARTESIAN_POINT('',(-0.0156126553349458,0.0214842417451938,-0.0104255450684829));
#7647=CARTESIAN_POINT('',(-0.0155808745413859,0.0214424191767817,-0.01033537676154));
#7648=CARTESIAN_POINT('',(-0.0155494098107667,0.0214013427658255,-0.0102450348608847));
#7649=CARTESIAN_POINT('',(-0.0155062718095619,0.0213484374595003,-0.0101243701072001));
#7650=CARTESIAN_POINT('',(-0.0154478030336211,0.0212866181043364,-0.00997320237161262));
#7651=CARTESIAN_POINT('',(-0.0153414962761504,0.0211948373694275,-0.00973107017310877));
#7652=CARTESIAN_POINT('',(-0.0151869760183859,0.0211003942741872,-0.00942825385821507));
#7653=CARTESIAN_POINT('',(-0.0150141967029957,0.0210400183152859,-0.00912639434656941));
#7654=CARTESIAN_POINT('',(-0.0148685643772814,0.0210089782921107,-0.00888621046930171));
#7655=CARTESIAN_POINT('',(-0.0147562711216247,0.0209935919384879,-0.00870677925236088));
#7656=CARTESIAN_POINT('',(-0.0146411289513565,0.0209854348892076,-0.00852810627041137));
#7657=CARTESIAN_POINT('',(-0.0145228222791017,0.0209837580390287,-0.00835025423796637));
#7658=CARTESIAN_POINT('',(-0.0144013505030227,0.020987955220992,-0.00817329050580777));
#7659=CARTESIAN_POINT('',(-0.0142358468631753,0.0210007340119239,-0.00793863527884624));
#7660=CARTESIAN_POINT('',(-0.0140239317753783,0.0210291021679117,-0.00764804676056471));
#7661=CARTESIAN_POINT('',(-0.0136789581574731,0.0210967460534745,-0.00719052868878917));
#7662=CARTESIAN_POINT('',(-0.0132420286609374,0.0212158947051431,-0.00663488679767664));
#7663=CARTESIAN_POINT('',(-0.0127227588176843,0.0213934636009367,-0.00599559399043017));
#7664=CARTESIAN_POINT('',(-0.0122133775610969,0.021589651745709,-0.00538079936912134));
#7665=CARTESIAN_POINT('',(-0.0118783351488893,0.0217263179728949,-0.00498246873891848));
#7666=CARTESIAN_POINT('',(-0.0117114001997078,0.0217955643246828,-0.00478502906253165));
#7667=CARTESIAN_POINT('',(-0.0179894683668551,0.0241024937428555,-0.015312041457627));
#7668=CARTESIAN_POINT('',(-0.0178744420634304,0.0239924849814759,-0.0151226387887753));
#7669=CARTESIAN_POINT('',(-0.0176458481722752,0.0237713153694315,-0.0147403914203559));
#7670=CARTESIAN_POINT('',(-0.0173086349330937,0.0234355371091757,-0.014145142013879));
#7671=CARTESIAN_POINT('',(-0.0169800900014539,0.0230946287188914,-0.0135158872939035));
#7672=CARTESIAN_POINT('',(-0.0166630633363586,0.0227494054937202,-0.0128547275099474));
#7673=CARTESIAN_POINT('',(-0.01636142144498,0.0224065461864022,-0.0121688996342795));
#7674=CARTESIAN_POINT('',(-0.016121944738799,0.0221252471583176,-0.0115866896481431));
#7675=CARTESIAN_POINT('',(-0.0159560108239481,0.0219235424874422,-0.0111769747463623));
#7676=CARTESIAN_POINT('',(-0.0158623759876291,0.0218075806675367,-0.0109417013183191));
#7677=CARTESIAN_POINT('',(-0.0157930355005515,0.021720564615663,-0.0107645157827799));
#7678=CARTESIAN_POINT('',(-0.015736244134597,0.0216482322621398,-0.010616177582631));
#7679=CARTESIAN_POINT('',(-0.0156915933219979,0.0215906098091918,-0.0104970931701302));
#7680=CARTESIAN_POINT('',(-0.0156585663185563,0.0215475873061511,-0.0104075783547731));
#7681=CARTESIAN_POINT('',(-0.0156261024139017,0.0215048683984023,-0.0103178704342249));
#7682=CARTESIAN_POINT('',(-0.0155942916625698,0.0214625685276609,-0.0102279793226356));
#7683=CARTESIAN_POINT('',(-0.0155634357148033,0.0214205952647415,-0.0101379179049006));
#7684=CARTESIAN_POINT('',(-0.0155218159885823,0.0213661568034776,-0.0100176361785015));
#7685=CARTESIAN_POINT('',(-0.0154644425918777,0.0213029884664605,-0.00986696543374455));
#7686=CARTESIAN_POINT('',(-0.0153612331466074,0.0212089417689243,-0.0096256615266649));
#7687=CARTESIAN_POINT('',(-0.0152114888436954,0.0211123907293824,-0.00932389816024551));
#7688=CARTESIAN_POINT('',(-0.0150424242987402,0.0210487088296773,-0.00902305451694464));
#7689=CARTESIAN_POINT('',(-0.0148979711820643,0.0210156263315077,-0.00878361989096864));
#7690=CARTESIAN_POINT('',(-0.0147865460016418,0.0209988679991018,-0.00860475613735897));
#7691=CARTESIAN_POINT('',(-0.0146720969799858,0.020989539594635,-0.00842665559657485));
#7692=CARTESIAN_POINT('',(-0.0145542438422236,0.02098683130859,-0.00824939071635413));
#7693=CARTESIAN_POINT('',(-0.0144330600488747,0.020990138965461,-0.00807302093283787));
#7694=CARTESIAN_POINT('',(-0.0142678991014087,0.0210019119031589,-0.00783915969416081));
#7695=CARTESIAN_POINT('',(-0.0140564503698776,0.0210293165016829,-0.00754957041411138));
#7696=CARTESIAN_POINT('',(-0.0137121190029197,0.0210958743651803,-0.00709368043797531));
#7697=CARTESIAN_POINT('',(-0.0132755587794093,0.0212143180331511,-0.00654002724940667));
#7698=CARTESIAN_POINT('',(-0.0127567829116067,0.0213915515062431,-0.00590274885509613));
#7699=CARTESIAN_POINT('',(-0.0122479695602172,0.0215876668597727,-0.00528962714908661));
#7700=CARTESIAN_POINT('',(-0.0119132210460822,0.021724396224743,-0.00489220743294068));
#7701=CARTESIAN_POINT('',(-0.011746423066562,0.0217936814509371,-0.00469520536210808));
#7702=CARTESIAN_POINT('',(-0.0179977879595864,0.0241286980151104,-0.0151878502852175));
#7703=CARTESIAN_POINT('',(-0.0178828206265816,0.0240186749704139,-0.0149989092262082));
#7704=CARTESIAN_POINT('',(-0.0176543704834767,0.0237974574050734,-0.0146176963691905));
#7705=CARTESIAN_POINT('',(-0.0173176022629719,0.0234615361465462,-0.014024294344025));
#7706=CARTESIAN_POINT('',(-0.0169897707855499,0.0231203946637616,-0.0133966237847158));
#7707=CARTESIAN_POINT('',(-0.0166735142140759,0.0227746867902429,-0.012737467737308));
#7708=CARTESIAN_POINT('',(-0.0163725291412332,0.0224309278550439,-0.0120542640522423));
#7709=CARTESIAN_POINT('',(-0.0161339893541881,0.0221492631940824,-0.0114744933340188));
#7710=CARTESIAN_POINT('',(-0.0159686048596357,0.0219467725298552,-0.0110664676060856));
#7711=CARTESIAN_POINT('',(-0.0158752924254668,0.021830225749695,-0.0108320717781616));
#7712=CARTESIAN_POINT('',(-0.0158062106553779,0.0217427137625332,-0.0106555020015449));
#7713=CARTESIAN_POINT('',(-0.0157496444584488,0.0216699296996509,-0.0105076449875464));
#7714=CARTESIAN_POINT('',(-0.0157051540521103,0.0216118876214925,-0.0103889333289564));
#7715=CARTESIAN_POINT('',(-0.0156722130068158,0.0215684927032455,-0.0102996946335176));
#7716=CARTESIAN_POINT('',(-0.0156397760375157,0.0215253514910792,-0.0102102616345905));
#7717=CARTESIAN_POINT('',(-0.0156078984204072,0.0214826145017762,-0.0101206490921553));
#7718=CARTESIAN_POINT('',(-0.0155767234564714,0.0214402496259612,-0.0100308710949117));
#7719=CARTESIAN_POINT('',(-0.0155367249869293,0.0213839399870371,-0.00991097875394664));
#7720=CARTESIAN_POINT('',(-0.0154806052597343,0.0213194323123809,-0.00976080905880666));
#7721=CARTESIAN_POINT('',(-0.0153806029571606,0.0212234524426353,-0.00952030756323037));
#7722=CARTESIAN_POINT('',(-0.0152357999428185,0.0211245265688048,-0.00921958548233492));
#7723=CARTESIAN_POINT('',(-0.0150698562678744,0.0210576392576386,-0.00891973554657459));
#7724=CARTESIAN_POINT('',(-0.0149268905395246,0.0210222956681441,-0.0086810575465714));
#7725=CARTESIAN_POINT('',(-0.0148164253779111,0.0210041688052874,-0.00850275947266295));
#7726=CARTESIAN_POINT('',(-0.0147027678128952,0.0209936293554933,-0.00832523567498195));
#7727=CARTESIAN_POINT('',(-0.014585408992605,0.020989868359867,-0.00814856451559474));
#7728=CARTESIAN_POINT('',(-0.0144645496759482,0.0209922677025084,-0.00797279449224612));
#7729=CARTESIAN_POINT('',(-0.0142998079802483,0.021003024039918,-0.00773973296619477));
#7730=CARTESIAN_POINT('',(-0.0140889165757448,0.0210294559450882,-0.00745115192816079));
#7731=CARTESIAN_POINT('',(-0.0137452902536867,0.0210949206332572,-0.00699691004802158));
#7732=CARTESIAN_POINT('',(-0.0133090923866268,0.021212666789917,-0.00644526259534395));
#7733=CARTESIAN_POINT('',(-0.0127908259287719,0.0213895759325323,-0.00581000870074774));
#7734=CARTESIAN_POINT('',(-0.0122825941873285,0.0215856292257516,-0.00519857986802359));
#7735=CARTESIAN_POINT('',(-0.0119481449694713,0.0217224281381441,-0.00480208842369118));
#7736=CARTESIAN_POINT('',(-0.0117814847860207,0.0217917556426928,-0.00460552977595175));
#7737=CARTESIAN_POINT('',(-0.0180088251126378,0.0241636411995588,-0.0150220557740214));
#7738=CARTESIAN_POINT('',(-0.017893934874784,0.0240536000400644,-0.0148337346932306));
#7739=CARTESIAN_POINT('',(-0.0176656796460701,0.0238323107289745,-0.0144539367563388));
#7740=CARTESIAN_POINT('',(-0.0173295250883618,0.023496185645614,-0.0138630767515146));
#7741=CARTESIAN_POINT('',(-0.0170026860507822,0.0231547167862895,-0.0132374959898396));
#7742=CARTESIAN_POINT('',(-0.0166875227686584,0.0228083710296333,-0.0125810157972914));
#7743=CARTESIAN_POINT('',(-0.016387427363926,0.0224633252689164,-0.0119013768190389));
#7744=CARTESIAN_POINT('',(-0.0161501795990374,0.0221811267502125,-0.0113249274639207));
#7745=CARTESIAN_POINT('',(-0.0159855620164714,0.0219775306979988,-0.0109191997463566));
#7746=CARTESIAN_POINT('',(-0.0158926966465841,0.0218601694274661,-0.0106859770653107));
#7747=CARTESIAN_POINT('',(-0.0158239724073304,0.0217719582198595,-0.0105102335574031));
#7748=CARTESIAN_POINT('',(-0.0157677243035086,0.0216985330225506,-0.0103630213234401));
#7749=CARTESIAN_POINT('',(-0.0157234911031309,0.0216399462578559,-0.0102448106320124));
#7750=CARTESIAN_POINT('',(-0.0156907513157303,0.0215960979324872,-0.0101559410434445));
#7751=CARTESIAN_POINT('',(-0.0156584621492946,0.0215524011744066,-0.0100668761764069));
#7752=CARTESIAN_POINT('',(-0.0156267751437348,0.0215090543851111,-0.00997763160518855));
#7753=CARTESIAN_POINT('',(-0.0155956120247828,0.0214660161308451,-0.00988823180217063));
#7754=CARTESIAN_POINT('',(-0.0155551973429089,0.0214088625172452,-0.00976886153493041));
#7755=CARTESIAN_POINT('',(-0.015502059632124,0.0213414342064022,-0.00961936569513661));
#7756=CARTESIAN_POINT('',(-0.0154058044490489,0.021243268245112,-0.00937991809182594));
#7757=CARTESIAN_POINT('',(-0.0152675193883148,0.0211407873568709,-0.00908055559394296));
#7758=CARTESIAN_POINT('',(-0.0151052656908837,0.0210696478704484,-0.00878201034039781));
#7759=CARTESIAN_POINT('',(-0.0149648410995962,0.0210312523790395,-0.00854434458300807));
#7760=CARTESIAN_POINT('',(-0.0148557204425084,0.0210112424027057,-0.00836679942543103));
#7761=CARTESIAN_POINT('',(-0.01474328245458,0.0209990602880245,-0.00819005236187825));
#7762=CARTESIAN_POINT('',(-0.0146265931245433,0.0209938543352544,-0.00801418279069793));
#7763=CARTESIAN_POINT('',(-0.0145062372241861,0.0209950249082699,-0.00783921995264076));
#7764=CARTESIAN_POINT('',(-0.0143421704094911,0.0210044130195052,-0.00760723153100583));
#7765=CARTESIAN_POINT('',(-0.0141321541728602,0.0210295358376376,-0.00732000838272389));
#7766=CARTESIAN_POINT('',(-0.013789540512708,0.0210935328000367,-0.00686799348624484));
#7767=CARTESIAN_POINT('',(-0.0133538077280246,0.0212103608879706,-0.00631904256969667));
#7768=CARTESIAN_POINT('',(-0.0128362435842629,0.0213868531178406,-0.00568650072753919));
#7769=CARTESIAN_POINT('',(-0.0123288061901823,0.021582838663334,-0.00507735727791152));
#7770=CARTESIAN_POINT('',(-0.0119947636880569,0.021719739846848,-0.00468212898366795));
#7771=CARTESIAN_POINT('',(-0.0118282885932751,0.0217891298326502,-0.00448617220676111));
#7772=CARTESIAN_POINT('',(-0.0180225091722419,0.0242073310064422,-0.0148143976006583));
#7773=CARTESIAN_POINT('',(-0.0179077125144151,0.0240972691771106,-0.0146268606939307));
#7774=CARTESIAN_POINT('',(-0.0176797066037334,0.0238758720658367,-0.0142489029074434));
#7775=CARTESIAN_POINT('',(-0.0173443596291479,0.0235394655417512,-0.0136613918331564));
#7776=CARTESIAN_POINT('',(-0.0170188420840949,0.0231975504705991,-0.0130383660622218));
#7777=CARTESIAN_POINT('',(-0.0167051834567489,0.0228504319394511,-0.0123852348605736));
#7778=CARTESIAN_POINT('',(-0.0164062357728607,0.0225036173137639,-0.011710183960794));
#7779=CARTESIAN_POINT('',(-0.016170667417206,0.0222206308524645,-0.011138035819222));
#7780=CARTESIAN_POINT('',(-0.0160070918077014,0.0220155358132745,-0.0107352721832275));
#7781=CARTESIAN_POINT('',(-0.015914838435824,0.0218971035180102,-0.0105035085420035));
#7782=CARTESIAN_POINT('',(-0.015846596517625,0.0218079458236615,-0.0103287999532315));
#7783=CARTESIAN_POINT('',(-0.0157907596939305,0.0217335782725429,-0.0101824102297035));
#7784=CARTESIAN_POINT('',(-0.0157468720413141,0.021674222160274,-0.010064827867245));
#7785=CARTESIAN_POINT('',(-0.0157144002327815,0.0216298150328201,-0.00997642985967387));
#7786=CARTESIAN_POINT('',(-0.0156825025234854,0.0215856204065939,-0.00988783001495432));
#7787=CARTESIAN_POINT('',(-0.0156512283339537,0.0215415346465958,-0.00979905349782898));
#7788=CARTESIAN_POINT('',(-0.0156205497761077,0.0214975569007816,-0.00971012839062048));
#7789=CARTESIAN_POINT('',(-0.0155797480114807,0.0214397673153473,-0.00959139653384354));
#7790=CARTESIAN_POINT('',(-0.0155280210540505,0.0213700015809002,-0.00944273418966969));
#7791=CARTESIAN_POINT('',(-0.0154368415099955,0.0212682469337282,-0.00920459994186301));
#7792=CARTESIAN_POINT('',(-0.0153049780405098,0.0211613531345201,-0.00890687356533425));
#7793=CARTESIAN_POINT('',(-0.0151479803953353,0.0210847618224067,-0.00860992403112153));
#7794=CARTESIAN_POINT('',(-0.0150109659857838,0.0210425963348845,-0.00837351410573184));
#7795=CARTESIAN_POINT('',(-0.0149039464570745,0.0210200811240303,-0.00819692698414741));
#7796=CARTESIAN_POINT('',(-0.0147931514202454,0.0210057899933965,-0.00802116225080285));
#7797=CARTESIAN_POINT('',(-0.0146773205491817,0.0209986867502659,-0.00784631642485734));
#7798=CARTESIAN_POINT('',(-0.0145577920985784,0.020998307010838,-0.0076723730285074));
#7799=CARTESIAN_POINT('',(-0.0143948171097389,0.0210059600463259,-0.0074417380616025));
#7800=CARTESIAN_POINT('',(-0.0141861554517599,0.0210294220874022,-0.00715624257308689));
#7801=CARTESIAN_POINT('',(-0.0138449107492662,0.0210915636900813,-0.00670707295310354));
#7802=CARTESIAN_POINT('',(-0.0134097091896017,0.0212072708029181,-0.00616153185169701));
#7803=CARTESIAN_POINT('',(-0.0128930704538614,0.0213832729257628,-0.00553240287225201));
#7804=CARTESIAN_POINT('',(-0.0123866629352897,0.0215792034926496,-0.00492617282225333));
#7805=CARTESIAN_POINT('',(-0.0120531438261824,0.0217162533246863,-0.00453257656376028));
#7806=CARTESIAN_POINT('',(-0.0118869027719811,0.0217857353652079,-0.0043373967372529));
#7807=CARTESIAN_POINT('',(-0.0180441162613425,0.0242772756442177,-0.0144811222746201));
#7808=CARTESIAN_POINT('',(-0.0179294660837836,0.0241671863735057,-0.014294848063315));
#7809=CARTESIAN_POINT('',(-0.0177018719526367,0.0239455598041442,-0.0139200068164754));
#7810=CARTESIAN_POINT('',(-0.0173679130524116,0.0236086235637368,-0.0133383450215551));
#7811=CARTESIAN_POINT('',(-0.0170447130045481,0.0232658991922187,-0.0127192071881236));
#7812=CARTESIAN_POINT('',(-0.016733798532041,0.0229175856751203,-0.0120714411946024));
#7813=CARTESIAN_POINT('',(-0.0164369017398141,0.02256775453404,-0.0114040249844113));
#7814=CARTESIAN_POINT('',(-0.0162039900608499,0.0222829140416037,-0.0108392449305282));
#7815=CARTESIAN_POINT('',(-0.016042384688645,0.0220751486436712,-0.0104413977370126));
#7816=CARTESIAN_POINT('',(-0.0159513226865837,0.021954865486977,-0.0102118111028881));
#7817=CARTESIAN_POINT('',(-0.0158841786640852,0.0218642962051822,-0.0100388877402224));
#7818=CARTESIAN_POINT('',(-0.0158290680770875,0.0217881196964504,-0.00989372160803971));
#7819=CARTESIAN_POINT('',(-0.015785895805329,0.0217271099089043,-0.00977718147246885));
#7820=CARTESIAN_POINT('',(-0.0157541236085616,0.0216815077208578,-0.00968955429291356));
#7821=CARTESIAN_POINT('',(-0.0157229900794714,0.0216360794979908,-0.00960172526101351));
#7822=CARTESIAN_POINT('',(-0.0156924082990121,0.0215908938071474,-0.00951372125500857));
#7823=CARTESIAN_POINT('',(-0.0156621704071462,0.021546078744598,-0.00942557082332717));
#7824=CARTESIAN_POINT('',(-0.0156220836943604,0.0214869790561968,-0.00930787853679464));
#7825=CARTESIAN_POINT('',(-0.0155713572394838,0.0214152608943857,-0.00916052707298379));
#7826=CARTESIAN_POINT('',(-0.0154852463687017,0.0213084097678782,-0.00892449404178031));
#7827=CARTESIAN_POINT('',(-0.0153619441544672,0.021194097676558,-0.0086293227693178));
#7828=CARTESIAN_POINT('',(-0.0152133846970084,0.0211095180160734,-0.00833488783820793));
#7829=CARTESIAN_POINT('',(-0.0150822863168932,0.0210610799055623,-0.00810047326400169));
#7830=CARTESIAN_POINT('',(-0.014978936509356,0.0210342880221436,-0.00792539825380569));
#7831=CARTESIAN_POINT('',(-0.0148705891666975,0.0210162341642026,-0.00775121918544429));
#7832=CARTESIAN_POINT('',(-0.0147569732135864,0.0210060850663868,-0.00757801834512592));
#7833=CARTESIAN_POINT('',(-0.0146393169705721,0.0210031952454211,-0.00740571423781079));
#7834=CARTESIAN_POINT('',(-0.014478716967307,0.0210079651712107,-0.00717728785279343));
#7835=CARTESIAN_POINT('',(-0.0142727464482603,0.0210287084825101,-0.00689464479385588));
#7836=CARTESIAN_POINT('',(-0.0139336761335146,0.0210878223527093,-0.00645018894170828));
#7837=CARTESIAN_POINT('',(-0.0134991869542195,0.021201813849311,-0.00591015870648751));
#7838=CARTESIAN_POINT('',(-0.012984131207401,0.0213771065906666,-0.00528654100343366));
#7839=CARTESIAN_POINT('',(-0.0124794632165077,0.0215730237239608,-0.00468511227820125));
#7840=CARTESIAN_POINT('',(-0.0121468119830525,0.0217103703773899,-0.00429426427494703));
#7841=CARTESIAN_POINT('',(-0.0119809472345965,0.0217800394072038,-0.00410039635022572));
#7842=CARTESIAN_POINT('',(-0.01807046479272,0.0243648281012264,-0.0140622969695453));
#7843=CARTESIAN_POINT('',(-0.0179560060073243,0.0242547139209381,-0.0138776617104886));
#7844=CARTESIAN_POINT('',(-0.0177289664923191,0.0240326729564188,-0.0135069140929308));
#7845=CARTESIAN_POINT('',(-0.0173969242795575,0.0236948014009635,-0.0129339373945949));
#7846=CARTESIAN_POINT('',(-0.0170771134866742,0.0233509484120459,-0.0123189050397084));
#7847=CARTESIAN_POINT('',(-0.0167702458004962,0.0230009233105762,-0.0116782480601907));
#7848=CARTESIAN_POINT('',(-0.0164768847209347,0.0226478301405307,-0.0110202721145658));
#7849=CARTESIAN_POINT('',(-0.0162467356935889,0.0223583252475575,-0.0104671373783607));
#7850=CARTESIAN_POINT('',(-0.016088342170678,0.0221467852228044,-0.010074054449514));
#7851=CARTESIAN_POINT('',(-0.0159993279433579,0.0220235144378131,-0.00984812930613145));
#7852=CARTESIAN_POINT('',(-0.0159343720056001,0.0219309636911174,-0.0096770058485352));
#7853=CARTESIAN_POINT('',(-0.0158812729836169,0.0218527226566734,-0.00953345931737935));
#7854=CARTESIAN_POINT('',(-0.0158396342381706,0.0217898286427152,-0.00941818160180005));
#7855=CARTESIAN_POINT('',(-0.0158088531783468,0.0217426433652909,-0.00933153680426546));
#7856=CARTESIAN_POINT('',(-0.0157785180392855,0.0216956303792078,-0.00924471919141995));
#7857=CARTESIAN_POINT('',(-0.0157485737377115,0.0216489434335816,-0.0091577432564253));
#7858=CARTESIAN_POINT('',(-0.01571890516433,0.0216027362204195,-0.0090706264852661));
#7859=CARTESIAN_POINT('',(-0.015679409105956,0.0215420448443513,-0.00895430906568766));
#7860=CARTESIAN_POINT('',(-0.0156296546210678,0.0214682947411656,-0.00880866104527004));
#7861=CARTESIAN_POINT('',(-0.0155462453971168,0.0213570782126828,-0.00857530041328465));
#7862=CARTESIAN_POINT('',(-0.0154301130795229,0.0212346371083421,-0.00828335602707805));
#7863=CARTESIAN_POINT('',(-0.0152912236989027,0.0211409406282174,-0.00799206030509096));
#7864=CARTESIAN_POINT('',(-0.0151673131461529,0.0210849228218412,-0.00776010199379406));
#7865=CARTESIAN_POINT('',(-0.0150685534876087,0.0210524308143156,-0.0075868478190196));
#7866=CARTESIAN_POINT('',(-0.0149646390205086,0.0210293458772705,-0.00741446812219002));
#7867=CARTESIAN_POINT('',(-0.0148551484077149,0.021014971386901,-0.00724318677348426));
#7868=CARTESIAN_POINT('',(-0.0147406753148076,0.0210085318093766,-0.00707303426374083));
#7869=CARTESIAN_POINT('',(-0.0145836547264035,0.0210095973695593,-0.00684768124216495));
#7870=CARTESIAN_POINT('',(-0.0143821520391448,0.0210265691138683,-0.00656860648951932));
#7871=CARTESIAN_POINT('',(-0.0140448268082684,0.0210818763322313,-0.00613051173288414));
#7872=CARTESIAN_POINT('',(-0.0136112824077645,0.021193835127006,-0.0055972953477811));
#7873=CARTESIAN_POINT('',(-0.0130982049119796,0.021368437478198,-0.00498073496739338));
#7874=CARTESIAN_POINT('',(-0.012596018527189,0.021564488356624,-0.00438557926460088));
#7875=CARTESIAN_POINT('',(-0.0122644236318548,0.0217023514026298,-0.00399847557447509));
#7876=CARTESIAN_POINT('',(-0.0120990433632852,0.0217723530151422,-0.00380640182905891));
#7877=CARTESIAN_POINT('',(-0.0181105847473071,0.0245053738598636,-0.0133866020984932));
#7878=CARTESIAN_POINT('',(-0.0179964337552698,0.0243952314888793,-0.0132036536225891));
#7879=CARTESIAN_POINT('',(-0.0177706486725434,0.0241724108881789,-0.0128401592488325));
#7880=CARTESIAN_POINT('',(-0.0174420716481591,0.0238312105863736,-0.0122849624564516));
#7881=CARTESIAN_POINT('',(-0.0171291264938784,0.0234859756675015,-0.0116753247207318));
#7882=CARTESIAN_POINT('',(-0.0168301944023897,0.0231305998151668,-0.0110450775076923));
#7883=CARTESIAN_POINT('',(-0.0165463243412611,0.0227766230286915,-0.0104070727214002));
#7884=CARTESIAN_POINT('',(-0.0163213440669446,0.0224739382465764,-0.00987137740467238));
#7885=CARTESIAN_POINT('',(-0.0161687754924026,0.0222514817042907,-0.00948885756495751));
#7886=CARTESIAN_POINT('',(-0.0160845975945119,0.0221221755505243,-0.00926627799553184));
#7887=CARTESIAN_POINT('',(-0.0160231190262871,0.0220243540682596,-0.00909856918171334));
#7888=CARTESIAN_POINT('',(-0.0159733366258852,0.0219426946432488,-0.0089580733222964));
#7889=CARTESIAN_POINT('',(-0.0159341447830985,0.021877392599208,-0.00884526856247192));
#7890=CARTESIAN_POINT('',(-0.0159050137622943,0.0218285127279093,-0.00876047038029571));
#7891=CARTESIAN_POINT('',(-0.015876077835614,0.021779824211576,-0.00867549591551329));
#7892=CARTESIAN_POINT('',(-0.0158472533319267,0.0217314647721283,-0.00859036228184264));
#7893=CARTESIAN_POINT('',(-0.015818437889246,0.0216835911577077,-0.00850508500396133));
#7894=CARTESIAN_POINT('',(-0.0157799065281933,0.0216205989236153,-0.00839121016394317));
#7895=CARTESIAN_POINT('',(-0.0157311649613404,0.0215438875931588,-0.00824858072469259));
#7896=CARTESIAN_POINT('',(-0.0156504359427331,0.0214271685469354,-0.00801992670916878));
#7897=CARTESIAN_POINT('',(-0.0155412211562144,0.02129559166454,-0.00773360058449811));
#7898=CARTESIAN_POINT('',(-0.0154148274306133,0.0211898883394806,-0.00744756611001867));
#7899=CARTESIAN_POINT('',(-0.0153023003941255,0.0211233397933244,-0.00721960252386229));
#7900=CARTESIAN_POINT('',(-0.0152122056161617,0.0210827155372563,-0.00704926805635231));
#7901=CARTESIAN_POINT('',(-0.0151161934957932,0.0210513529071642,-0.00687981074451382));
#7902=CARTESIAN_POINT('',(-0.0150144579836953,0.0210291780678924,-0.00671142706950938));
#7903=CARTESIAN_POINT('',(-0.0149070223617591,0.0210159277458176,-0.00654431580946801));
#7904=CARTESIAN_POINT('',(-0.0147569431651584,0.0210092287139145,-0.00632340021146579));
#7905=CARTESIAN_POINT('',(-0.0145581277476781,0.0210196608392922,-0.00605111574628125));
#7906=CARTESIAN_POINT('',(-0.0142244731620061,0.0210687251085233,-0.00562311854000077));
#7907=CARTESIAN_POINT('',(-0.0137908816758349,0.0211775305382865,-0.00510057529561725));
#7908=CARTESIAN_POINT('',(-0.0132818987942222,0.0213517778465506,-0.00449580558326111));
#7909=CARTESIAN_POINT('',(-0.0127839525212966,0.0215482681451875,-0.00391129379829607));
#7910=CARTESIAN_POINT('',(-0.0124538340602846,0.021687657811441,-0.00353114129212028));
#7911=CARTESIAN_POINT('',(-0.0122892931221906,0.0217583561380595,-0.00334221501272493));
#7912=CARTESIAN_POINT('',(-0.0181551265192469,0.0246829305168405,-0.0125341854316199));
#7913=CARTESIAN_POINT('',(-0.0180420278414229,0.024572196860831,-0.0123529163898694));
#7914=CARTESIAN_POINT('',(-0.0178188320033601,0.0243469922202496,-0.011976597890135));
#7915=CARTESIAN_POINT('',(-0.0174965021439242,0.0239997057380462,-0.0114790523490893));
#7916=CARTESIAN_POINT('',(-0.0171937970576935,0.0236454775950807,-0.0108572840150317));
#7917=CARTESIAN_POINT('',(-0.0169102223674831,0.0232889734121755,-0.0102467756483193));
#7918=CARTESIAN_POINT('',(-0.0166426567288974,0.0229223181999112,-0.00965184532864408));
#7919=CARTESIAN_POINT('',(-0.016432917026386,0.0226023959048691,-0.00913262778436162));
#7920=CARTESIAN_POINT('',(-0.0162914382205236,0.0223635248662937,-0.00875613797672896));
#7921=CARTESIAN_POINT('',(-0.0162125728957553,0.0222250336516407,-0.00854108641228277));
#7922=CARTESIAN_POINT('',(-0.0161545219630829,0.0221208999054673,-0.00837895141485856));
#7923=CARTESIAN_POINT('',(-0.0161069523080798,0.0220343261024548,-0.00824317614463172));
#7924=CARTESIAN_POINT('',(-0.0160692957179761,0.0219655894743737,-0.00813416366796164));
#7925=CARTESIAN_POINT('',(-0.0160412013120102,0.0219143843987285,-0.0080522136314239));
#7926=CARTESIAN_POINT('',(-0.0160131939051967,0.0218636230103301,-0.00797007605396418));
#7927=CARTESIAN_POINT('',(-0.0159852042173547,0.0218133940130838,-0.00788775678036721));
#7928=CARTESIAN_POINT('',(-0.0159571564700053,0.021763789720027,-0.00780526417752753));
#7929=CARTESIAN_POINT('',(-0.0159195527821287,0.0216986309973038,-0.00769505650288623));
#7930=CARTESIAN_POINT('',(-0.0158719605937881,0.0216192640476933,-0.00755691803787716));
#7931=CARTESIAN_POINT('',(-0.015793534349832,0.0214979464115495,-0.00733522645705244));
#7932=CARTESIAN_POINT('',(-0.0156894585128169,0.0213592324914817,-0.007057148565028));
#7933=CARTESIAN_POINT('',(-0.0155729857300485,0.0212432762649141,-0.00677873017778341));
#7934=CARTESIAN_POINT('',(-0.01547038790832,0.0211665686781296,-0.006556505189315));
#7935=CARTESIAN_POINT('',(-0.0153883558832085,0.0211174613242197,-0.00639028996011494));
#7936=CARTESIAN_POINT('',(-0.0153011070205996,0.021077082768271,-0.00622472275972666));
#7937=CARTESIAN_POINT('',(-0.0152084231520986,0.0210455279541017,-0.00606001857447747));
#7938=CARTESIAN_POINT('',(-0.0151103531251827,0.0210227713921602,-0.00589638211637736));
#7939=CARTESIAN_POINT('',(-0.0149720741938924,0.0210042108359268,-0.00567992959037589));
#7940=CARTESIAN_POINT('',(-0.0147823322612321,0.0210027688815602,-0.00541334787211593));
#7941=CARTESIAN_POINT('',(-0.0144529033407188,0.0210411179082329,-0.00499669092877227));
#7942=CARTESIAN_POINT('',(-0.0140144416803477,0.0211507613882681,-0.00449150863688678));
#7943=CARTESIAN_POINT('',(-0.0135166852758674,0.0213219538278287,-0.00389850087989566));
#7944=CARTESIAN_POINT('',(-0.0130205195620862,0.0215227913533739,-0.00333158747499431));
#7945=CARTESIAN_POINT('',(-0.0126931003358838,0.0216641465746314,-0.00296056526745059));
#7946=CARTESIAN_POINT('',(-0.0125294707832635,0.0217364142675653,-0.00277628500317111));
#7947=CARTESIAN_POINT('',(-0.0181978578761111,0.0248954949129728,-0.0114768648071199));
#7948=CARTESIAN_POINT('',(-0.0180864765312763,0.024785755901902,-0.0113147428624569));
#7949=CARTESIAN_POINT('',(-0.0178690302584044,0.0245565559517645,-0.0109568910613523));
#7950=CARTESIAN_POINT('',(-0.0175662095464947,0.0241900115995255,-0.0104152432064197));
#7951=CARTESIAN_POINT('',(-0.0172841525381556,0.0238140287519845,-0.00984562554647151));
#7952=CARTESIAN_POINT('',(-0.0170231290125638,0.0234313746394237,-0.00932101020345925));
#7953=CARTESIAN_POINT('',(-0.0167812973132355,0.0230371932263537,-0.00873700357290571));
#7954=CARTESIAN_POINT('',(-0.0165918275934207,0.0226892957511634,-0.00824017161839468));
#7955=CARTESIAN_POINT('',(-0.0164613008157532,0.0224395302813496,-0.00788967685246718));
#7956=CARTESIAN_POINT('',(-0.0163874913011416,0.0222961194040958,-0.00768634848312588));
#7957=CARTESIAN_POINT('',(-0.0163324400711695,0.0221886734458817,-0.00753288340417367));
#7958=CARTESIAN_POINT('',(-0.016286741166398,0.0220997691380241,-0.00740419397629126));
#7959=CARTESIAN_POINT('',(-0.0162501729590663,0.0220293117043024,-0.00730077504025522));
#7960=CARTESIAN_POINT('',(-0.016222712623722,0.0219768849725656,-0.00722297996691874));
#7961=CARTESIAN_POINT('',(-0.0161951828801458,0.0219249560339245,-0.00714495934796704));
#7962=CARTESIAN_POINT('',(-0.0161675430711398,0.0218736132857333,-0.00706671868876757));
#7963=CARTESIAN_POINT('',(-0.0161397472430166,0.0218229464484917,-0.00698826387725315));
#7964=CARTESIAN_POINT('',(-0.0161024212156765,0.0217564031798208,-0.00688338080507767));
#7965=CARTESIAN_POINT('',(-0.0160551245602056,0.0216753533729012,-0.00675177725661678));
#7966=CARTESIAN_POINT('',(-0.0159775028638325,0.0215511245124905,-0.00654024568191376));
#7967=CARTESIAN_POINT('',(-0.0158756034459007,0.0214077355144932,-0.00627425502507639));
#7968=CARTESIAN_POINT('',(-0.015764061671263,0.021284388884989,-0.00600696364355956));
#7969=CARTESIAN_POINT('',(-0.0156674085007527,0.0211998144560133,-0.00579295163929341));
#7970=CARTESIAN_POINT('',(-0.0155908656723053,0.0211438492296269,-0.00563252397909302));
#7971=CARTESIAN_POINT('',(-0.0155098799439816,0.0210956642564159,-0.00547236639450731));
#7972=CARTESIAN_POINT('',(-0.0154241479280877,0.021055538874341,-0.00531267112615589));
#7973=CARTESIAN_POINT('',(-0.0153332397383466,0.0210236876070884,-0.00515364708074464));
#7974=CARTESIAN_POINT('',(-0.015204734910381,0.0209923444783215,-0.00494278360223718));
#7975=CARTESIAN_POINT('',(-0.0150312610485583,0.02097414035056,-0.00468179816307216));
#7976=CARTESIAN_POINT('',(-0.014718562291389,0.0209927038068916,-0.00427295178354543));
#7977=CARTESIAN_POINT('',(-0.014300799202305,0.0210898051076779,-0.00377939031839083));
#7978=CARTESIAN_POINT('',(-0.0137978845889635,0.0212713093830665,-0.00321127371604931));
#7979=CARTESIAN_POINT('',(-0.0133068712928509,0.0214753541946083,-0.00266394208022475));
#7980=CARTESIAN_POINT('',(-0.0129806100579174,0.0216236682199398,-0.00230637777707443));
#7981=CARTESIAN_POINT('',(-0.0128180716550562,0.0216989018228123,-0.00212802289962065));
#7982=CARTESIAN_POINT('',(-0.0182235002242655,0.0251071521630729,-0.010358179602648));
#7983=CARTESIAN_POINT('',(-0.0181283844738012,0.0249854072349989,-0.010205662571566));
#7984=CARTESIAN_POINT('',(-0.017941410705224,0.0247337638374898,-0.00987419464778565));
#7985=CARTESIAN_POINT('',(-0.0176753424866785,0.0243384469649892,-0.00937407127515996));
#7986=CARTESIAN_POINT('',(-0.0174250809365619,0.023933308500967,-0.00890539534132689));
#7987=CARTESIAN_POINT('',(-0.0171882203224361,0.0235120439865416,-0.00838684923185387));
#7988=CARTESIAN_POINT('',(-0.0169642836708934,0.0230846170417509,-0.00784104171125734));
#7989=CARTESIAN_POINT('',(-0.0167823982654446,0.0227197562608022,-0.00737866294921864));
#7990=CARTESIAN_POINT('',(-0.0166557959477955,0.0224628720392626,-0.00704858959017652));
#7991=CARTESIAN_POINT('',(-0.0165831877861779,0.0223170081532028,-0.00685866048054351));
#7992=CARTESIAN_POINT('',(-0.0165285249342842,0.0222084715951425,-0.00671517824593491));
#7993=CARTESIAN_POINT('',(-0.0164826899627458,0.022119069368699,-0.00659472101790062));
#7994=CARTESIAN_POINT('',(-0.0164457837681992,0.0220484252581632,-0.00649781330329637));
#7995=CARTESIAN_POINT('',(-0.0164179608787122,0.0219959425872948,-0.00642486178941129));
#7996=CARTESIAN_POINT('',(-0.0163899686604746,0.021944025683608,-0.00635163987814134));
#7997=CARTESIAN_POINT('',(-0.0163617791135687,0.0218927385214737,-0.00627814921964194));
#7998=CARTESIAN_POINT('',(-0.0163333625312609,0.0218421460344476,-0.0062043926945403));
#7999=CARTESIAN_POINT('',(-0.0162951236176773,0.02177570797486,-0.0061057014303561));
#8000=CARTESIAN_POINT('',(-0.0162465888490759,0.0216947331868762,-0.00598169493339412));
#8001=CARTESIAN_POINT('',(-0.0161669620558806,0.0215703268254498,-0.00578198196048719));
#8002=CARTESIAN_POINT('',(-0.0160629647601429,0.0214258238626678,-0.00553006492900223));
#8003=CARTESIAN_POINT('',(-0.0159508217522407,0.0212993497628764,-0.00527572505072915));
#8004=CARTESIAN_POINT('',(-0.0158548780520356,0.0212107399918724,-0.00507130322251338));
#8005=CARTESIAN_POINT('',(-0.0157794711201741,0.0211509451611707,-0.00491766174119373));
#8006=CARTESIAN_POINT('',(-0.0157003304988483,0.0210981610219459,-0.00476385583986491));
#8007=CARTESIAN_POINT('',(-0.0156171585267363,0.0210526754296424,-0.00461006144076668));
#8008=CARTESIAN_POINT('',(-0.0155297713352356,0.0210147332081311,-0.00445645879846184));
#8009=CARTESIAN_POINT('',(-0.0154074137812153,0.0209745338807538,-0.00425216364256094));
#8010=CARTESIAN_POINT('',(-0.0152425184184112,0.0209442845348267,-0.00399829341711228));
#8011=CARTESIAN_POINT('',(-0.0149596620811378,0.020937425540141,-0.00359638401626806));
#8012=CARTESIAN_POINT('',(-0.0145661323441214,0.0210138176070167,-0.0031096262209227));
#8013=CARTESIAN_POINT('',(-0.0140741321946246,0.0211929068150966,-0.00255837728088325));
#8014=CARTESIAN_POINT('',(-0.0135841565784849,0.0214120994572986,-0.00203441457882621));
#8015=CARTESIAN_POINT('',(-0.0132612633248438,0.021567003495042,-0.00168696943499331));
#8016=CARTESIAN_POINT('',(-0.0131003768360888,0.0216461209553271,-0.00151403705357952));
#8017=CARTESIAN_POINT('',(-0.0183423870335102,0.0252321606579059,-0.00923032080607242));
#8018=CARTESIAN_POINT('',(-0.0182594918585705,0.0250990639122185,-0.0090740484034928));
#8019=CARTESIAN_POINT('',(-0.0181009418375704,0.0248243093850022,-0.00876977905843826));
#8020=CARTESIAN_POINT('',(-0.0178726480293773,0.0243979597387607,-0.00833616447821365));
#8021=CARTESIAN_POINT('',(-0.0176410185610876,0.0239667701132961,-0.00792192626216311));
#8022=CARTESIAN_POINT('',(-0.017416575445755,0.0235209372451496,-0.00745715160125886));
#8023=CARTESIAN_POINT('',(-0.0171944695709378,0.0230707311020629,-0.00696538311871714));
#8024=CARTESIAN_POINT('',(-0.0170097576011963,0.0226956416363733,-0.00654247788242993));
#8025=CARTESIAN_POINT('',(-0.0168784935347232,0.0224370280616063,-0.00624068994011013));
#8026=CARTESIAN_POINT('',(-0.0168026722650036,0.0222913562675369,-0.00606591801697129));
#8027=CARTESIAN_POINT('',(-0.0167452860036581,0.0221834652498675,-0.00593376037129546));
#8028=CARTESIAN_POINT('',(-0.0166969400163958,0.0220949963442365,-0.00582266064317876));
#8029=CARTESIAN_POINT('',(-0.0166578789848725,0.0220252642092607,-0.00573317028996717));
#8030=CARTESIAN_POINT('',(-0.0166283736753299,0.0219735356634225,-0.00566574134425525));
#8031=CARTESIAN_POINT('',(-0.0165986399144371,0.0219224267176458,-0.00559799702480613));
#8032=CARTESIAN_POINT('',(-0.0165686573126625,0.0218719887811607,-0.00552993416189523));
#8033=CARTESIAN_POINT('',(-0.016538403964979,0.0218222740759894,-0.00546155063537895));
#8034=CARTESIAN_POINT('',(-0.0164976770634762,0.0217570200073732,-0.00536994370610655));
#8035=CARTESIAN_POINT('',(-0.0164459760402515,0.0216775221061958,-0.00525463113525164));
#8036=CARTESIAN_POINT('',(-0.016361298816151,0.0215552977081754,-0.00506843534211239));
#8037=CARTESIAN_POINT('',(-0.0162512394142621,0.0214128828076956,-0.00483259140263816));
#8038=CARTESIAN_POINT('',(-0.0161340451826741,0.0212869766672152,-0.00459300133243697));
#8039=CARTESIAN_POINT('',(-0.0160351089618045,0.021197627938013,-0.00439944697114735));
#8040=CARTESIAN_POINT('',(-0.0159581143781701,0.0211366374479306,-0.0042534551915602));
#8041=CARTESIAN_POINT('',(-0.0158781308637929,0.021081967745924,-0.00410676899690368));
#8042=CARTESIAN_POINT('',(-0.0157950144014919,0.0210338987369032,-0.00395953258548));
#8043=CARTESIAN_POINT('',(-0.0157086255989291,0.0209926807127147,-0.00381190629036772));
#8044=CARTESIAN_POINT('',(-0.0155889892508713,0.0209471148360209,-0.0036147797853608));
#8045=CARTESIAN_POINT('',(-0.0154315586112611,0.0209081314153606,-0.00336824094223617));
#8046=CARTESIAN_POINT('',(-0.0151614036458963,0.0208865306798806,-0.00297624824476123));
#8047=CARTESIAN_POINT('',(-0.0148000004519137,0.0209328108398214,-0.00249139583191484));
#8048=CARTESIAN_POINT('',(-0.0143241417825404,0.0211006890070193,-0.00194850188250327));
#8049=CARTESIAN_POINT('',(-0.0138435865344716,0.0213286297335183,-0.00143969887318575));
#8050=CARTESIAN_POINT('',(-0.0135258128302273,0.0214927234127186,-0.00110278541829098));
#8051=CARTESIAN_POINT('',(-0.0133677118839079,0.0215768635916963,-0.000936255415203196));
#8052=CARTESIAN_POINT('',(-0.0185628080085235,0.0252646039627344,-0.00807304137656823));
#8053=CARTESIAN_POINT('',(-0.0184883515192466,0.0251213410270026,-0.00793607675514323));
#8054=CARTESIAN_POINT('',(-0.0183482836810601,0.0248288181362263,-0.0076702821904802));
#8055=CARTESIAN_POINT('',(-0.0181473131325879,0.0243767158473048,-0.00728534250244811));
#8056=CARTESIAN_POINT('',(-0.0179323639941784,0.0239171345159401,-0.00691827349815762));
#8057=CARTESIAN_POINT('',(-0.0177051639337519,0.0234556294576315,-0.00652944464956159));
#8058=CARTESIAN_POINT('',(-0.0174728203568231,0.0229953720892327,-0.00610674414996168));
#8059=CARTESIAN_POINT('',(-0.0172738103688184,0.022619141130464,-0.00573629299886659));
#8060=CARTESIAN_POINT('',(-0.0171310057825923,0.0223634400547323,-0.00546762612949157));
#8061=CARTESIAN_POINT('',(-0.0170480961947597,0.0222203958931282,-0.00531145440090721));
#8062=CARTESIAN_POINT('',(-0.0169851905368022,0.0221149007977328,-0.00519287410217293));
#8063=CARTESIAN_POINT('',(-0.0169320902794899,0.0220286974178725,-0.00509281601133467));
#8064=CARTESIAN_POINT('',(-0.0168891554835191,0.021960910141787,-0.00501200251797739));
#8065=CARTESIAN_POINT('',(-0.0168567134079308,0.0219106952030322,-0.00495100369907284));
#8066=CARTESIAN_POINT('',(-0.0168240162287649,0.0218611450999958,-0.00488961109586405));
#8067=CARTESIAN_POINT('',(-0.016791049367429,0.0218122991785858,-0.00482782019443105));
#8068=CARTESIAN_POINT('',(-0.0167577978530386,0.0217641973869416,-0.00476562711796848));
#8069=CARTESIAN_POINT('',(-0.0167130608894056,0.0217011090699062,-0.00468216250449148));
#8070=CARTESIAN_POINT('',(-0.0166563479075882,0.0216243138069693,-0.00457681206521086));
#8071=CARTESIAN_POINT('',(-0.0165637358750769,0.0215062912935804,-0.00440606189391855));
#8072=CARTESIAN_POINT('',(-0.0164441165701163,0.021368685555857,-0.00418852581348078));
#8073=CARTESIAN_POINT('',(-0.0163184195693991,0.0212464606351427,-0.00396568993726872));
#8074=CARTESIAN_POINT('',(-0.0162136952720703,0.0211591089040314,-0.00378446288701371));
#8075=CARTESIAN_POINT('',(-0.0161329545759381,0.0210990843000869,-0.00364714209169965));
#8076=CARTESIAN_POINT('',(-0.016049928991199,0.021044808009718,-0.0035085140523924));
#8077=CARTESIAN_POINT('',(-0.0159645430562714,0.0209965135633303,-0.00336868837758328));
#8078=CARTESIAN_POINT('',(-0.0158767679599413,0.0209544109399546,-0.00322778900417174));
#8079=CARTESIAN_POINT('',(-0.0157565398249548,0.0209067951386615,-0.00303867949000398));
#8080=CARTESIAN_POINT('',(-0.0156000632594621,0.0208637140854678,-0.00280038124090013));
#8081=CARTESIAN_POINT('',(-0.0153383534405425,0.0208305083260611,-0.00241657662190813));
#8082=CARTESIAN_POINT('',(-0.0149886451589726,0.0208574556539297,-0.00193928765333829));
#8083=CARTESIAN_POINT('',(-0.0145371033315028,0.0210061390987813,-0.00139572544068158));
#8084=CARTESIAN_POINT('',(-0.0140755204075894,0.021230534629774,-0.000887639989376065));
#8085=CARTESIAN_POINT('',(-0.0137677404488874,0.0214043649454962,-0.000563682451280136));
#8086=CARTESIAN_POINT('',(-0.0136173078267569,0.0214903458752399,-0.000400752095227408));
#8087=CARTESIAN_POINT('',(-0.0188888388788724,0.0252004986958147,-0.0068922376177399));
#8088=CARTESIAN_POINT('',(-0.0188215760610858,0.0250480684604366,-0.00678689884309179));
#8089=CARTESIAN_POINT('',(-0.0186916923177135,0.0247403946977983,-0.00657156021613622));
#8090=CARTESIAN_POINT('',(-0.0185065716753102,0.0242655472465668,-0.00623994943090906));
#8091=CARTESIAN_POINT('',(-0.0182895077576734,0.0237891204976525,-0.00594004582220436));
#8092=CARTESIAN_POINT('',(-0.0180508871269455,0.0233184515729812,-0.00562310172854545));
#8093=CARTESIAN_POINT('',(-0.0177954871591182,0.0228601739915103,-0.00527736172377877));
#8094=CARTESIAN_POINT('',(-0.0175739019288956,0.0224908780493067,-0.0049656221005235));
#8095=CARTESIAN_POINT('',(-0.0174137568891863,0.022242788904718,-0.00473569541459166));
#8096=CARTESIAN_POINT('',(-0.0173206618210284,0.0221047244221782,-0.00460072065854992));
#8097=CARTESIAN_POINT('',(-0.0172499882597498,0.0220032367951226,-0.00449768403000543));
#8098=CARTESIAN_POINT('',(-0.0171903328401629,0.0219205734169399,-0.00441026519726562));
#8099=CARTESIAN_POINT('',(-0.0171421170419441,0.0218557060200271,-0.00433937046732265));
#8100=CARTESIAN_POINT('',(-0.0171057006876176,0.0218077182034278,-0.00428571325585087));
#8101=CARTESIAN_POINT('',(-0.01706902065618,0.0217604244422119,-0.00423156399289887));
#8102=CARTESIAN_POINT('',(-0.0170320674363283,0.0217138569490273,-0.00417691708776838));
#8103=CARTESIAN_POINT('',(-0.0169948311927112,0.0216680483831171,-0.00412176731314759));
#8104=CARTESIAN_POINT('',(-0.0169447928811923,0.0216080255293049,-0.00404755740453261));
#8105=CARTESIAN_POINT('',(-0.016881487734565,0.0215350591504719,-0.00395351512948575));
#8106=CARTESIAN_POINT('',(-0.0167784771990702,0.0214230668212317,-0.00380028016236547));
#8107=CARTESIAN_POINT('',(-0.0166462814440645,0.0212926569298938,-0.00360350380125674));
#8108=CARTESIAN_POINT('',(-0.016509004598848,0.021176765574777,-0.00339975169793034));
#8109=CARTESIAN_POINT('',(-0.0163958908242817,0.0210937466588751,-0.00323267439323916));
#8110=CARTESIAN_POINT('',(-0.0163093672551171,0.0210365579483293,-0.00310537869593121));
#8111=CARTESIAN_POINT('',(-0.0162211236639634,0.0209846570814832,-0.00297616194219608));
#8112=CARTESIAN_POINT('',(-0.0161311503387032,0.0209382424757532,-0.00284510771309046));
#8113=CARTESIAN_POINT('',(-0.0160394446438522,0.0208974953899689,-0.00271231910353601));
#8114=CARTESIAN_POINT('',(-0.0159148835411445,0.020850929820348,-0.00253311953768332));
#8115=CARTESIAN_POINT('',(-0.0157551195791518,0.0208075969090329,-0.00230544289737346));
#8116=CARTESIAN_POINT('',(-0.0154908055312291,0.0207714539152041,-0.00193567098798701));
#8117=CARTESIAN_POINT('',(-0.0151466129334071,0.0207904370193894,-0.00146744577759066));
#8118=CARTESIAN_POINT('',(-0.0147138090579961,0.0209162504509306,-0.000921843054777525));
#8119=CARTESIAN_POINT('',(-0.0142781077451117,0.0211277329146284,-0.000404749324677749));
#8120=CARTESIAN_POINT('',(-0.0139945821280426,0.0212952717985153,-7.70813353793112E-5));
#8121=CARTESIAN_POINT('',(-0.013853105172407,0.0213812049874985,8.09653000233973E-5));
#8122=CARTESIAN_POINT('',(-0.0193386007445154,0.0250302411982535,-0.00571399599101014));
#8123=CARTESIAN_POINT('',(-0.0192696446878666,0.0248733193910947,-0.00563571971055109));
#8124=CARTESIAN_POINT('',(-0.0191381434855151,0.0245534788843706,-0.00548155336390529));
#8125=CARTESIAN_POINT('',(-0.0189442718559335,0.0240623409246024,-0.00523963192459348));
#8126=CARTESIAN_POINT('',(-0.0187134039665644,0.0235780229166135,-0.00500703718816409));
#8127=CARTESIAN_POINT('',(-0.0184463078450222,0.0231138124178172,-0.00476156808141648));
#8128=CARTESIAN_POINT('',(-0.0181592451102792,0.0226674205629256,-0.00449027917257239));
#8129=CARTESIAN_POINT('',(-0.0179083289724516,0.0223123006890899,-0.00424090433456702));
#8130=CARTESIAN_POINT('',(-0.0177267576505821,0.0220758164800498,-0.00405244993764085));
#8131=CARTESIAN_POINT('',(-0.0176211873768111,0.0219448046461076,-0.00394057648911881));
#8132=CARTESIAN_POINT('',(-0.017541071453644,0.0218487879875464,-0.00385449516629403));
#8133=CARTESIAN_POINT('',(-0.017473495298899,0.0217708001533415,-0.00378089654999855));
#8134=CARTESIAN_POINT('',(-0.0174189276690908,0.0217097268482375,-0.00372086726015819));
#8135=CARTESIAN_POINT('',(-0.0173777434669273,0.0216646060932473,-0.00367526228847151));
#8136=CARTESIAN_POINT('',(-0.0173362956588827,0.0216201959270647,-0.0036290666290117));
#8137=CARTESIAN_POINT('',(-0.0172945791331879,0.0215765229058808,-0.0035822728907716));
#8138=CARTESIAN_POINT('',(-0.0172525888383169,0.0215336139059873,-0.00353487401493651));
#8139=CARTESIAN_POINT('',(-0.0171962296877834,0.0214774571485126,-0.00347085973393896));
#8140=CARTESIAN_POINT('',(-0.0171250710668161,0.0214093079300225,-0.00338929659134076));
#8141=CARTESIAN_POINT('',(-0.017009651241117,0.0213049307107331,-0.00325543955961168));
#8142=CARTESIAN_POINT('',(-0.0168623523747436,0.0211837529818484,-0.00308173637588342));
#8143=CARTESIAN_POINT('',(-0.01671083622966,0.0210764188415186,-0.00289939556512189));
#8144=CARTESIAN_POINT('',(-0.0165870434182394,0.0209996837666701,-0.00274837250183951));
#8145=CARTESIAN_POINT('',(-0.0164929105140545,0.0209468918454024,-0.00263256257210618));
#8146=CARTESIAN_POINT('',(-0.0163975042587685,0.0208990426089861,-0.0025142609982629));
#8147=CARTESIAN_POINT('',(-0.0163008485781155,0.0208563060478764,-0.00239353965210734));
#8148=CARTESIAN_POINT('',(-0.0162029850191149,0.0208188384130823,-0.00227049294529319));
#8149=CARTESIAN_POINT('',(-0.0160709607686642,0.0207761009277188,-0.00210349004267502));
#8150=CARTESIAN_POINT('',(-0.0159031301427898,0.0207365578511929,-0.00188960063745594));
#8151=CARTESIAN_POINT('',(-0.0156297335841449,0.0207039587686592,-0.00153827223771486));
#8152=CARTESIAN_POINT('',(-0.0152798249965319,0.0207223947104475,-0.00108786752926159));
#8153=CARTESIAN_POINT('',(-0.0148562394106396,0.0208349599471754,-0.000548090698460704));
#8154=CARTESIAN_POINT('',(-0.014437851115442,0.0210351182841884,-2.81203079064204E-5));
#8155=CARTESIAN_POINT('',(-0.0141736369094471,0.0211955068739438,0.000305534534853353));
#8156=CARTESIAN_POINT('',(-0.0140425665289737,0.0212779567020903,0.000464000744458303));
#8157=CARTESIAN_POINT('',(-0.0199038079977027,0.0247452456861,-0.00458076667481058));
#8158=CARTESIAN_POINT('',(-0.019828884078551,0.0245859860220524,-0.00453559160828365));
#8159=CARTESIAN_POINT('',(-0.0196770222749633,0.0242662858189931,-0.00443928854746003));
#8160=CARTESIAN_POINT('',(-0.0194542839246639,0.0237692268817783,-0.00429294283880688));
#8161=CARTESIAN_POINT('',(-0.0191906166062461,0.0232924034695034,-0.0041338557861121));
#8162=CARTESIAN_POINT('',(-0.0188854591012356,0.0228463160426565,-0.00395466827032922));
#8163=CARTESIAN_POINT('',(-0.0185602643603216,0.0224206135775531,-0.003757392610694));
#8164=CARTESIAN_POINT('',(-0.0182759691462188,0.0220851469666303,-0.00357108519161069));
#8165=CARTESIAN_POINT('',(-0.0180700952480764,0.0218635957409592,-0.00342551076358912));
#8166=CARTESIAN_POINT('',(-0.0179504594697054,0.0217413634200722,-0.00333759276157959));
#8167=CARTESIAN_POINT('',(-0.0178597241337915,0.0216520309408635,-0.00326920206565295));
#8168=CARTESIAN_POINT('',(-0.0177832617993896,0.0215796773840726,-0.00321008877970871));
#8169=CARTESIAN_POINT('',(-0.0177215763661718,0.0215231341958404,-0.00316148200216581));
#8170=CARTESIAN_POINT('',(-0.0176750532243936,0.0214814187476282,-0.00312435839703607));
#8171=CARTESIAN_POINT('',(-0.0176282697757698,0.0214404175829639,-0.0030865561603855));
#8172=CARTESIAN_POINT('',(-0.0175812248617901,0.0214001534228784,-0.00304806546544405));
#8173=CARTESIAN_POINT('',(-0.0175339174204211,0.021360649238842,-0.00300887680782266));
#8174=CARTESIAN_POINT('',(-0.0174704897677813,0.0213090210238118,-0.00295568247515726));
#8175=CARTESIAN_POINT('',(-0.0173905449485896,0.0212465018081057,-0.00288739998983438));
#8176=CARTESIAN_POINT('',(-0.017261220949603,0.0211510222781164,-0.00277424416795503));
#8177=CARTESIAN_POINT('',(-0.0170969201936266,0.0210406779270309,-0.00262533903883916));
#8178=CARTESIAN_POINT('',(-0.0169291546948035,0.0209435860665426,-0.00246621564893462));
#8179=CARTESIAN_POINT('',(-0.0167929585659044,0.0208745820249543,-0.00233273204533662));
#8180=CARTESIAN_POINT('',(-0.0166898568505548,0.0208273341585771,-0.00222953884284161));
#8181=CARTESIAN_POINT('',(-0.0165858464698079,0.0207847535059439,-0.0021232967989226));
#8182=CARTESIAN_POINT('',(-0.016480985280177,0.0207469931551783,-0.00201405965433004));
#8183=CARTESIAN_POINT('',(-0.0163753395002236,0.0207141954095559,-0.001901906049048));
#8184=CARTESIAN_POINT('',(-0.0162335356375426,0.0206772525121523,-0.00174862027459767));
#8185=CARTESIAN_POINT('',(-0.0160547742001667,0.0206440755477479,-0.00155031920127048));
#8186=CARTESIAN_POINT('',(-0.0157665703406358,0.0206196889170683,-0.00122080779181758));
#8187=CARTESIAN_POINT('',(-0.0154056629291348,0.0206436829345696,-0.000789905814845393));
#8188=CARTESIAN_POINT('',(-0.0149807366414862,0.0207592457270799,-0.000261813704993668));
#8189=CARTESIAN_POINT('',(-0.0145767664266738,0.0209463899672943,0.000260923255010705));
#8190=CARTESIAN_POINT('',(-0.0143263157622143,0.0211001694092105,0.000602508196523264));
#8191=CARTESIAN_POINT('',(-0.0142017560201266,0.0211808374033852,0.000764596971576657));
#8192=CARTESIAN_POINT('',(-0.0205546575162992,0.0243513794261489,-0.0035129675839867));
#8193=CARTESIAN_POINT('',(-0.020468832042305,0.0241951540267213,-0.00350002125569308));
#8194=CARTESIAN_POINT('',(-0.0202981356949871,0.0238771010767869,-0.00347332138640039));
#8195=CARTESIAN_POINT('',(-0.0200288266632532,0.0233905208643829,-0.00341630973355883));
#8196=CARTESIAN_POINT('',(-0.0197107263604461,0.0229419454251643,-0.00332145969920317));
#8197=CARTESIAN_POINT('',(-0.0193633917718055,0.0225215546762835,-0.00320905913473271));
#8198=CARTESIAN_POINT('',(-0.0189970318080463,0.0221225123823654,-0.00308777606570844));
#8199=CARTESIAN_POINT('',(-0.0186764221709732,0.0218112716121768,-0.00296379160583722));
#8200=CARTESIAN_POINT('',(-0.0184442307400396,0.0216073844589183,-0.00286080394174176));
#8201=CARTESIAN_POINT('',(-0.0183093973176067,0.0214953638218747,-0.00279683482195473));
#8202=CARTESIAN_POINT('',(-0.0182072105235636,0.021413726562737,-0.00274618171154753));
#8203=CARTESIAN_POINT('',(-0.0181211831988227,0.0213477948082097,-0.00270164902862093));
#8204=CARTESIAN_POINT('',(-0.0180518471762568,0.0212963827554894,-0.0026645763026089));
#8205=CARTESIAN_POINT('',(-0.0179995904388885,0.0212585092478054,-0.00263603537763825));
#8206=CARTESIAN_POINT('',(-0.0179470814953477,0.021221340460862,-0.00260674516573674));
#8207=CARTESIAN_POINT('',(-0.0178943230179128,0.0211848958082678,-0.0025766930233902));
#8208=CARTESIAN_POINT('',(-0.0178413178633322,0.0211491949437511,-0.00254586656466615));
#8209=CARTESIAN_POINT('',(-0.0177703194107683,0.0211026120753886,-0.00250371600489619));
#8210=CARTESIAN_POINT('',(-0.0176809703640914,0.021046342836103,-0.0024490320178482));
#8211=CARTESIAN_POINT('',(-0.0175367681931431,0.0209607082213891,-0.00235715893984953));
#8212=CARTESIAN_POINT('',(-0.0173542674073421,0.0208623165117844,-0.00223389604402144));
#8213=CARTESIAN_POINT('',(-0.0171690467432807,0.0207765484529752,-0.00209892820937689));
#8214=CARTESIAN_POINT('',(-0.0170194594924533,0.0207161446104663,-0.00198374135894532));
#8215=CARTESIAN_POINT('',(-0.0169066308025214,0.020675099925756,-0.00189372083463597));
#8216=CARTESIAN_POINT('',(-0.0167932402498655,0.0206384607117215,-0.00180006450672003));
#8217=CARTESIAN_POINT('',(-0.0166793732264739,0.0206063668395623,-0.00170278821343676));
#8218=CARTESIAN_POINT('',(-0.0165651266427216,0.0205789492839722,-0.00160193161770638));
#8219=CARTESIAN_POINT('',(-0.0164124363523536,0.0205487890023859,-0.00146277075646656));
#8220=CARTESIAN_POINT('',(-0.0162211812694439,0.0205233561368955,-0.00128027521412644));
#8221=CARTESIAN_POINT('',(-0.0159159190488658,0.0205096729921263,-0.000971608999431028));
#8222=CARTESIAN_POINT('',(-0.015538814485991,0.0205437150493137,-0.000560064439797287));
#8223=CARTESIAN_POINT('',(-0.0151115390957928,0.0206637163303953,-3.87473476108819E-5));
#8224=CARTESIAN_POINT('',(-0.0147176388257904,0.0208457629994094,0.000490565169436112));
#8225=CARTESIAN_POINT('',(-0.0144753421181695,0.0209976168893852,0.000834714720977878));
#8226=CARTESIAN_POINT('',(-0.0143543240223563,0.0210776481875747,0.00100094815004057));
#8227=CARTESIAN_POINT('',(-0.0215263048101746,0.0236657042371666,-0.00222429636562986));
#8228=CARTESIAN_POINT('',(-0.0214201564802863,0.0235222830520311,-0.00225074345883812));
#8229=CARTESIAN_POINT('',(-0.0212130345255321,0.0232263126762819,-0.00230891287778701));
#8230=CARTESIAN_POINT('',(-0.0208667786812188,0.0227804852844425,-0.00236077849406257));
#8231=CARTESIAN_POINT('',(-0.0204604570890786,0.0223926122395101,-0.00232364558138936));
#8232=CARTESIAN_POINT('',(-0.0200537003491196,0.0220142641263423,-0.00231633510034505));
#8233=CARTESIAN_POINT('',(-0.0196276173768184,0.0216590821692882,-0.00229134662104899));
#8234=CARTESIAN_POINT('',(-0.0192543248306194,0.0213861610139833,-0.00224537471334142));
#8235=CARTESIAN_POINT('',(-0.0189846532366382,0.0212091888171972,-0.00219613676967284));
#8236=CARTESIAN_POINT('',(-0.0188283261406075,0.0211124840160947,-0.00216260416347704));
#8237=CARTESIAN_POINT('',(-0.0187100166610366,0.0210422738489498,-0.0021346244323533));
#8238=CARTESIAN_POINT('',(-0.0186105813520632,0.0209857923383379,-0.00210883837596134));
#8239=CARTESIAN_POINT('',(-0.0185305532905226,0.0209418829182189,-0.00208665973519774));
#8240=CARTESIAN_POINT('',(-0.0184702992301025,0.0209096041760351,-0.00206923364605347));
#8241=CARTESIAN_POINT('',(-0.0184098192324506,0.0208779944512868,-0.00205099813679283));
#8242=CARTESIAN_POINT('',(-0.0183491205968894,0.0208470697280379,-0.00203193571478171));
#8243=CARTESIAN_POINT('',(-0.0182882108509533,0.0208168462213379,-0.00201202878116067));
#8244=CARTESIAN_POINT('',(-0.0182067267829034,0.0207775050080902,-0.00198433673026899));
#8245=CARTESIAN_POINT('',(-0.0181043834979002,0.0207301640179339,-0.00194752241871152));
#8246=CARTESIAN_POINT('',(-0.0179396833825955,0.020658513679689,-0.00188374091008827));
#8247=CARTESIAN_POINT('',(-0.017732207493651,0.0205769696278103,-0.00179452286840712));
#8248=CARTESIAN_POINT('',(-0.0175231467117092,0.0205070307278953,-0.00169177543295923));
#8249=CARTESIAN_POINT('',(-0.0173553351737488,0.0204585825153457,-0.00160099734879662));
#8250=CARTESIAN_POINT('',(-0.017229304844863,0.0204261289331207,-0.00152852570721627));
#8251=CARTESIAN_POINT('',(-0.017103221579566,0.0203976850676562,-0.00145158265393213));
#8252=CARTESIAN_POINT('',(-0.0169772142109454,0.0203733732769718,-0.00137010270099557));
#8253=CARTESIAN_POINT('',(-0.0168514211838817,0.0203533101446586,-0.00128404140432105));
#8254=CARTESIAN_POINT('',(-0.0166841813275507,0.0203323701034037,-0.00116315779621509));
#8255=CARTESIAN_POINT('',(-0.016476447265724,0.0203173431786339,-0.00100056832978003));
#8256=CARTESIAN_POINT('',(-0.0161486858657504,0.0203180900826729,-0.000716474845979267));
#8257=CARTESIAN_POINT('',(-0.015751854744688,0.0203671264156193,-0.000318232353780259));
#8258=CARTESIAN_POINT('',(-0.0153114142574737,0.0204935057967894,0.000196175754812873));
#8259=CARTESIAN_POINT('',(-0.0149379982574889,0.0206796543448075,0.000740909548230474));
#8260=CARTESIAN_POINT('',(-0.0147053478685023,0.0208294326037378,0.00109970343731451));
#8261=CARTESIAN_POINT('',(-0.0145859041790668,0.0209084000944342,0.00127114162880795));
#8262=CARTESIAN_POINT('',(-0.0229432483157762,0.0224698730123936,-0.00100334985595634));
#8263=CARTESIAN_POINT('',(-0.0227914616067661,0.0223685359209665,-0.0010493054635882));
#8264=CARTESIAN_POINT('',(-0.0224829226156058,0.0221638731875635,-0.00114929874421318));
#8265=CARTESIAN_POINT('',(-0.0220150360165268,0.0218454828251732,-0.00126247997891674));
#8266=CARTESIAN_POINT('',(-0.021523449376372,0.0215380803126896,-0.00135080362381415));
#8267=CARTESIAN_POINT('',(-0.0210244535967844,0.0212399590014536,-0.00143412388274318));
#8268=CARTESIAN_POINT('',(-0.0205044403716788,0.0209621503088004,-0.00149555418371586));
#8269=CARTESIAN_POINT('',(-0.0200564574544861,0.0207488667832143,-0.00152615872531753));
#8270=CARTESIAN_POINT('',(-0.0197357528092623,0.0206115277893643,-0.00153295534431057));
#8271=CARTESIAN_POINT('',(-0.019550716741142,0.0205368143005247,-0.00153203308077505));
#8272=CARTESIAN_POINT('',(-0.0194111109390745,0.0204827622913558,-0.00152875934442858));
#8273=CARTESIAN_POINT('',(-0.0192941391746361,0.0204394579110262,-0.00152371451549514));
#8274=CARTESIAN_POINT('',(-0.0192002194574702,0.0204059112236483,-0.00151818450706295));
#8275=CARTESIAN_POINT('',(-0.0191296187279467,0.0203813131825622,-0.00151326292071106));
#8276=CARTESIAN_POINT('',(-0.0190588677319657,0.0203572908277243,-0.00150753964147367));
#8277=CARTESIAN_POINT('',(-0.0189879775800014,0.0203338579646619,-0.00150098668541271));
#8278=CARTESIAN_POINT('',(-0.0189169598506517,0.0203110285136166,-0.00149357564702312));
#8279=CARTESIAN_POINT('',(-0.018822115512409,0.0202814125333085,-0.00148251156127334));
#8280=CARTESIAN_POINT('',(-0.018703302729992,0.0202459714223728,-0.0014663905147618));
#8281=CARTESIAN_POINT('',(-0.0185127955607315,0.0201927846796277,-0.0014353910777023));
#8282=CARTESIAN_POINT('',(-0.0182741891837392,0.0201331835297066,-0.00138627093551889));
#8283=CARTESIAN_POINT('',(-0.018035818768254,0.0200835071264331,-0.0013216870768278));
#8284=CARTESIAN_POINT('',(-0.0178458704563373,0.0200501538228702,-0.00125977884611157));
#8285=CARTESIAN_POINT('',(-0.0177039527486162,0.0200284359066325,-0.00120799470018944));
#8286=CARTESIAN_POINT('',(-0.0175627613636246,0.0200101138372517,-0.0011506344936377));
#8287=CARTESIAN_POINT('',(-0.0174224932956384,0.0199952809279641,-0.00108748628665758));
#8288=CARTESIAN_POINT('',(-0.0172833617319508,0.0199840237860625,-0.00101835198441803));
#8289=CARTESIAN_POINT('',(-0.017099676040534,0.0199738869767011,-0.000917950080072642));
#8290=CARTESIAN_POINT('',(-0.0168741054811256,0.0199705254216611,-0.000776630498595742));
#8291=CARTESIAN_POINT('',(-0.0165248828895399,0.0199854682613312,-0.000515677896826735));
#8292=CARTESIAN_POINT('',(-0.0161163544326936,0.0200427108575232,-0.000124076846360331));
#8293=CARTESIAN_POINT('',(-0.0156888732081175,0.0201831787348282,0.000446401433832899));
#8294=CARTESIAN_POINT('',(-0.0153355490284087,0.0203660554783439,0.00104725928299248));
#8295=CARTESIAN_POINT('',(-0.0151116825033983,0.0205068676249178,0.00143585965926926));
#8296=CARTESIAN_POINT('',(-0.0149993108934098,0.0205793293108555,0.00162755282021323));
#8297=CARTESIAN_POINT('',(-0.0243412717247194,0.0211242326226131,-0.000335200970129313));
#8298=CARTESIAN_POINT('',(-0.0241563808312099,0.0210640864020244,-0.000367818928869964));
#8299=CARTESIAN_POINT('',(-0.0237788067506463,0.0209494101746194,-0.000433007141523058));
#8300=CARTESIAN_POINT('',(-0.0232086735355872,0.0207647103402504,-0.000560188920797837));
#8301=CARTESIAN_POINT('',(-0.0226547769818304,0.0205429672783076,-0.000733924249098703));
#8302=CARTESIAN_POINT('',(-0.0220544120671677,0.0203468651301808,-0.00083725477107544));
#8303=CARTESIAN_POINT('',(-0.0214438669053655,0.0201561743568368,-0.000935588460281567));
#8304=CARTESIAN_POINT('',(-0.0209237649658684,0.0200081354259178,-0.00101033879545879));
#8305=CARTESIAN_POINT('',(-0.0205548025213797,0.0199126894265042,-0.00105532552989938));
#8306=CARTESIAN_POINT('',(-0.0203427204603171,0.0198609407634972,-0.00107792088590544));
#8307=CARTESIAN_POINT('',(-0.020183111124675,0.0198236314324917,-0.00109302437577389));
#8308=CARTESIAN_POINT('',(-0.0200497162746123,0.0197938808334267,-0.00110382685769312));
#8309=CARTESIAN_POINT('',(-0.0199428155626564,0.0197709379578079,-0.00111123782835388));
#8310=CARTESIAN_POINT('',(-0.0198625604536955,0.0197541729480262,-0.00111613834529112));
#8311=CARTESIAN_POINT('',(-0.019782239359405,0.0197378634203601,-0.00112033765154821));
#8312=CARTESIAN_POINT('',(-0.0197018666815517,0.0197220227128583,-0.00112379070595321));
#8313=CARTESIAN_POINT('',(-0.0196214576066273,0.0197066641131249,-0.00112645111588825));
#8314=CARTESIAN_POINT('',(-0.0195142182496565,0.019686846383112,-0.00112887821463523));
#8315=CARTESIAN_POINT('',(-0.0193801597454193,0.0196633454197522,-0.00112969049370363));
#8316=CARTESIAN_POINT('',(-0.0191658371566117,0.0196285956423112,-0.00112571649543879));
#8317=CARTESIAN_POINT('',(-0.0188986416102044,0.0195907632219307,-0.00110982853228446));
#8318=CARTESIAN_POINT('',(-0.0186335561132272,0.0195610788177424,-0.00107651740953762));
#8319=CARTESIAN_POINT('',(-0.0184235563799562,0.0195426110623318,-0.00103765986421859));
#8320=CARTESIAN_POINT('',(-0.0182673108168725,0.0195314951359926,-0.00100197758757635));
#8321=CARTESIAN_POINT('',(-0.0181125515538262,0.0195232071187942,-0.000959328197911375));
#8322=CARTESIAN_POINT('',(-0.0179595225271344,0.0195178380576902,-0.000909295475597098));
#8323=CARTESIAN_POINT('',(-0.0178084788008862,0.0195154773044509,-0.000851478553566292));
#8324=CARTESIAN_POINT('',(-0.0176100881594505,0.0195164578319326,-0.000763500235731487));
#8325=CARTESIAN_POINT('',(-0.0173684182690343,0.0195256414380918,-0.000632204448193012));
#8326=CARTESIAN_POINT('',(-0.0169982500923553,0.0195582913374673,-0.000372934418759672));
#8327=CARTESIAN_POINT('',(-0.0165733251394387,0.0196336466168972,4.85412668696401E-5));
#8328=CARTESIAN_POINT('',(-0.0161475112560953,0.0197741878417979,0.000708828026536317));
#8329=CARTESIAN_POINT('',(-0.0157825669653455,0.0199512392115591,0.00140971691198076));
#8330=CARTESIAN_POINT('',(-0.0155432901059649,0.0200777401263581,0.00187592143784281));
#8331=CARTESIAN_POINT('',(-0.0154226931744916,0.0201425320542759,0.00210801335264409));
#8332=CARTESIAN_POINT('',(-0.0253475708960767,0.0201085694949326,-6.83915260217853E-5));
#8333=CARTESIAN_POINT('',(-0.0251429988222171,0.0200744044105512,-8.83213536546652E-5));
#8334=CARTESIAN_POINT('',(-0.0247280823756297,0.020007111764025,-0.00013009659128631));
#8335=CARTESIAN_POINT('',(-0.0241177334765559,0.0198792144277788,-0.000259011078282387));
#8336=CARTESIAN_POINT('',(-0.0234840882269752,0.0197512221569155,-0.000355747679574911));
#8337=CARTESIAN_POINT('',(-0.0228462111721131,0.0196124165534746,-0.000471214908054403));
#8338=CARTESIAN_POINT('',(-0.0221851333938795,0.0194820618608454,-0.000582021845828004));
#8339=CARTESIAN_POINT('',(-0.0216212179888167,0.019380544051042,-0.000679983031789614));
#8340=CARTESIAN_POINT('',(-0.0212206370294156,0.0193159879656441,-0.000746670330185511));
#8341=CARTESIAN_POINT('',(-0.020990490072554,0.0192813041857152,-0.000783227800268274));
#8342=CARTESIAN_POINT('',(-0.0208173487540954,0.0192564943683586,-0.000809561518228697));
#8343=CARTESIAN_POINT('',(-0.0206727122020364,0.0192369062077377,-0.000830290893785226));
#8344=CARTESIAN_POINT('',(-0.0205568523756577,0.019221937822505,-0.000845939742210653));
#8345=CARTESIAN_POINT('',(-0.0204698988418214,0.019211075006747,-0.000857154064817432));
#8346=CARTESIAN_POINT('',(-0.0203829040965434,0.0192005879593375,-0.000867788755274031));
#8347=CARTESIAN_POINT('',(-0.0202958863265773,0.0191904888406611,-0.00087778471793903));
#8348=CARTESIAN_POINT('',(-0.0202088645181146,0.0191807897384089,-0.000887080884773261));
#8349=CARTESIAN_POINT('',(-0.0200928565214238,0.0191684070315709,-0.000898458150416707));
#8350=CARTESIAN_POINT('',(-0.019947937791854,0.0191539885858751,-0.0009106079302412));
#8351=CARTESIAN_POINT('',(-0.0197164972238172,0.0191333047582931,-0.000924897050911126));
#8352=CARTESIAN_POINT('',(-0.0194284806003134,0.0191121547326661,-0.000931647463930376));
#8353=CARTESIAN_POINT('',(-0.0191435854944445,0.0190978729163964,-0.000919457995330396));
#8354=CARTESIAN_POINT('',(-0.0189185024104577,0.0190909125854796,-0.000895718446879518));
#8355=CARTESIAN_POINT('',(-0.018751366344562,0.0190880086580813,-0.000870247857653546));
#8356=CARTESIAN_POINT('',(-0.0185861783888507,0.0190875035471881,-0.000836440518690859));
#8357=CARTESIAN_POINT('',(-0.0184232215117124,0.0190894784530297,-0.000793634089630498));
#8358=CARTESIAN_POINT('',(-0.0182627881162746,0.0190940125099065,-0.000741185648724918));
#8359=CARTESIAN_POINT('',(-0.0180526412468,0.0191035714929988,-0.00065758408092637));
#8360=CARTESIAN_POINT('',(-0.0177977722314573,0.0191222845181391,-0.000526039506373851));
#8361=CARTESIAN_POINT('',(-0.017409905560185,0.019167227793868,-0.000253177604292255));
#8362=CARTESIAN_POINT('',(-0.0169666904483566,0.0192539194222527,0.000212623351009462));
#8363=CARTESIAN_POINT('',(-0.0165139543664527,0.019402566569301,0.000957820771439198));
#8364=CARTESIAN_POINT('',(-0.0161040038866814,0.0195823352406298,0.00176441825884204));
#8365=CARTESIAN_POINT('',(-0.0158366736994109,0.0197019128248452,0.00228014376961375));
#8366=CARTESIAN_POINT('',(-0.015703759686812,0.0197627007549693,0.00253524857140553));
#8367=CARTESIAN_POINT('',(-0.0260613869105581,0.0193666960916796,1.20173932866233E-5));
#8368=CARTESIAN_POINT('',(-0.0258422611687275,0.0193490798621333,5.98376007673049E-6));
#8369=CARTESIAN_POINT('',(-0.0254043419437596,0.0193085083374534,-1.40360861111818E-5));
#8370=CARTESIAN_POINT('',(-0.024744623900689,0.0192351197412554,-7.54965050897777E-5));
#8371=CARTESIAN_POINT('',(-0.0240899725158468,0.0191463895281444,-0.000157973640660912));
#8372=CARTESIAN_POINT('',(-0.023420207090004,0.0190550237831483,-0.000250113897089648));
#8373=CARTESIAN_POINT('',(-0.022731352198834,0.0189652486918186,-0.000362727168977629));
#8374=CARTESIAN_POINT('',(-0.022139406622232,0.0188967407890924,-0.000468036202337319));
#8375=CARTESIAN_POINT('',(-0.021718937189508,0.0188537888343175,-0.00054553806433839));
#8376=CARTESIAN_POINT('',(-0.0214771619351346,0.0188311159413091,-0.000589768060326121));
#8377=CARTESIAN_POINT('',(-0.0212952111211421,0.0188151411148809,-0.000622501320800602));
#8378=CARTESIAN_POINT('',(-0.0211431809131818,0.0188027626654212,-0.000649078580520046));
#8379=CARTESIAN_POINT('',(-0.02102138729941,0.0187934651239875,-0.0006696917846686));
#8380=CARTESIAN_POINT('',(-0.0209299763378089,0.0187868057463715,-0.000684765583403538));
#8381=CARTESIAN_POINT('',(-0.020838519444537,0.0187804713121023,-0.000699388181539988));
#8382=CARTESIAN_POINT('',(-0.0207470375547432,0.0187744730067562,-0.000713489967172307));
#8383=CARTESIAN_POINT('',(-0.0206555526087705,0.0187688218672034,-0.000726997426811618));
#8384=CARTESIAN_POINT('',(-0.0205335990243416,0.0187617642723228,-0.000744113204503093));
#8385=CARTESIAN_POINT('',(-0.0203812658788553,0.0187538640463769,-0.000763632652799541));
#8386=CARTESIAN_POINT('',(-0.0201380332677029,0.0187433046724563,-0.000789966919821053));
#8387=CARTESIAN_POINT('',(-0.0198354620816761,0.0187342098265901,-0.000811931223647923));
#8388=CARTESIAN_POINT('',(-0.0195364459350722,0.018731114221951,-0.000814134769139514));
#8389=CARTESIAN_POINT('',(-0.0193004358410631,0.0187325346635652,-0.000800683988585658));
#8390=CARTESIAN_POINT('',(-0.019125317066279,0.0187356205256709,-0.000782121626952051));
#8391=CARTESIAN_POINT('',(-0.0189523854415958,0.0187407978603124,-0.000754204287115696));
#8392=CARTESIAN_POINT('',(-0.018781948121095,0.0187481370185127,-0.000716051515241036));
#8393=CARTESIAN_POINT('',(-0.0186143193178184,0.0187577096154513,-0.000666795250512981));
#8394=CARTESIAN_POINT('',(-0.0183949826957617,0.0187735501751449,-0.000585197150505231));
#8395=CARTESIAN_POINT('',(-0.0181294259619489,0.0187993207090369,-0.000451381012267054));
#8396=CARTESIAN_POINT('',(-0.0177260357523098,0.0188542251109097,-0.000162316491522197));
#8397=CARTESIAN_POINT('',(-0.0172683569963865,0.0189470104605184,0.000340455505272985));
#8398=CARTESIAN_POINT('',(-0.016788088875076,0.0191016983403543,0.00114957035591525));
#8399=CARTESIAN_POINT('',(-0.016339727767283,0.01927545917018,0.00200398076717375));
#8400=CARTESIAN_POINT('',(-0.0160499415269409,0.0193935734090438,0.00255255025465684));
#8401=CARTESIAN_POINT('',(-0.0159054847729472,0.0194527702991274,0.00282475352814288));
#8402=CARTESIAN_POINT('',(-0.0267350019997127,0.0186434951603535,-7.72717289005418E-6));
#8403=CARTESIAN_POINT('',(-0.0265043218728285,0.018635922349705,5.03508952951577E-6));
#8404=CARTESIAN_POINT('',(-0.0260441759432159,0.0186176947546714,1.94632805380589E-5));
#8405=CARTESIAN_POINT('',(-0.0253563261601476,0.0185821108481504,1.11714606710975E-5));
#8406=CARTESIAN_POINT('',(-0.0246704446433109,0.0185378745564317,-2.66087305577415E-5));
#8407=CARTESIAN_POINT('',(-0.0239780057347095,0.0184891507909847,-9.66767087640505E-5));
#8408=CARTESIAN_POINT('',(-0.0232607891120341,0.0184408813841963,-0.000188774424914158));
#8409=CARTESIAN_POINT('',(-0.022647811563852,0.0184023767857945,-0.000290820936312541));
#8410=CARTESIAN_POINT('',(-0.0222105224802339,0.0183798326028703,-0.000372073916605309));
#8411=CARTESIAN_POINT('',(-0.0219589613328284,0.0183685077788806,-0.000420006167773517));
#8412=CARTESIAN_POINT('',(-0.0217695521387109,0.0183608735718784,-0.000456453096965868));
#8413=CARTESIAN_POINT('',(-0.0216112078714762,0.0183553014121153,-0.000486862291410642));
#8414=CARTESIAN_POINT('',(-0.0214843040897065,0.0183513621093933,-0.000510945946024046));
#8415=CARTESIAN_POINT('',(-0.0213890330802584,0.0183486777862444,-0.000528812602656275));
#8416=CARTESIAN_POINT('',(-0.0212936909316597,0.0183462742463862,-0.000546404452329479));
#8417=CARTESIAN_POINT('',(-0.0211983002101505,0.0183441617101238,-0.000563641000501166));
#8418=CARTESIAN_POINT('',(-0.0211028842938257,0.0183423502890976,-0.000580438941331367));
#8419=CARTESIAN_POINT('',(-0.0209756621804398,0.0183403501315116,-0.000602133766654159));
#8420=CARTESIAN_POINT('',(-0.0208166967283809,0.0183386525694061,-0.000627704809214584));
#8421=CARTESIAN_POINT('',(-0.020562776351158,0.0183377455397533,-0.000664269289149191));
#8422=CARTESIAN_POINT('',(-0.0202467833387702,0.0183401908860891,-0.000699652958313323));
#8423=CARTESIAN_POINT('',(-0.0199344143637072,0.0183478560047104,-0.000714991861146091));
#8424=CARTESIAN_POINT('',(-0.0196878774269594,0.0183573703574122,-0.000711124943270314));
#8425=CARTESIAN_POINT('',(-0.0195049691405534,0.0183662560442988,-0.000699073778481347));
#8426=CARTESIAN_POINT('',(-0.0193243809658306,0.0183769486894616,-0.00067677944358851));
#8427=CARTESIAN_POINT('',(-0.0191464468982333,0.0183895039480012,-0.000643144721828446));
#8428=CARTESIAN_POINT('',(-0.0189715041898478,0.0184039741487661,-0.000597082402758998));
#8429=CARTESIAN_POINT('',(-0.0187426851192758,0.0184258855788012,-0.000517681624716342));
#8430=CARTESIAN_POINT('',(-0.0184658052056306,0.0184582875479042,-0.000382170763270111));
#8431=CARTESIAN_POINT('',(-0.018045853257757,0.0185212940504802,-7.92845162063899E-5));
#8432=CARTESIAN_POINT('',(-0.0175684387450491,0.0186244742615008,0.000472236355597112));
#8433=CARTESIAN_POINT('',(-0.0170608935458156,0.0187780245449159,0.00132748751246782));
#8434=CARTESIAN_POINT('',(-0.0165777808613972,0.0189452866110393,0.00220535589258523));
#8435=CARTESIAN_POINT('',(-0.0162629374120275,0.0190598994462452,0.00278237973523658));
#8436=CARTESIAN_POINT('',(-0.016106673722582,0.0191176249823474,0.00306712510600795));
#8437=CARTESIAN_POINT('',(-0.0273427636879357,0.0179511888760466,-0.000111260153781614));
#8438=CARTESIAN_POINT('',(-0.0271131814592641,0.0179447110094307,-9.20265144956712E-5));
#8439=CARTESIAN_POINT('',(-0.0266475024992025,0.0179368910594261,-3.63802854841492E-5));
#8440=CARTESIAN_POINT('',(-0.0259360299579827,0.0179339602319275,4.72652728288146E-6));
#8441=CARTESIAN_POINT('',(-0.025224366574396,0.0179285054477998,1.47253086613692E-5));
#8442=CARTESIAN_POINT('',(-0.0245033915898874,0.0179228435367749,-7.33055748434802E-6));
#8443=CARTESIAN_POINT('',(-0.0237709809740087,0.0179090438999474,-6.6226498298867E-5));
#8444=CARTESIAN_POINT('',(-0.0231392729301474,0.0179001287438488,-0.000150479449910993));
#8445=CARTESIAN_POINT('',(-0.0226893716444662,0.0178968861091923,-0.000225520915194141));
#8446=CARTESIAN_POINT('',(-0.022430122724223,0.0178962191307619,-0.000272742347428238));
#8447=CARTESIAN_POINT('',(-0.0222347409120304,0.0178964237577677,-0.0003096976967951));
#8448=CARTESIAN_POINT('',(-0.0220712452390265,0.017897260138444,-0.000341384376978034));
#8449=CARTESIAN_POINT('',(-0.021940122842387,0.0178983703207576,-0.000367001858348535));
#8450=CARTESIAN_POINT('',(-0.0218416381707206,0.0178994333317891,-0.000386276716157382));
#8451=CARTESIAN_POINT('',(-0.0217430320275724,0.0179007365162601,-0.000405535176966309));
#8452=CARTESIAN_POINT('',(-0.0216443282054119,0.0179022898091962,-0.000424687730919468));
#8453=CARTESIAN_POINT('',(-0.0215455523893103,0.0179041026833637,-0.00044363551873272));
#8454=CARTESIAN_POINT('',(-0.0214137911977095,0.0179068774928448,-0.00046848772773788));
#8455=CARTESIAN_POINT('',(-0.0212490479335934,0.0179110386422184,-0.000498505759158856));
#8456=CARTESIAN_POINT('',(-0.0209856888820858,0.0179192710968236,-0.000543034935354362));
#8457=CARTESIAN_POINT('',(-0.0206575294931555,0.017932656059054,-0.000589649327142226));
#8458=CARTESIAN_POINT('',(-0.020332706321379,0.0179505428159315,-0.000616689010586176));
#8459=CARTESIAN_POINT('',(-0.020076155420152,0.0179677445587269,-0.000621524406764255));
#8460=CARTESIAN_POINT('',(-0.0198857463189341,0.0179821374752641,-0.000615444801651467));
#8461=CARTESIAN_POINT('',(-0.0196977023334864,0.0179980660068105,-0.000598318394192992));
#8462=CARTESIAN_POINT('',(-0.0195123903313363,0.0180155727634794,-0.000568803589329844));
#8463=CARTESIAN_POINT('',(-0.0193301819558233,0.0180347029057587,-0.000525577997131837));
#8464=CARTESIAN_POINT('',(-0.019091867877077,0.018062437663171,-0.000447958694665826));
#8465=CARTESIAN_POINT('',(-0.0188035643392976,0.0181014140614843,-0.000310454320628254));
#8466=CARTESIAN_POINT('',(-0.0183658232589346,0.0181732898563632,7.97849224315125E-6));
#8467=CARTESIAN_POINT('',(-0.0178678830557793,0.0182812450920293,0.000604318355725826));
#8468=CARTESIAN_POINT('',(-0.0173301572338924,0.0184331468078103,0.00149102893563451));
#8469=CARTESIAN_POINT('',(-0.0168139430878562,0.0185938545466999,0.0023885283140384));
#8470=CARTESIAN_POINT('',(-0.0164767646220589,0.0187055606037511,0.00297552256526353));
#8471=CARTESIAN_POINT('',(-0.0163091424553219,0.0187618069195535,0.00326757580484861));
#8472=CARTESIAN_POINT('',(-0.0279117152015528,0.0172864102816327,-0.000194532623757845));
#8473=CARTESIAN_POINT('',(-0.0276729394095071,0.0172888232480967,-0.000166086643065743));
#8474=CARTESIAN_POINT('',(-0.0271947750432417,0.0172940092398658,-0.000114701278107263));
#8475=CARTESIAN_POINT('',(-0.0264559452970234,0.0173170654481444,-5.26315619671478E-5));
#8476=CARTESIAN_POINT('',(-0.0257357346927255,0.0173302907933009,-6.63790586983041E-6));
#8477=CARTESIAN_POINT('',(-0.0250010289698137,0.0173511410882976,1.27198791591517E-5));
#8478=CARTESIAN_POINT('',(-0.0242492117144063,0.0173744362397329,-5.43522437875064E-7));
#8479=CARTESIAN_POINT('',(-0.0236086582596664,0.0173932271250214,-4.87936148810615E-5));
#8480=CARTESIAN_POINT('',(-0.0231495552194373,0.0174078461614343,-0.000109800130763992));
#8481=CARTESIAN_POINT('',(-0.0228847103733648,0.0174171736893516,-0.000150170569362369));
#8482=CARTESIAN_POINT('',(-0.0226849096889421,0.0174247244048488,-0.000183401344839059));
#8483=CARTESIAN_POINT('',(-0.0225175458664085,0.0174315493479483,-0.000213243259511724));
#8484=CARTESIAN_POINT('',(-0.0223831983111962,0.0174373746467769,-0.000238107713547196));
#8485=CARTESIAN_POINT('',(-0.0222822300631234,0.017441937407384,-0.000257156152395468));
#8486=CARTESIAN_POINT('',(-0.0221810760439616,0.0174467040921875,-0.000276500746694095));
#8487=CARTESIAN_POINT('',(-0.0220797573380576,0.0174516834976107,-0.000296040514639116));
#8488=CARTESIAN_POINT('',(-0.0219782954577972,0.0174568842201151,-0.000315674084900439));
#8489=CARTESIAN_POINT('',(-0.0218428533612614,0.0174641256976853,-0.000341830591542924));
#8490=CARTESIAN_POINT('',(-0.0216733147745662,0.0174737725980951,-0.00037419555815707));
#8491=CARTESIAN_POINT('',(-0.0214018658476227,0.0174905364464155,-0.000423911286942424));
#8492=CARTESIAN_POINT('',(-0.0210629734312686,0.0175141342235725,-0.000479113646779672));
#8493=CARTESIAN_POINT('',(-0.0207267445637042,0.017541521163347,-0.000516028648447156));
#8494=CARTESIAN_POINT('',(-0.0204608384516145,0.0175658341155203,-0.000528577851582136));
#8495=CARTESIAN_POINT('',(-0.020263339495243,0.0175852939192306,-0.000527864893699967));
#8496=CARTESIAN_POINT('',(-0.020068173181233,0.0176059987440141,-0.000515380891284007));
#8497=CARTESIAN_POINT('',(-0.0198757488133891,0.0176279672487663,-0.000489468409544845));
#8498=CARTESIAN_POINT('',(-0.0196864706092914,0.0176512116053516,-0.00044849257556159));
#8499=CARTESIAN_POINT('',(-0.0194388232286312,0.0176839177393445,-0.000371675589336269));
#8500=CARTESIAN_POINT('',(-0.019139063389786,0.017728029690946,-0.000230398506411808));
#8501=CARTESIAN_POINT('',(-0.0186843918241278,0.0178059992803359,0.000103353407846367));
#8502=CARTESIAN_POINT('',(-0.0181655901378344,0.0179154724308854,0.000733077545192094));
#8503=CARTESIAN_POINT('',(-0.017596950058616,0.0180651670687929,0.00163865734456413));
#8504=CARTESIAN_POINT('',(-0.017049114954899,0.0182247189303472,0.00253917901910396));
#8505=CARTESIAN_POINT('',(-0.0166911134605051,0.0183342702203367,0.00313318509999868));
#8506=CARTESIAN_POINT('',(-0.0165131266500539,0.0183895726260701,0.00342829942783929));
#8507=CARTESIAN_POINT('',(-0.0284342725793998,0.0166584406477474,-0.000261090378888397));
#8508=CARTESIAN_POINT('',(-0.0281893607790362,0.0166667121097282,-0.000234616504670947));
#8509=CARTESIAN_POINT('',(-0.027695778099294,0.0166860756810726,-0.000181972139729186));
#8510=CARTESIAN_POINT('',(-0.0269533308628439,0.0167182408320971,-0.000112340082016557));
#8511=CARTESIAN_POINT('',(-0.0262105535701196,0.0167525035533278,-5.68197199302591E-5));
#8512=CARTESIAN_POINT('',(-0.0254620537818643,0.0167912584444214,-1.23612987184643E-5));
#8513=CARTESIAN_POINT('',(-0.0246989591013928,0.0168404999486079,1.15374773418265E-5));
#8514=CARTESIAN_POINT('',(-0.0240487830857237,0.0168853349181639,2.11615957266317E-6));
#8515=CARTESIAN_POINT('',(-0.023584575591996,0.01691671612306,-2.91798584244104E-5));
#8516=CARTESIAN_POINT('',(-0.0233166072743284,0.0169351632436801,-5.74839000484491E-5));
#8517=CARTESIAN_POINT('',(-0.0231142968744121,0.0169494141930093,-8.29384293335759E-5));
#8518=CARTESIAN_POINT('',(-0.0229445699036996,0.0169617306626288,-0.00010729769913413));
#8519=CARTESIAN_POINT('',(-0.0228081396737862,0.0169718859763194,-0.000128465189664073));
#8520=CARTESIAN_POINT('',(-0.0227055003350795,0.0169796612302493,-0.000145132234363379));
#8521=CARTESIAN_POINT('',(-0.0226025567763906,0.0169876035245298,-0.00016253219467929));
#8522=CARTESIAN_POINT('',(-0.022499330168739,0.0169957224054395,-0.000180573185647846));
#8523=CARTESIAN_POINT('',(-0.0223958482288027,0.0170040264331541,-0.000199135922963666));
#8524=CARTESIAN_POINT('',(-0.0222575732025797,0.0170153536595528,-0.000224408105967437));
#8525=CARTESIAN_POINT('',(-0.0220842538545542,0.0170300099683262,-0.000256614701862225));
#8526=CARTESIAN_POINT('',(-0.0218062997146628,0.0170546171089458,-0.000307766834807659));
#8527=CARTESIAN_POINT('',(-0.0214582410511372,0.017087577595899,-0.000367898829711251));
#8528=CARTESIAN_POINT('',(-0.0211118065705128,0.0171236004581274,-0.000412803532927533));
#8529=CARTESIAN_POINT('',(-0.0208373173913532,0.0171542687744049,-0.000432173966486075));
#8530=CARTESIAN_POINT('',(-0.0206332380441537,0.0171782035819865,-0.000436510300985288));
#8531=CARTESIAN_POINT('',(-0.020431415119237,0.0172030809514174,-0.000428653210468948));
#8532=CARTESIAN_POINT('',(-0.0202323131437155,0.0172289041565871,-0.00040659932758947));
#8533=CARTESIAN_POINT('',(-0.02003639486604,0.0172556778742178,-0.000368390664753606));
#8534=CARTESIAN_POINT('',(-0.0197800039569099,0.0172926363747053,-0.000293438343224957));
#8535=CARTESIAN_POINT('',(-0.0194696096543245,0.0173411476492461,-0.000150567623844004));
#8536=CARTESIAN_POINT('',(-0.0189974911397381,0.0174226542323292,0.000196805532310117));
#8537=CARTESIAN_POINT('',(-0.0184582024422241,0.0175330583074759,0.000850662398223863));
#8538=CARTESIAN_POINT('',(-0.0178595088311965,0.0176825993292523,0.00175273985724646));
#8539=CARTESIAN_POINT('',(-0.0172837510155762,0.0178419474703839,0.00265666650507674));
#8540=CARTESIAN_POINT('',(-0.0169069178506943,0.0179509951121787,0.0032507820902056));
#8541=CARTESIAN_POINT('',(-0.0167195039507205,0.0180058455881373,0.00354680699105323));
#8542=CARTESIAN_POINT('',(-0.0289194747542963,0.0160615725903114,-0.000317533179952072));
#8543=CARTESIAN_POINT('',(-0.0286689204527756,0.0160752549000734,-0.000291336778329848));
#8544=CARTESIAN_POINT('',(-0.0281671741754172,0.0161033165841098,-0.000240680806867054));
#8545=CARTESIAN_POINT('',(-0.0274110922300347,0.016149177724801,-0.000170534779122093));
#8546=CARTESIAN_POINT('',(-0.0266529560147719,0.0161984271992787,-0.000108245308090013));
#8547=CARTESIAN_POINT('',(-0.0258873427909696,0.0162549329201459,-5.64588815487343E-5));
#8548=CARTESIAN_POINT('',(-0.0251121450103881,0.0163206492791455,-1.31688131430291E-5));
#8549=CARTESIAN_POINT('',(-0.02445729432531,0.0163829416181022,8.24025464381132E-6));
#8550=CARTESIAN_POINT('',(-0.0239906200626461,0.0164282712706657,4.66523902809771E-6));
#8551=CARTESIAN_POINT('',(-0.0237211046230487,0.0164547060974062,-4.73038845025557E-6));
#8552=CARTESIAN_POINT('',(-0.0235173409079372,0.0164748420984956,-1.70613173606742E-5));
#8553=CARTESIAN_POINT('',(-0.0233462120911343,0.0164919456592338,-3.19919127765869E-5));
#8554=CARTESIAN_POINT('',(-0.0232085485842698,0.0165058845623698,-4.65485401444804E-5));
#8555=CARTESIAN_POINT('',(-0.0231049403556461,0.0165164851496426,-5.86570884834508E-5));
#8556=CARTESIAN_POINT('',(-0.0230009878907796,0.0165272472778759,-7.182595374219E-5));
#8557=CARTESIAN_POINT('',(-0.0228966964526209,0.0165381805183577,-8.59575511420827E-5));
#8558=CARTESIAN_POINT('',(-0.0227920649794643,0.0165492926253065,-0.000100978168563878));
#8559=CARTESIAN_POINT('',(-0.0226521035643528,0.0165643578942218,-0.00012208320403604));
#8560=CARTESIAN_POINT('',(-0.0224763130574799,0.0165836597906793,-0.000150274383992852));
#8561=CARTESIAN_POINT('',(-0.0221934705749586,0.0166154706958028,-0.000198057888570635));
#8562=CARTESIAN_POINT('',(-0.021838028754114,0.0166570120765641,-0.000258917122636728));
#8563=CARTESIAN_POINT('',(-0.0214827122509912,0.01670068308889,-0.000309034146479346));
#8564=CARTESIAN_POINT('',(-0.0212005605092228,0.0167368255002081,-0.000334419385544639));
#8565=CARTESIAN_POINT('',(-0.0209905263366784,0.0167645132378411,-0.000343670875256518));
#8566=CARTESIAN_POINT('',(-0.0207826064597887,0.0167927665039811,-0.000340697746027361));
#8567=CARTESIAN_POINT('',(-0.020577343308371,0.0168215862301588,-0.000323044182162999));
#8568=CARTESIAN_POINT('',(-0.0203752514803099,0.0168509698320983,-0.000288321112077423));
#8569=CARTESIAN_POINT('',(-0.0201106780668704,0.0168909097275698,-0.000216295643429705));
#8570=CARTESIAN_POINT('',(-0.0197902195256638,0.0169423006764764,-7.31555716773913E-5));
#8571=CARTESIAN_POINT('',(-0.0193034080514848,0.0170282042141965,0.000280902361631413));
#8572=CARTESIAN_POINT('',(-0.0187439905578798,0.0171413043010436,0.000947657934619163));
#8573=CARTESIAN_POINT('',(-0.0181197557702026,0.0172921675813856,0.00184085967957718));
#8574=CARTESIAN_POINT('',(-0.0175190336760646,0.0174524602574404,0.0027369455576831));
#8575=CARTESIAN_POINT('',(-0.0171254798311341,0.0175613200975604,0.00332859545747331));
#8576=CARTESIAN_POINT('',(-0.0169296254723381,0.0176159880179273,0.00362338456770683));
#8577=CARTESIAN_POINT('',(-0.0293728941612845,0.0154919833366702,-0.000365495058761167));
#8578=CARTESIAN_POINT('',(-0.0291179133043589,0.0155099475781959,-0.000340652663993805));
#8579=CARTESIAN_POINT('',(-0.0286069653943948,0.0155468117743543,-0.000291750376615114));
#8580=CARTESIAN_POINT('',(-0.0278379811915317,0.0156050936070587,-0.000222486005017459));
#8581=CARTESIAN_POINT('',(-0.0270644071676174,0.0156684803332263,-0.000159485712233485));
#8582=CARTESIAN_POINT('',(-0.026284031086145,0.0157389990967967,-0.000102825417400743));
#8583=CARTESIAN_POINT('',(-0.0254951989746171,0.015818878713212,-5.4451968535625E-5));
#8584=CARTESIAN_POINT('',(-0.0248292700076783,0.0158896641901305,-1.69608665269157E-5));
#8585=CARTESIAN_POINT('',(-0.0243584974438742,0.0159462246619547,1.3483061296702E-7));
#8586=CARTESIAN_POINT('',(-0.0240885796156814,0.0159794192861223,5.17576414477269E-6));
#8587=CARTESIAN_POINT('',(-0.0238851280642334,0.0160048422511994,6.19326904130338E-6));
#8588=CARTESIAN_POINT('',(-0.023714685838922,0.0160264288824672,3.76386794813388E-6));
#8589=CARTESIAN_POINT('',(-0.023577532735647,0.0160439980381023,-5.46833147929693E-7));
#8590=CARTESIAN_POINT('',(-0.0234741859185798,0.0160573250324018,-5.14048981309617E-6));
#8591=CARTESIAN_POINT('',(-0.0233702899228545,0.0160708012694885,-1.12614542521245E-5));
#8592=CARTESIAN_POINT('',(-0.0232658167271257,0.0160844285578313,-1.8968941361365E-5));
#8593=CARTESIAN_POINT('',(-0.0231607748557904,0.0160982040371047,-2.82223914625304E-5));
#8594=CARTESIAN_POINT('',(-0.0230200018037754,0.0161167562160136,-4.24933798966668E-5));
#8595=CARTESIAN_POINT('',(-0.0228428090472862,0.0161402878111756,-6.35600096453286E-5));
#8596=CARTESIAN_POINT('',(-0.0225571815592248,0.0161787309749973,-0.000102071510737341));
#8597=CARTESIAN_POINT('',(-0.0221964341584582,0.0162278850270794,-0.000156581965184622));
#8598=CARTESIAN_POINT('',(-0.0218340248262653,0.0162779897246723,-0.000208778215292932));
#8599=CARTESIAN_POINT('',(-0.0215454157686417,0.0163184518168859,-0.000238689270798356));
#8600=CARTESIAN_POINT('',(-0.0213302731505689,0.0163490183711895,-0.000252540289067165));
#8601=CARTESIAN_POINT('',(-0.0211171145252089,0.0163798565067481,-0.000254866624739156));
#8602=CARTESIAN_POINT('',(-0.020906575512722,0.0164110010062474,-0.000242665548518143));
#8603=CARTESIAN_POINT('',(-0.0206992811026389,0.0164424948860774,-0.000212978052834023));
#8604=CARTESIAN_POINT('',(-0.0204279601393153,0.0164849783015694,-0.00014640200541488));
#8605=CARTESIAN_POINT('',(-0.02009954401751,0.0165390232160616,-6.68805383189025E-6));
#8606=CARTESIAN_POINT('',(-0.0196002310350139,0.016627987882339,0.000350923597250119));
#8607=CARTESIAN_POINT('',(-0.0190243155528079,0.016745186688335,0.00102234648664631));
#8608=CARTESIAN_POINT('',(-0.0183795064565119,0.0169001606562779,0.00190045843942909));
#8609=CARTESIAN_POINT('',(-0.0177569145097082,0.0170613754510613,0.00278300420152498));
#8610=CARTESIAN_POINT('',(-0.0173482143119917,0.0171700277810145,0.00336837910033472));
#8611=CARTESIAN_POINT('',(-0.0171447751629589,0.0172244953667036,0.0036604089946761));
#8612=CARTESIAN_POINT('',(-0.0297988395884758,0.0149463993393058,-0.000407165526714861));
#8613=CARTESIAN_POINT('',(-0.0295396056617409,0.0149683536674992,-0.000383212896985932));
#8614=CARTESIAN_POINT('',(-0.0290205025731783,0.0150129170474395,-0.000336062627110681));
#8615=CARTESIAN_POINT('',(-0.0282385202421909,0.0150831475222168,-0.000268508875335781));
#8616=CARTESIAN_POINT('',(-0.0274513095801459,0.0151587003660568,-0.000205523270637433));
#8617=CARTESIAN_POINT('',(-0.0266567081885681,0.0152419769389817,-0.000148303722704367));
#8618=CARTESIAN_POINT('',(-0.0258531547159249,0.0153334559658157,-9.51564027794807E-5));
#8619=CARTESIAN_POINT('',(-0.0251756075736061,0.0154190707503403,-5.43508422695916E-5));
#8620=CARTESIAN_POINT('',(-0.0246985033879369,0.0154836116893856,-2.89773883931574E-5));
#8621=CARTESIAN_POINT('',(-0.0244248267654574,0.0155220763657077,-1.55180967224256E-5));
#8622=CARTESIAN_POINT('',(-0.0242192759369094,0.0155515842166657,-6.5386882239617E-6));
#8623=CARTESIAN_POINT('',(-0.024047774489528,0.0155765408838133,-5.79008501648288E-7));
#8624=CARTESIAN_POINT('',(-0.0239102893257043,0.0155967207383906,2.8349847228503E-6));
#8625=CARTESIAN_POINT('',(-0.0238069494762948,0.0156119952256527,4.63399675135808E-6));
#8626=CARTESIAN_POINT('',(-0.0237033236615922,0.0156274306036075,5.54559713987967E-6));
#8627=CARTESIAN_POINT('',(-0.0235993428036747,0.0156430362197944,5.40780722792233E-6));
#8628=CARTESIAN_POINT('',(-0.0234949172873503,0.0156588272049874,4.09202784416602E-6));
#8629=CARTESIAN_POINT('',(-0.0233549718990561,0.0156801444947187,6.16832669417082E-7));
#8630=CARTESIAN_POINT('',(-0.0231784891645648,0.0157072285987076,-7.34886193252743E-6));
#8631=CARTESIAN_POINT('',(-0.0228923371231463,0.0157508924421767,-2.91635254275396E-5));
#8632=CARTESIAN_POINT('',(-0.0225291906348533,0.0158056917265856,-7.06964497082952E-5));
#8633=CARTESIAN_POINT('',(-0.0221617562649425,0.01585973838699,-0.000117355844421394));
#8634=CARTESIAN_POINT('',(-0.0218680441748071,0.0159027488831933,-0.000148716696695609));
#8635=CARTESIAN_POINT('',(-0.0216486386831401,0.0159349488102279,-0.000165774110433282));
#8636=CARTESIAN_POINT('',(-0.0214309201488782,0.0159671780270389,-0.000172839616216458));
#8637=CARTESIAN_POINT('',(-0.021215772444026,0.0159996069541672,-0.000166243984283448));
#8638=CARTESIAN_POINT('',(-0.0210040132999017,0.0160323992516772,-0.00014236168824556));
#8639=CARTESIAN_POINT('',(-0.0207271857322272,0.0160768334483069,-8.29221679576435E-5));
#8640=CARTESIAN_POINT('',(-0.0203929315443932,0.0161339735666898,5.05973224715932E-5));
#8641=CARTESIAN_POINT('',(-0.019885700277004,0.0162275972053149,0.000407485340031826));
#8642=CARTESIAN_POINT('',(-0.0193010457689494,0.0163516519756539,0.00107081158060799));
#8643=CARTESIAN_POINT('',(-0.0186403790244374,0.0165103363256566,0.00192957265388601));
#8644=CARTESIAN_POINT('',(-0.0179977840708293,0.0166715000776965,0.00279689868079162));
#8645=CARTESIAN_POINT('',(-0.0175756155691248,0.0167796464127926,0.00337350728769326));
#8646=CARTESIAN_POINT('',(-0.0173653416762115,0.016833781152146,0.00366160147806688));
#8647=CARTESIAN_POINT('',(-0.0302015697168996,0.0144217085424037,-0.00044312421888741));
#8648=CARTESIAN_POINT('',(-0.0299385949620216,0.0144471588030997,-0.000419943534733218));
#8649=CARTESIAN_POINT('',(-0.0294118723906207,0.0144987968063188,-0.000374117672630889));
#8650=CARTESIAN_POINT('',(-0.028618224714112,0.0145796505987401,-0.000307900769424376));
#8651=CARTESIAN_POINT('',(-0.0278186786070673,0.0146662522722299,-0.000245566116282962));
#8652=CARTESIAN_POINT('',(-0.0270112238998787,0.0147605498863667,-0.000187575810780542));
#8653=CARTESIAN_POINT('',(-0.0261945284626511,0.0148646845843057,-0.000133627298044498));
#8654=CARTESIAN_POINT('',(-0.0255067132200947,0.0149608399871506,-9.1146260245104E-5));
#8655=CARTESIAN_POINT('',(-0.025022433399765,0.0150338348444749,-6.24457380725614E-5));
#8656=CARTESIAN_POINT('',(-0.0247453017414495,0.0150769421400984,-4.6857342467599E-5));
#8657=CARTESIAN_POINT('',(-0.0245371817836997,0.0151099552250532,-3.55877375138704E-5));
#8658=CARTESIAN_POINT('',(-0.0243634533547698,0.0151380668972739,-2.65941785454467E-5));
#8659=CARTESIAN_POINT('',(-0.0242242710174808,0.0151608801080226,-1.96832266857716E-5));
#8660=CARTESIAN_POINT('',(-0.0241197876128651,0.0151781219676341,-1.46927099810559E-5));
#8661=CARTESIAN_POINT('',(-0.0240151745921203,0.0151954697525618,-9.96020338101932E-6));
#8662=CARTESIAN_POINT('',(-0.02391037201115,0.0152129011684931,-5.60211450437772E-6));
#8663=CARTESIAN_POINT('',(-0.0238052929466447,0.0152303959252093,-1.79641707869155E-6));
#8664=CARTESIAN_POINT('',(-0.023664664153619,0.0152538046841501,2.34192292877063E-6));
#8665=CARTESIAN_POINT('',(-0.0234876060180983,0.0152832407034076,5.52577512694802E-6));
#8666=CARTESIAN_POINT('',(-0.023201477812986,0.0153304614374261,4.87537673315216E-6));
#8667=CARTESIAN_POINT('',(-0.0228374163770335,0.0153888462896242,-9.49637522034731E-6));
#8668=CARTESIAN_POINT('',(-0.0224669886018133,0.0154461748596002,-4.40706072459933E-5));
#8669=CARTESIAN_POINT('',(-0.0221688663986204,0.0154905418758953,-7.13080400057508E-5));
#8670=CARTESIAN_POINT('',(-0.0219453613363777,0.0155231838699533,-8.83652306944704E-5));
#8671=CARTESIAN_POINT('',(-0.0217231537341801,0.0155555187797271,-9.79472797040751E-5));
#8672=CARTESIAN_POINT('',(-0.0215034357719549,0.0155878828457607,-9.55962864170271E-5));
#8673=CARTESIAN_POINT('',(-0.0212874462173993,0.0156206858533238,-7.67268220308167E-5));
#8674=CARTESIAN_POINT('',(-0.021005851908741,0.0156654631051228,-2.37957376769843E-5));
#8675=CARTESIAN_POINT('',(-0.0206681007821884,0.015724184138172,0.000103299543639039));
#8676=CARTESIAN_POINT('',(-0.0201621428176642,0.0158269404314766,0.000452872595108773));
#8677=CARTESIAN_POINT('',(-0.0195760205491757,0.0159616949018789,0.001095311947067));
#8678=CARTESIAN_POINT('',(-0.0189003180471474,0.0161223299018,0.00193350749105365));
#8679=CARTESIAN_POINT('',(-0.0182409492430054,0.0162831091650969,0.0027813374451742));
#8680=CARTESIAN_POINT('',(-0.0178066538224807,0.0163903755106489,0.00334807234284605));
#8681=CARTESIAN_POINT('',(-0.0175903747589901,0.0164440816168024,0.00363156748333289));
#8682=CARTESIAN_POINT('',(-0.0305212955850146,0.013999334003005,-0.000468754919719623));
#8683=CARTESIAN_POINT('',(-0.0302555476338983,0.0140273770165578,-0.000445969507878201));
#8684=CARTESIAN_POINT('',(-0.0297232803274511,0.0140841832279003,-0.000400855335776693));
#8685=CARTESIAN_POINT('',(-0.0289210504092634,0.0141729561910341,-0.000335317321568568));
#8686=CARTESIAN_POINT('',(-0.0281126196259736,0.0142675959035513,-0.000273023946145967));
#8687=CARTESIAN_POINT('',(-0.027295966889995,0.0143703513507848,-0.000214580299992117));
#8688=CARTESIAN_POINT('',(-0.0264701084816582,0.0144830591381566,-0.000159872528692265));
#8689=CARTESIAN_POINT('',(-0.0257746706077363,0.0145865847122429,-0.000116783379311472));
#8690=CARTESIAN_POINT('',(-0.0252851702717373,0.0146641480255271,-8.78290906732191E-5));
#8691=CARTESIAN_POINT('',(-0.0250047365979056,0.0147098930553277,-7.15871098827189E-5));
#8692=CARTESIAN_POINT('',(-0.0247940717168706,0.0147448823706181,-5.96147928906441E-5));
#8693=CARTESIAN_POINT('',(-0.0246182028289061,0.0147745505751779,-4.98890764073544E-5));
#8694=CARTESIAN_POINT('',(-0.0244772430279515,0.0147985715255934,-4.23622144847934E-5));
#8695=CARTESIAN_POINT('',(-0.0243713525024701,0.0148167335712872,-3.68695730348207E-5));
#8696=CARTESIAN_POINT('',(-0.0242652589271176,0.01483504290769,-3.15620341256625E-5));
#8697=CARTESIAN_POINT('',(-0.0241589310904713,0.0148535000119175,-2.64540655885064E-5));
#8698=CARTESIAN_POINT('',(-0.0240523424611474,0.01487210535998,-2.15337707336021E-5));
#8699=CARTESIAN_POINT('',(-0.0239098571947798,0.0148970951716867,-1.5239007199944E-5));
#8700=CARTESIAN_POINT('',(-0.0237310396002893,0.0149286250788404,-7.99150680467218E-6));
#8701=CARTESIAN_POINT('',(-0.0234428915385284,0.0149794752288164,1.26266843838941E-6));
#8702=CARTESIAN_POINT('',(-0.0230785064462711,0.0150431210278498,4.84297367312489E-6));
#8703=CARTESIAN_POINT('',(-0.0227055063379532,0.0151031078327236,-7.99652433084927E-6));
#8704=CARTESIAN_POINT('',(-0.0224032597890386,0.0151479808391501,-2.60860082248199E-5));
#8705=CARTESIAN_POINT('',(-0.0221759629359124,0.0151804790378511,-3.96045146792128E-5));
#8706=CARTESIAN_POINT('',(-0.0219496788366547,0.0152123886399138,-4.86101930413456E-5));
#8707=CARTESIAN_POINT('',(-0.0217263099183335,0.0152445202510283,-4.79569208579954E-5));
#8708=CARTESIAN_POINT('',(-0.0215074842721226,0.0152775663573112,-3.22982909320172E-5));
#8709=CARTESIAN_POINT('',(-0.0212236468433465,0.0153237001966158,1.55259350798879E-5));
#8710=CARTESIAN_POINT('',(-0.020885850228032,0.0153860863391376,0.000137351645082171));
#8711=CARTESIAN_POINT('',(-0.0203833695938745,0.0154955682694165,0.000483082734895889));
#8712=CARTESIAN_POINT('',(-0.0197981710311231,0.0156368308577313,0.00110484408447309));
#8713=CARTESIAN_POINT('',(-0.0191152276201077,0.0157993045941958,0.0019168739116423));
#8714=CARTESIAN_POINT('',(-0.018443544729543,0.0159593013483588,0.00274715078482924));
#8715=CARTESIAN_POINT('',(-0.0180008666019434,0.016065948055416,0.00330519664246786));
#8716=CARTESIAN_POINT('',(-0.0177802755760417,0.0161192869743846,0.00358473940011004));
#8717=CARTESIAN_POINT('',(-0.0307694270347423,0.0136689303734526,-0.000486859269920306));
#8718=CARTESIAN_POINT('',(-0.0305017169413124,0.0136988288705122,-0.000464277239945026));
#8719=CARTESIAN_POINT('',(-0.0299654865456675,0.0137593775378821,-0.000419494432584301));
#8720=CARTESIAN_POINT('',(-0.0291571808479236,0.0138538520883178,-0.000354139916061503));
#8721=CARTESIAN_POINT('',(-0.0283424675998403,0.013954375070064,-0.000291573560023241));
#8722=CARTESIAN_POINT('',(-0.0275193853045384,0.0140631831836431,-0.000232405355035894));
#8723=CARTESIAN_POINT('',(-0.0266869859424839,0.0141820698139422,-0.00017669400820906));
#8724=CARTESIAN_POINT('',(-0.0259859770252103,0.0142904597150154,-0.000132934446287084));
#8725=CARTESIAN_POINT('',(-0.0254919473273815,0.0143711501116597,-0.000103583959038829));
#8726=CARTESIAN_POINT('',(-0.0252086726769744,0.0144185451083934,-8.7225677652895E-5));
#8727=CARTESIAN_POINT('',(-0.0249956774135527,0.014454701405361,-7.51937387829427E-5));
#8728=CARTESIAN_POINT('',(-0.0248176556594156,0.0144853190699467,-6.54130648399306E-5));
#8729=CARTESIAN_POINT('',(-0.0246748592464249,0.0145100895944773,-5.77619943714076E-5));
#8730=CARTESIAN_POINT('',(-0.0245675583253184,0.0145287987844318,-5.21195245573145E-5));
#8731=CARTESIAN_POINT('',(-0.0244600343609612,0.0145476330816599,-4.65791919408323E-5));
#8732=CARTESIAN_POINT('',(-0.0243522671304084,0.0145665850235252,-4.1156978229072E-5));
#8733=CARTESIAN_POINT('',(-0.0242442356150505,0.0145856443881466,-3.58860275223787E-5));
#8734=CARTESIAN_POINT('',(-0.0240998087359112,0.0146111890404137,-2.91037520193404E-5));
#8735=CARTESIAN_POINT('',(-0.0239184914770353,0.0146433475378058,-2.11694943587841E-5));
#8736=CARTESIAN_POINT('',(-0.0236267412789035,0.0146951824914055,-1.00057563358325E-5));
#8737=CARTESIAN_POINT('',(-0.0232597649713644,0.0147609745908467,1.40325003581982E-6));
#8738=CARTESIAN_POINT('',(-0.0228869917115543,0.0148249397036778,1.73227509063685E-6));
#8739=CARTESIAN_POINT('',(-0.0225839553670968,0.0148724462600673,-6.47881333878768E-6));
#8740=CARTESIAN_POINT('',(-0.022355941501684,0.0149067863747375,-1.47363079258311E-5));
#8741=CARTESIAN_POINT('',(-0.0221289518912273,0.0149404645670562,-2.11191456227019E-5));
#8742=CARTESIAN_POINT('',(-0.0219042179933098,0.0149737381067171,-2.04614793267236E-5));
#8743=CARTESIAN_POINT('',(-0.0216834327250649,0.0150072455038337,-6.50957584936909E-6));
#8744=CARTESIAN_POINT('',(-0.0213968293787023,0.0150533973398633,3.83236692984724E-5));
#8745=CARTESIAN_POINT('',(-0.0210581809925473,0.0151168201021926,0.000156789538918685));
#8746=CARTESIAN_POINT('',(-0.0205583105613343,0.015230593373087,0.00050226083321773));
#8747=CARTESIAN_POINT('',(-0.0199748123358702,0.0153771857227374,0.00110066133757281));
#8748=CARTESIAN_POINT('',(-0.0192852888372409,0.015540041371774,0.00189089710997752));
#8749=CARTESIAN_POINT('',(-0.0186052807996662,0.0156996303155867,0.0027086147746465));
#8750=CARTESIAN_POINT('',(-0.0181564876191302,0.015805723794709,0.00326041725273738));
#8751=CARTESIAN_POINT('',(-0.0179329620786118,0.0158588427135876,0.0035370600201298));
#8752=CARTESIAN_POINT('',(-0.0309521370098,0.0134245311316081,-0.00049930810596731));
#8753=CARTESIAN_POINT('',(-0.0306830774212897,0.0134557184665316,-0.000476820688708728));
#8754=CARTESIAN_POINT('',(-0.03014412822161,0.0135188632950644,-0.000432175917033601));
#8755=CARTESIAN_POINT('',(-0.0293316492455266,0.0136173230995918,-0.000366788439375022));
#8756=CARTESIAN_POINT('',(-0.0285126392297618,0.0137219665873008,-0.000303845812554058));
#8757=CARTESIAN_POINT('',(-0.0276851460633463,0.0138350361405329,-0.000243925140639638));
#8758=CARTESIAN_POINT('',(-0.0268482417642881,0.0139582227699794,-0.00018722928242401));
#8759=CARTESIAN_POINT('',(-0.0261432204133783,0.0140700242289413,-0.000142656942328366));
#8760=CARTESIAN_POINT('',(-0.0256459107677669,0.0141529056791777,-0.000112932443711617));
#8761=CARTESIAN_POINT('',(-0.0253605522300346,0.0142014909859666,-9.6431722428794E-5));
#8762=CARTESIAN_POINT('',(-0.025145888786897,0.0142385140558451,-8.43257582931246E-5));
#8763=CARTESIAN_POINT('',(-0.0249664034711462,0.0142698229382005,-7.44878552416213E-5));
#8764=CARTESIAN_POINT('',(-0.0248224109564136,0.0142951227974412,-6.67940762872545E-5));
#8765=CARTESIAN_POINT('',(-0.0247142001097694,0.0143142190676739,-6.11199975349853E-5));
#8766=CARTESIAN_POINT('',(-0.0246057603199347,0.0143334305559252,-5.55549868409217E-5));
#8767=CARTESIAN_POINT('',(-0.0244970791946484,0.0143527510804032,-5.01114287769825E-5));
#8768=CARTESIAN_POINT('',(-0.0243881456752715,0.014372175465202,-4.47974719681864E-5));
#8769=CARTESIAN_POINT('',(-0.0242425557685836,0.0143982046845447,-3.79007066254599E-5));
#8770=CARTESIAN_POINT('',(-0.0240599195044821,0.0144309691809892,-2.96662652575549E-5));
#8771=CARTESIAN_POINT('',(-0.0237662831616899,0.0144838290636077,-1.7422446049483E-5));
#8772=CARTESIAN_POINT('',(-0.0233959245113397,0.0145500970027641,-5.02264845891106E-6));
#8773=CARTESIAN_POINT('',(-0.0230223990460928,0.01461614284138,1.4562783508176E-6));
#8774=CARTESIAN_POINT('',(-0.0227212589413135,0.0146674145708157,5.34139800674894E-7));
#8775=CARTESIAN_POINT('',(-0.0224951989713643,0.014705150513376,-3.07605638040801E-6));
#8776=CARTESIAN_POINT('',(-0.0222688866511449,0.0147413692550977,-7.1212182915165E-6));
#8777=CARTESIAN_POINT('',(-0.0220437241332444,0.0147762947802592,-6.32439421782444E-6));
#8778=CARTESIAN_POINT('',(-0.0218214947346283,0.014810483136092,5.88683487853705E-6));
#8779=CARTESIAN_POINT('',(-0.0215323196946845,0.0148566369303185,4.7360411848614E-5));
#8780=CARTESIAN_POINT('',(-0.0211890830717523,0.0149177812284339,0.000164567089821718));
#8781=CARTESIAN_POINT('',(-0.0206942181398699,0.0150365689726079,0.00050685302982445));
#8782=CARTESIAN_POINT('',(-0.020106775752845,0.0151824655854632,0.00108839605203877));
#8783=CARTESIAN_POINT('',(-0.0194126171660387,0.0153454291571205,0.00186478885429666));
#8784=CARTESIAN_POINT('',(-0.0187259704996477,0.0155043056714643,0.00267483758318543));
#8785=CARTESIAN_POINT('',(-0.0182733811018592,0.0156101859966483,0.00322235222953003));
#8786=CARTESIAN_POINT('',(-0.0180477970006647,0.0156631392857386,0.00349699346417421));
#8787=CARTESIAN_POINT('',(-0.0311318652660771,0.0131832007134047,-0.000510706894593641));
#8788=CARTESIAN_POINT('',(-0.0308615822731188,0.0132155712993209,-0.000488263265150534));
#8789=CARTESIAN_POINT('',(-0.0303201644476012,0.0132811077007385,-0.000443653752611728));
#8790=CARTESIAN_POINT('',(-0.0295038951204224,0.0133832632436962,-0.0003780772785577));
#8791=CARTESIAN_POINT('',(-0.0286809776028684,0.0134917624103888,-0.000314583567691295));
#8792=CARTESIAN_POINT('',(-0.027849464475221,0.0136088470344222,-0.00025370897806739));
#8793=CARTESIAN_POINT('',(-0.0270084121198761,0.0137361116435079,-0.000195744146657843));
#8794=CARTESIAN_POINT('',(-0.0262996397751648,0.0138512220710792,-0.00015004631003367));
#8795=CARTESIAN_POINT('',(-0.0257993565018938,0.0139363420785914,-0.000119690082563311));
#8796=CARTESIAN_POINT('',(-0.0255122108607672,0.0139861961937743,-0.000102897831563806));
#8797=CARTESIAN_POINT('',(-0.0252961815134474,0.0140241673841339,-9.06113607429234E-5));
#8798=CARTESIAN_POINT('',(-0.0251155631778283,0.0140562712150065,-8.06638062946438E-5));
#8799=CARTESIAN_POINT('',(-0.0249706895905903,0.0140822170180134,-7.29051315504015E-5));
#8800=CARTESIAN_POINT('',(-0.0248618409055211,0.0141018039554919,-6.71934330735381E-5));
#8801=CARTESIAN_POINT('',(-0.0247527946320629,0.0141215152551708,-6.15956627187872E-5));
#8802=CARTESIAN_POINT('',(-0.0246435483075232,0.0141413477852959,-5.61198756266466E-5));
#8803=CARTESIAN_POINT('',(-0.024534101247642,0.0141612980394855,-5.07774631162941E-5));
#8804=CARTESIAN_POINT('',(-0.0243879043276799,0.0141880515953652,-4.38468213674434E-5));
#8805=CARTESIAN_POINT('',(-0.0242046571963957,0.0142217737392565,-3.55755835054964E-5));
#8806=CARTESIAN_POINT('',(-0.0239104312909742,0.0142762644944055,-2.34145290211392E-5));
#8807=CARTESIAN_POINT('',(-0.023541109680951,0.0143454212259015,-1.04710491576304E-5));
#8808=CARTESIAN_POINT('',(-0.0231706025341528,0.0144157162650338,-2.4977433370787E-6));
#8809=CARTESIAN_POINT('',(-0.0228705455044458,0.0144704240094272,5.72827446292373E-7));
#8810=CARTESIAN_POINT('',(-0.0226451617272482,0.014510899702051,5.75532847431597E-7));
#8811=CARTESIAN_POINT('',(-0.0224197592152059,0.0145500554097781,-5.55243719515229E-7));
#8812=CARTESIAN_POINT('',(-0.0221933557018662,0.014586479102989,9.37440926261114E-7));
#8813=CARTESIAN_POINT('',(-0.0219690117600238,0.0146214127824985,1.11470280544303E-5));
#8814=CARTESIAN_POINT('',(-0.0216781127863224,0.0146686769489057,4.64800767575701E-5));
#8815=CARTESIAN_POINT('',(-0.0213373565128266,0.0147335392795526,0.000152929673154592));
#8816=CARTESIAN_POINT('',(-0.0208327355125981,0.0148462915540423,0.000497103021428407));
#8817=CARTESIAN_POINT('',(-0.0202413834037483,0.0149891370642066,0.00106381844604995));
#8818=CARTESIAN_POINT('',(-0.0195387132940649,0.0151502567961222,0.00183283511389769));
#8819=CARTESIAN_POINT('',(-0.0188466416555807,0.01530860484291,0.00263711535301705));
#8820=CARTESIAN_POINT('',(-0.0183902886126203,0.0154142236448955,0.00318054520395014));
#8821=CARTESIAN_POINT('',(-0.0181629298663529,0.0154670458942776,0.00345368164034117));
#8822=CARTESIAN_POINT('',(-0.0313089961492064,0.0129446087488115,-0.00052114835147611));
#8823=CARTESIAN_POINT('',(-0.0310376145225456,0.0129780582414364,-0.000498703619515067));
#8824=CARTESIAN_POINT('',(-0.0304939769881673,0.0130457828818877,-0.000454040099633171));
#8825=CARTESIAN_POINT('',(-0.0296742869721853,0.0131513562066102,-0.000388133690589303));
#8826=CARTESIAN_POINT('',(-0.0288478278399753,0.0132634708872328,-0.000323931328688132));
#8827=CARTESIAN_POINT('',(-0.0280126528570179,0.0133843711043364,-0.000261911039646016));
#8828=CARTESIAN_POINT('',(-0.0271677998802242,0.013515579025411,-0.000202412097957707));
#8829=CARTESIAN_POINT('',(-0.0264556082221092,0.0136340107595318,-0.000155270912350143));
#8830=CARTESIAN_POINT('',(-0.0259527910434818,0.0137215163828141,-0.000123989269403301));
#8831=CARTESIAN_POINT('',(-0.0256642144619745,0.0137727763543975,-0.000106726530958385));
#8832=CARTESIAN_POINT('',(-0.0254471479096872,0.0138118343881649,-9.41275503617339E-5));
#8833=CARTESIAN_POINT('',(-0.0252657274409981,0.0138448814495956,-8.39598318558262E-5));
#8834=CARTESIAN_POINT('',(-0.0251202755216351,0.0138716123850386,-7.60549522660801E-5));
#8835=CARTESIAN_POINT('',(-0.025011030642821,0.0138918062866953,-7.02493912776775E-5));
#8836=CARTESIAN_POINT('',(-0.0249016333057894,0.0139121450074231,-6.45771166148611E-5));
#8837=CARTESIAN_POINT('',(-0.0247920880953973,0.0139326279854812,-5.90490708203312E-5));
#8838=CARTESIAN_POINT('',(-0.0246824008520511,0.01395325518914,-5.36762284350204E-5));
#8839=CARTESIAN_POINT('',(-0.0245359720498148,0.0139809502386096,-4.67368315778178E-5));
#8840=CARTESIAN_POINT('',(-0.0243526248277365,0.0140159289361274,-3.85202621659259E-5));
#8841=CARTESIAN_POINT('',(-0.0240587374181899,0.0140726787420505,-2.64886306409399E-5));
#8842=CARTESIAN_POINT('',(-0.0236906741075497,0.0141450881986238,-1.39935701330752E-5));
#8843=CARTESIAN_POINT('',(-0.0233202447378162,0.014218216584393,-5.44808358019042E-6));
#8844=CARTESIAN_POINT('',(-0.0230227003085925,0.0142764789401729,-1.52212999334194E-6));
#8845=CARTESIAN_POINT('',(-0.0227994973773924,0.0143199650659498,1.13442368484228E-7));
#8846=CARTESIAN_POINT('',(-0.0225746627223277,0.0143613970217158,8.50352900941265E-10));
#8847=CARTESIAN_POINT('',(-0.0223492831524827,0.0144004886824563,4.60874921127171E-7));
#8848=CARTESIAN_POINT('',(-0.0221278365818392,0.0144389766503559,7.24305910412967E-6));
#8849=CARTESIAN_POINT('',(-0.0218376595970715,0.0144889619685575,3.84198525804017E-5));
#8850=CARTESIAN_POINT('',(-0.0214881797359381,0.0145505181443996,0.000138004144540062));
#8851=CARTESIAN_POINT('',(-0.0209803955520228,0.0146603005842531,0.00047260476918086));
#8852=CARTESIAN_POINT('',(-0.0203766488967671,0.0147967895323125,0.00102539902260991));
#8853=CARTESIAN_POINT('',(-0.0196640879541423,0.0149545139810833,0.00179894661825122));
#8854=CARTESIAN_POINT('',(-0.0189670710079765,0.0151126238982039,0.0025947594136467));
#8855=CARTESIAN_POINT('',(-0.0185073478216881,0.0152178726040499,0.00313691657760536));
#8856=CARTESIAN_POINT('',(-0.0182784458043823,0.0152706289852428,0.00340808549225724));
#8857=CARTESIAN_POINT('',(-0.031483892243979,0.0127084280724646,-0.000530736338698562));
#8858=CARTESIAN_POINT('',(-0.0312115347901282,0.0127428531691362,-0.000508252865314584));
#8859=CARTESIAN_POINT('',(-0.0306659204257068,0.0128125663634991,-0.000463460006814));
#8860=CARTESIAN_POINT('',(-0.0298431611407106,0.0129212940664852,-0.0003971040676526));
#8861=CARTESIAN_POINT('',(-0.0290134961784878,0.0130368124808628,-0.000332058407950833));
#8862=CARTESIAN_POINT('',(-0.0281749863178295,0.0131613741594282,-0.000268729191690926));
#8863=CARTESIAN_POINT('',(-0.0273266668654173,0.0132964571918116,-0.000207476584748132));
#8864=CARTESIAN_POINT('',(-0.0266114266696965,0.0134182853626003,-0.000158623319616926));
#8865=CARTESIAN_POINT('',(-0.0261064962561642,0.0135083383527788,-0.000126161184781047));
#8866=CARTESIAN_POINT('',(-0.0258167816012723,0.0135611317667639,-0.000108265527438416));
#8867=CARTESIAN_POINT('',(-0.0255989201062419,0.0136013878538666,-9.52238201311802E-5));
#8868=CARTESIAN_POINT('',(-0.025416910026875,0.0136354823051297,-8.47262977803649E-5));
#8869=CARTESIAN_POINT('',(-0.0252710452750356,0.0136630864285973,-7.65893879226998E-5));
#8870=CARTESIAN_POINT('',(-0.0251615247103219,0.0136839541050668,-7.06285109387758E-5));
#8871=CARTESIAN_POINT('',(-0.0250518893430358,0.0137049870393249,-6.48212479017057E-5));
#8872=CARTESIAN_POINT('',(-0.0249421476339575,0.0137261861333032,-5.91804916253414E-5));
#8873=CARTESIAN_POINT('',(-0.0248323092888419,0.0137475523475677,-5.37206172996005E-5));
#8874=CARTESIAN_POINT('',(-0.024685743493553,0.0137762650892665,-4.67017305284031E-5));
#8875=CARTESIAN_POINT('',(-0.0245023492399784,0.0138125800340643,-3.84558215793278E-5));
#8876=CARTESIAN_POINT('',(-0.0242086383388869,0.0138715852120307,-2.65834086148643E-5));
#8877=CARTESIAN_POINT('',(-0.023841059738612,0.0139469324854738,-1.45075089921253E-5));
#8878=CARTESIAN_POINT('',(-0.0234736891690017,0.0140241442030933,-6.86314231103423E-6));
#8879=CARTESIAN_POINT('',(-0.0231809344535583,0.0140865705171072,-2.9310447395162E-6));
#8880=CARTESIAN_POINT('',(-0.0229617369825141,0.0141330717471863,-8.44981010389521E-7));
#8881=CARTESIAN_POINT('',(-0.0227429348186791,0.01417876829994,8.91043153373496E-7));
#8882=CARTESIAN_POINT('',(-0.0225219636463121,0.0142217842872297,-1.00799201023559E-6));
#8883=CARTESIAN_POINT('',(-0.0222997936468189,0.0142615694155377,-1.92127614958084E-7));
#8884=CARTESIAN_POINT('',(-0.0220087132492042,0.0143133660433507,-4.34172414260281E-6));
#8885=CARTESIAN_POINT('',(-0.021663767436526,0.0143793090992669,0.000116122293677151));
#8886=CARTESIAN_POINT('',(-0.0211367957979735,0.0144785106627603,0.000412993769591863));
#8887=CARTESIAN_POINT('',(-0.0205086525972736,0.0146028037381677,0.000996919493819958));
#8888=CARTESIAN_POINT('',(-0.0197894193656965,0.0147589382338683,0.00175693404493366));
#8889=CARTESIAN_POINT('',(-0.0190870076450915,0.0149160997401181,0.00255410113274583));
#8890=CARTESIAN_POINT('',(-0.0186248025699738,0.0150213733113244,0.00309090274336574));
#8891=CARTESIAN_POINT('',(-0.0183945343061967,0.0150740308607319,0.00336121468295164));
#8892=CARTESIAN_POINT('',(-0.0316568982073882,0.0124743316362262,-0.000539583731406225));
#8893=CARTESIAN_POINT('',(-0.0313836834586613,0.0125096315213003,-0.000517031255875767));
#8894=CARTESIAN_POINT('',(-0.0308363255300256,0.012581139184662,-0.000472048969630235));
#8895=CARTESIAN_POINT('',(-0.0300108225372535,0.0126927770434031,-0.000405147740924191));
#8896=CARTESIAN_POINT('',(-0.0291782523276445,0.0128115181891359,-0.000339151474180685));
#8897=CARTESIAN_POINT('',(-0.0283366999456455,0.0129396268708399,-0.000274389217777089));
#8898=CARTESIAN_POINT('',(-0.0274852276093763,0.0130785603185344,-0.000211227051522271));
#8899=CARTESIAN_POINT('',(-0.0267672963818211,0.0132038767743359,-0.00016048117995894));
#8900=CARTESIAN_POINT('',(-0.0262605783771582,0.0132965988057259,-0.000126670182476439));
#8901=CARTESIAN_POINT('',(-0.0259699125332035,0.0133510002692546,-0.000108031365477156));
#8902=CARTESIAN_POINT('',(-0.0257513852845596,0.0133925080318015,-9.44577560347722E-5));
#8903=CARTESIAN_POINT('',(-0.0255688700996603,0.0134276859106736,-8.35491757774256E-5));
#8904=CARTESIAN_POINT('',(-0.0254226362770596,0.0134561811972002,-7.51106106438803E-5));
#8905=CARTESIAN_POINT('',(-0.0253128570197356,0.013477729303382,-6.89389651379688E-5));
#8906=CARTESIAN_POINT('',(-0.0252029816794491,0.0134994541408067,-6.29390152093691E-5));
#8907=CARTESIAN_POINT('',(-0.0250930187331975,0.0135213557310609,-5.71262522425045E-5));
#8908=CARTESIAN_POINT('',(-0.0249829772852232,0.0135434339884746,-5.15170411951216E-5));
#8909=CARTESIAN_POINT('',(-0.024836163684487,0.0135731065895377,-4.4333073557295E-5));
#8910=CARTESIAN_POINT('',(-0.0246525006644133,0.0136106352525909,-3.59533589816353E-5));
#8911=CARTESIAN_POINT('',(-0.02435844474813,0.0136715959349226,-2.4027396647188E-5));
#8912=CARTESIAN_POINT('',(-0.0239907959631403,0.0137494555816345,-1.23220145663333E-5));
#8913=CARTESIAN_POINT('',(-0.0236241824289231,0.0138291956111765,-5.68692829445647E-6));
#8914=CARTESIAN_POINT('',(-0.0233321306421735,0.0138932925047659,-3.27343755858467E-6));
#8915=CARTESIAN_POINT('',(-0.023113728003818,0.0139411426541435,-2.44174048542965E-6));
#8916=CARTESIAN_POINT('',(-0.0228953698679621,0.0139879567250986,-1.63254637841961E-6));
#8917=CARTESIAN_POINT('',(-0.0226779805102742,0.0140336282211882,3.66398962256326E-6));
#8918=CARTESIAN_POINT('',(-0.0224632721413574,0.0140786878128854,-1.15857011156453E-6));
#8919=CARTESIAN_POINT('',(-0.0221809221101595,0.0141370612683545,6.67914576033815E-6));
#8920=CARTESIAN_POINT('',(-0.0218323437713543,0.0142028547365404,8.70654614750529E-5));
#8921=CARTESIAN_POINT('',(-0.0212820609423322,0.0142901538168278,0.000391081889112444));
#8922=CARTESIAN_POINT('',(-0.0206377948488876,0.014407942178572,0.00096205127617331));
#8923=CARTESIAN_POINT('',(-0.0199138389875653,0.0145629271812704,0.00171997335205046));
#8924=CARTESIAN_POINT('',(-0.0192071843329875,0.0147196346803495,0.00251001258524484));
#8925=CARTESIAN_POINT('',(-0.0187428447163025,0.0148248244165513,0.00304538211020063));
#8926=CARTESIAN_POINT('',(-0.0185113999512843,0.0148774180852629,0.00331401058138885));
#8927=CARTESIAN_POINT('',(-0.031828343968441,0.0122419909071352,-0.000547808680341853));
#8928=CARTESIAN_POINT('',(-0.0315543837928607,0.0122780690792998,-0.000525164229436305));
#8929=CARTESIAN_POINT('',(-0.0310055005066439,0.0123511864648798,-0.000479948131605186));
#8930=CARTESIAN_POINT('',(-0.0301775446697936,0.0124655158135562,-0.000412430119026667));
#8931=CARTESIAN_POINT('',(-0.0293423287642958,0.0125873311960043,-0.000345404454973692));
#8932=CARTESIAN_POINT('',(-0.0284979878362621,0.0127189048024362,-0.000279127306085298));
#8933=CARTESIAN_POINT('',(-0.0276436449408676,0.0128616878063357,-0.000213970083267992));
#8934=CARTESIAN_POINT('',(-0.0269233348710383,0.0129905733133663,-0.00016125484951763));
#8935=CARTESIAN_POINT('',(-0.0264150606738352,0.0130860317402769,-0.00012603796944314));
#8936=CARTESIAN_POINT('',(-0.0261235527883777,0.0131420666026739,-0.00010662166702062));
#8937=CARTESIAN_POINT('',(-0.0259044194198617,0.0131848320902403,-9.24884362626171E-5));
#8938=CARTESIAN_POINT('',(-0.0257214190831674,0.0132210809874738,-8.11433452281201E-5));
#8939=CARTESIAN_POINT('',(-0.0255748055005981,0.0132504420510898,-7.23802622993436E-5));
#8940=CARTESIAN_POINT('',(-0.0254647441868762,0.0132726421891116,-6.59795443014779E-5));
#8941=CARTESIAN_POINT('',(-0.0253545874715379,0.0132950196426514,-5.97665956103299E-5));
#8942=CARTESIAN_POINT('',(-0.0252443413178103,0.0133175718589681,-5.37587737958955E-5));
#8943=CARTESIAN_POINT('',(-0.0251340118858655,0.0133402956044086,-4.79746842019144E-5));
#8944=CARTESIAN_POINT('',(-0.0249868033181647,0.0133708173229425,-4.05869575376425E-5));
#8945=CARTESIAN_POINT('',(-0.0248026160630631,0.01340937613575,-3.20115379975525E-5));
#8946=CARTESIAN_POINT('',(-0.0245076121432413,0.0134718664452835,-1.99322231342978E-5));
#8947=CARTESIAN_POINT('',(-0.0241384245022729,0.0135512767256977,-8.33851290976207E-6));
#8948=CARTESIAN_POINT('',(-0.023768920072244,0.0136314154005456,-2.35071765743644E-6));
#8949=CARTESIAN_POINT('',(-0.0234729526109622,0.0136947533107157,-5.57428239880177E-7));
#8950=CARTESIAN_POINT('',(-0.0232506815452629,0.0137414252322457,-3.56682816502959E-7));
#8951=CARTESIAN_POINT('',(-0.0230284741173679,0.0137870126727856,-9.23765867859912E-7));
#8952=CARTESIAN_POINT('',(-0.0228067888656506,0.0138312452414783,-4.94315873672806E-6));
#8953=CARTESIAN_POINT('',(-0.0225864380097521,0.0138737736308534,-4.1643867294116E-6));
#8954=CARTESIAN_POINT('',(-0.0222969931600647,0.0139287881593364,1.20094670813856E-5));
#8955=CARTESIAN_POINT('',(-0.0219487839131233,0.0139963877408422,9.655791107974E-5));
#8956=CARTESIAN_POINT('',(-0.0214058519617564,0.0140913229548613,0.000392843938267685));
#8957=CARTESIAN_POINT('',(-0.0207663686188726,0.014213015321448,0.000934635201814956));
#8958=CARTESIAN_POINT('',(-0.0200372304157999,0.014366708910206,0.0016829699064343));
#8959=CARTESIAN_POINT('',(-0.0193284314553056,0.0145235762722622,0.00246714714899566));
#8960=CARTESIAN_POINT('',(-0.0188616954428287,0.0146284493822312,0.00299954479600729));
#8961=CARTESIAN_POINT('',(-0.0186293104873213,0.0146809923324406,0.0032671306005343));
#8962=CARTESIAN_POINT('',(-0.0320552823817498,0.0119341041418453,-0.000558102534582294));
#8963=CARTESIAN_POINT('',(-0.0317804611241421,0.0119711036956791,-0.000535314036841627));
#8964=CARTESIAN_POINT('',(-0.0312298068309971,0.0120461399257369,-0.000489747458235133));
#8965=CARTESIAN_POINT('',(-0.0303989060780948,0.0121638137905375,-0.00042134190857564));
#8966=CARTESIAN_POINT('',(-0.0295604491646437,0.0122895732855759,-0.000352873788687808));
#8967=CARTESIAN_POINT('',(-0.0287126737152983,0.012425690872509,-0.000284519562615701));
#8968=CARTESIAN_POINT('',(-0.0278548279599303,0.0125736192188961,-0.000216674283451464));
#8969=CARTESIAN_POINT('',(-0.0271316931868289,0.0127073434286373,-0.000161359100078392));
#8970=CARTESIAN_POINT('',(-0.0266215853154894,0.0128064928546941,-0.000124338794850042));
#8971=CARTESIAN_POINT('',(-0.0263290703614476,0.01286470889237,-0.000103947006741713));
#8972=CARTESIAN_POINT('',(-0.0261091973538095,0.0129091379871926,-8.91254529498532E-5));
#8973=CARTESIAN_POINT('',(-0.0259255855251352,0.0129467855626746,-7.72577276287193E-5));
#8974=CARTESIAN_POINT('',(-0.0257784773779082,0.0129772634088657,-6.81171688685991E-5));
#8975=CARTESIAN_POINT('',(-0.025668039503584,0.0130002969898887,-6.14562672561999E-5));
#8976=CARTESIAN_POINT('',(-0.0255574971243911,0.01302350009693,-5.50089373385228E-5));
#8977=CARTESIAN_POINT('',(-0.0254468520007084,0.0130468659403337,-4.87954967658228E-5));
#8978=CARTESIAN_POINT('',(-0.025336105268136,0.0130703864445929,-4.28374173329404E-5));
#8979=CARTESIAN_POINT('',(-0.025188308015347,0.0131019404911776,-3.52641249101279E-5));
#8980=CARTESIAN_POINT('',(-0.0250033072225467,0.0131417170126725,-2.65526600328283E-5));
#8981=CARTESIAN_POINT('',(-0.0247067385477521,0.0132059159578028,-1.44886372275624E-5));
#8982=CARTESIAN_POINT('',(-0.0243348612997878,0.0132868080827322,-3.44938896409443E-6));
#8983=CARTESIAN_POINT('',(-0.0239608011488954,0.0133669243924913,1.08007528317085E-6));
#8984=CARTESIAN_POINT('',(-0.0236598266358478,0.0134291338825304,4.77980887338397E-7));
#8985=CARTESIAN_POINT('',(-0.0234333437838862,0.0134745230941804,-2.00781565631467E-6));
#8986=CARTESIAN_POINT('',(-0.0232062812618619,0.0135182814734635,-6.19841769440577E-6));
#8987=CARTESIAN_POINT('',(-0.0229794659446412,0.0135603318514975,-7.52618958069391E-6));
#8988=CARTESIAN_POINT('',(-0.0227546746355715,0.0136012694827121,-5.36775362583453E-6));
#8989=CARTESIAN_POINT('',(-0.0224606850812261,0.0136554573951835,1.28594730932565E-5));
#8990=CARTESIAN_POINT('',(-0.0221045202503821,0.0137209520141622,0.000102060765019907));
#8991=CARTESIAN_POINT('',(-0.0215721208153535,0.0138272172814312,0.000396942063304809));
#8992=CARTESIAN_POINT('',(-0.0209371967858171,0.0139533957989149,0.000900396744925016));
#8993=CARTESIAN_POINT('',(-0.0202040638532178,0.014106522545916,0.00163531814317411));
#8994=CARTESIAN_POINT('',(-0.0194910664316393,0.0142626350913421,0.00240990007458625));
#8995=CARTESIAN_POINT('',(-0.0190219615631264,0.0143672598748911,0.00293943211415753));
#8996=CARTESIAN_POINT('',(-0.0187882968900607,0.0144196287123353,0.00320527505318697));
#8997=CARTESIAN_POINT('',(-0.0322240750282633,0.0117048448652819,-0.000565230300435329));
#8998=CARTESIAN_POINT('',(-0.0319487374751468,0.0117424212906019,-0.000542316849738334));
#8999=CARTESIAN_POINT('',(-0.031396993362053,0.0118186836193542,-0.000496468333910225));
#9000=CARTESIAN_POINT('',(-0.0305641684686629,0.0119386572888824,-0.000427349418857272));
#9001=CARTESIAN_POINT('',(-0.0297235369602754,0.0120672443940232,-0.000357754377781223));
#9002=CARTESIAN_POINT('',(-0.0288734435714726,0.0122067124783499,-0.000287823290456458));
#9003=CARTESIAN_POINT('',(-0.0280132748923006,0.0123585172244428,-0.000218002834751215));
#9004=CARTESIAN_POINT('',(-0.0272883469880345,0.0124959331267416,-0.000160872751408565));
#9005=CARTESIAN_POINT('',(-0.0267771261539269,0.0125978862177899,-0.000122706303073481));
#9006=CARTESIAN_POINT('',(-0.026484016737426,0.0126577498810034,-0.000101748556935131));
#9007=CARTESIAN_POINT('',(-0.0262637173618251,0.0127034306456336,-8.65639411339117E-5));
#9008=CARTESIAN_POINT('',(-0.026079764557433,0.0127421272210219,-7.44614016106177E-5));
#9009=CARTESIAN_POINT('',(-0.0259323906774978,0.0127734423954106,-6.51853569260423E-5));
#9010=CARTESIAN_POINT('',(-0.025821756689582,0.0127971014817926,-5.84524185223249E-5));
#9011=CARTESIAN_POINT('',(-0.0257110210490161,0.0128209259989339,-5.19662294275942E-5));
#9012=CARTESIAN_POINT('',(-0.0256001853438811,0.0128449075004274,-4.57510567997499E-5));
#9013=CARTESIAN_POINT('',(-0.0254892507821511,0.0128690362133858,-3.98328301088155E-5));
#9014=CARTESIAN_POINT('',(-0.0253412072777416,0.0129013891594296,-3.23744121834522E-5));
#9015=CARTESIAN_POINT('',(-0.0251559087660994,0.0129421384380828,-2.39346740404733E-5));
#9016=CARTESIAN_POINT('',(-0.0248589083561055,0.0130078287925359,-1.26487135828366E-5));
#9017=CARTESIAN_POINT('',(-0.0244866717347878,0.0130904783069966,-3.35023187350309E-6));
#9018=CARTESIAN_POINT('',(-0.0241132812250011,0.01317252456796,-2.1895270038339E-6));
#9019=CARTESIAN_POINT('',(-0.0238146892784861,0.013237029565754,-6.40441631862953E-6));
#9020=CARTESIAN_POINT('',(-0.0235912646776508,0.0132847157532748,-1.16943635543112E-5));
#9021=CARTESIAN_POINT('',(-0.0233691456809261,0.0133317253704053,-1.7540090011153E-5));
#9022=CARTESIAN_POINT('',(-0.0231492390024889,0.0133781422811102,-2.25600641969829E-5));
#9023=CARTESIAN_POINT('',(-0.0229321469214611,0.0134238249519129,-2.10327705538732E-5));
#9024=CARTESIAN_POINT('',(-0.022645668883305,0.0134827284323104,-1.66411932521308E-6));
#9025=CARTESIAN_POINT('',(-0.0222885857415188,0.0135496984592043,7.11741125547869E-5));
#9026=CARTESIAN_POINT('',(-0.0217250293307259,0.0136433499098887,0.000356273125460604));
#9027=CARTESIAN_POINT('',(-0.0210728773985259,0.0137630130976774,0.000875293090353137));
#9028=CARTESIAN_POINT('',(-0.0203328064915696,0.013913431696176,0.00159671482832453));
#9029=CARTESIAN_POINT('',(-0.01961539602822,0.0140681283334666,0.00236839540301774));
#9030=CARTESIAN_POINT('',(-0.0191443191359948,0.0141722639468411,0.00289470224277111));
#9031=CARTESIAN_POINT('',(-0.018909773566805,0.0142244400658864,0.0031596453346647));
#9032=CARTESIAN_POINT('',(-0.0323362481787398,0.0115524493353576,-0.000569799473426449));
#9033=CARTESIAN_POINT('',(-0.0320605774754658,0.0115904012684247,-0.00054680074405779));
#9034=CARTESIAN_POINT('',(-0.0315081578471439,0.0116674340748427,-0.000500765344285575));
#9035=CARTESIAN_POINT('',(-0.0306741319318161,0.0117888849055408,-0.00043116010139811));
#9036=CARTESIAN_POINT('',(-0.0298321300271172,0.0119193199733149,-0.000360808414620422));
#9037=CARTESIAN_POINT('',(-0.0289805747713327,0.0120610065790546,-0.000289833725877648));
#9038=CARTESIAN_POINT('',(-0.0281189598262538,0.0122154009579944,-0.000218736792223591));
#9039=CARTESIAN_POINT('',(-0.0273929539446864,0.0123552957183502,-0.000160486332360098));
#9040=CARTESIAN_POINT('',(-0.0268811247124873,0.0124591452539097,-0.000121682873699546));
#9041=CARTESIAN_POINT('',(-0.0265877258728705,0.012520133883041,-0.000100449285479601));
#9042=CARTESIAN_POINT('',(-0.0263672438819717,0.0125666774788466,-8.51162526961488E-5));
#9043=CARTESIAN_POINT('',(-0.0261831733859112,0.0126061077370916,-7.2952978842248E-5));
#9044=CARTESIAN_POINT('',(-0.0260357309942292,0.012638018167706,-6.36763638807996E-5));
#9045=CARTESIAN_POINT('',(-0.0259250600536099,0.0126621278550765,-5.69698997590967E-5));
#9046=CARTESIAN_POINT('',(-0.0258143038360127,0.0126864072305752,-5.05402511050317E-5));
#9047=CARTESIAN_POINT('',(-0.02570346626344,0.0127108481061135,-4.44151079647247E-5));
#9048=CARTESIAN_POINT('',(-0.0255925513633191,0.0127354411989478,-3.86240385051055E-5));
#9049=CARTESIAN_POINT('',(-0.025444567334005,0.0127684209878611,-3.13899744619986E-5));
#9050=CARTESIAN_POINT('',(-0.0252594155800407,0.0128099706799432,-2.33443908709955E-5));
#9051=CARTESIAN_POINT('',(-0.0249628630203301,0.0128769973536832,-1.29783748628732E-5));
#9052=CARTESIAN_POINT('',(-0.024591725758942,0.0129614726656366,-5.48269366465936E-6));
#9053=CARTESIAN_POINT('',(-0.0242208101308523,0.0130458610960046,-7.20229580192418E-6));
#9054=CARTESIAN_POINT('',(-0.0239254236440126,0.0131127729767661,-1.4199660069204E-5));
#9055=CARTESIAN_POINT('',(-0.0237050423571732,0.0131625608962205,-2.16285130193289E-5));
#9056=CARTESIAN_POINT('',(-0.0234863480909307,0.0132118522161224,-2.99395181552445E-5));
#9057=CARTESIAN_POINT('',(-0.0232696911615929,0.0132604297632478,-3.62732398480623E-5));
#9058=CARTESIAN_POINT('',(-0.0230548216904418,0.0133077556161889,-3.61703169309683E-5));
#9059=CARTESIAN_POINT('',(-0.0227692183846345,0.0133679155784601,-1.86967139212636E-5));
#9060=CARTESIAN_POINT('',(-0.0224109751147905,0.0134352318786033,5.48740690603307E-5));
#9061=CARTESIAN_POINT('',(-0.0218392494139595,0.01352688036334,0.000326788238664909));
#9062=CARTESIAN_POINT('',(-0.02116883201729,0.0136388574853386,0.000851073242062898));
#9063=CARTESIAN_POINT('',(-0.0204212071202083,0.0137860690484846,0.0015709175965213));
#9064=CARTESIAN_POINT('',(-0.0196993823454379,0.0139390075135766,0.00233985435389729));
#9065=CARTESIAN_POINT('',(-0.0192269897621977,0.0140427907549094,0.0028650749468591));
#9066=CARTESIAN_POINT('',(-0.0189917846072443,0.0140947922610538,0.00312927765722873));
#9067=MECHANICAL_DESIGN_GEOMETRIC_PRESENTATION_REPRESENTATION('',(#3031),
#9068);
#9068=(
GEOMETRIC_REPRESENTATION_CONTEXT(3)
GLOBAL_UNCERTAINTY_ASSIGNED_CONTEXT((#9069))
GLOBAL_UNIT_ASSIGNED_CONTEXT((#9072,#9071,#9070))
REPRESENTATION_CONTEXT('LeftWristCameraMountFull',
'TOP_LEVEL_ASSEMBLY_PART')
);
#9069=UNCERTAINTY_MEASURE_WITH_UNIT(LENGTH_MEASURE(3.47254530918242E-5),
#9072,'DISTANCE_ACCURACY_VALUE','Maximum Tolerance applied to model');
#9070=(
NAMED_UNIT(*)
SI_UNIT($,.STERADIAN.)
SOLID_ANGLE_UNIT()
);
#9071=(
NAMED_UNIT(*)
PLANE_ANGLE_UNIT()
SI_UNIT($,.RADIAN.)
);
#9072=(
LENGTH_UNIT()
NAMED_UNIT(*)
SI_UNIT($,.METRE.)
);
#9073=PRODUCT_DEFINITION_SHAPE('','',#9074);
#9074=PRODUCT_DEFINITION('','',#9076,#9075);
#9075=PRODUCT_DEFINITION_CONTEXT('',#9082,'design');
#9076=PRODUCT_DEFINITION_FORMATION_WITH_SPECIFIED_SOURCE('','',#9078,
 .NOT_KNOWN.);
#9077=PRODUCT_RELATED_PRODUCT_CATEGORY('','',(#9078));
#9078=PRODUCT('LeftWristCameraMountFull','LeftWristCameraMountFull',
'LeftWristCameraMountFull',(#9080));
#9079=PRODUCT_CATEGORY('','');
#9080=PRODUCT_CONTEXT('',#9082,'mechanical');
#9081=APPLICATION_PROTOCOL_DEFINITION('international standard',
'ap242_managed_model_based_3d_engineering',2020,#9082);
#9082=APPLICATION_CONTEXT('managed model based 3d engineering');
ENDSEC;
END-ISO-10303-21;
